review_id,movie_title,genre,release_year,reviewer,rating,review_date,review_text
1,Baby Face,Drama,1933,CinemaSerf,7,2022-09-24,"Barbara Stanwyck is at the top of her game in this cracking story of a young girl ""Lily"" who thanks to her pal ""Cragg"" (Alphonse Ethier) and some ideology from Nietzsche quickly discovers that she can use her femininity and her brains to get on in life. When her exploitative father has a rather unfortunate accident with a still, she heads to the big city where she shrewdly works her way through the bosses (including a young John Wayne) right to the top - accumulating wealth and wrecking relationships and marriages as she goes. Will she manage to get away with it all, or will she get her comeuppance? Well you will have to watch and see, but along the way we get a frequently humorous depiction of a lady who knows exactly how to manipulate these shallow, fickle and all-too-often stupidly horny men for her own advantage. She is not ruthless with everyone, though. She stays friends with her old companion ""Chico"" (Theresa Harris) whose observations and gentle ditties pepper the relentlessnes"
2,The Godfather,Drama,1972,futuretv,10,2014-04-10,"The Godfather Review by Al Carlson    The Godfather is a film considered by most to be one of the greatest ever made. From The American Film Institute to as voted by users on the Internet Movie Database (IMDB) it is consider to be one of the best. As a film that ranks as high as other masterpieces including Citizen Kane, Pulp Fiction and 12 Angry Men, The Godfather is an exceptional piece of cinema excellence that is flawless and is simply the pinnacle crime drama.  The Godfather revolves around the Corleone’s, an Italian family with deep roots in the New York City mafia. The head of the Corleone’s is Don Vito Corleone, a man who takes care of his family and demands respect in return. His son Michael however, who just returned home from World War II, doesn’t want to become involved with the family business. The Sollozzo’s, a family of drug dealers, confront Don and request protection in exchange for profits from the Sollozzo’s drug sales. But Don declines the offer, for he is against s"
3,The Godfather,Drama,1972,crastana,10,2022-07-18,"The best movie ever...  A masterpiece by the young and talented Francis Ford Coppola, about a Mob family and their drama, the story telling is perfect, the acting good, sometimes a little over the top in the case of Thalia Shire (the sister of the director)    The 70's were the best years for Hollywood."
4,The Godfather,Drama,1972,drystyx,1,2023-04-02,"While I'm writing this, The Godfather is still beloved by people who love it simply because they are told they have to love it.   It's written by a mobster with the sole intention of depicting the lead mobsters as demi gods. Every line and every scene in the movie and the book is meant to intimidate people into thinking the ""Mafia"" and really any mob, is a supernatural force.  This is a movie glorifying control freaks, and most critics are control freaks, and most critics are either in the mob or think they can join the mob.  The movie itself is dull and totally uninspiring, not to mention totally uninspired. For fifty years, the sheep have been cowing to the control freaks who tell them to love this movie that degrades them.   There just isn't anything favorable about this movie. It owes its success to people who have interests in the movie or think they can get brownie points with such people. It's totally Hollywood in its depressing nature, and even in the seventies it was a formula"
5,The Godfather,Drama,1972,CinemaSerf,7,2023-05-28,"When you get a story written quite this magnificently it would take an extreme amateur to screw it up - and Francis Ford Coppola is no amateur. Marlon Brando, Al Pacino, James Caan and Robert Duvall represent the epitome of guile, sophistication, loyalty, honour and brutality in this self-adapted Mario Puzo story of the unambiguously ambitious ""Corleone"" family - they start with nothing and so the only way is up; however and whatever they need to do to get there. The characterisations are layered and colourful; Diane Keaton has no idea what she's getting herself into! John Cazale is great as the spineless brother ""Fredo"" too. Once again, Nino Rota pulls out all the stops to give this a score that helps cement this film's place as amongst the best ever made. My only criticism, and it is slight at that, is that the audio mix could have done with a bit of a boost. Much of the dialogue - especially from Brando - verges on the inaudible at times."
6,The Godfather,Drama,1972,RalphRahal,10,2024-12-17,"The Godfather (1972), directed by the legendary Francis Ford Coppola, is nothing short of a cinematic masterpiece that redefined storytelling in film. Based on Mario Puzo’s bestselling novel, the movie seamlessly blends crime drama with an epic exploration of power, loyalty, and family. Every frame is a testament to Coppola’s brilliance, as he transforms a gripping tale into a timeless work of art.    At the center of this monumental film is Marlon Brando’s unforgettable performance as Vito Corleone. Brando masterfully embodies the aging patriarch with an aura of quiet menace and profound wisdom, earning him a well-deserved Academy Award for Best Actor. Al Pacino delivers a career-defining performance as Michael Corleone, evolving from a reluctant outsider to a ruthless leader in a chilling, yet utterly believable transformation. James Caan as the fiery Sonny Corleone and Robert Duvall as the cool-headed consigliere Tom Hagen also shine, each adding complexity and depth to their roles."
7,The Terminator,Action,1984,John Chard,9,2015-05-07,"I can't. Nobody goes home. Nobody else comes through. It's just him - and me.    It's funny really, writing a review for The Terminator these days just feels a little pointless, I mean anyone who wanted to see it would have done so already. In truth the effects work is a little creaky now but that doesn't matter, they were awesome in 1984. It's a ripper of a story awash with high energy action, rip-snorting characterisations and tech-noir atmospherics. It's place in the pantheon of science fiction films is assured, its influence on the genre undoubted, while the lead cast members cemented themselves in the sci-fi hall of fame.    No more needs to be said really, The Terminator is a kinetic live action comic book of a movie, classy movie making, paced to precision and featuring a story that's brilliantly complex and utterly compelling. 9/10"
8,The Terminator,Action,1984,Jodie,10,2017-02-18,"Writing a review for a movie this old does indeed seem pointless, but since this is one of my favorite films I thought I would review it anyway.     In my opinion The Terminator is a beautiful, yet tragic love story set in the back drop of the future and the past. A soldier from the future is sent to the 80's to save the leader of the resistance (John Connor) mother from a High Tech Cybernetic Killing Machine. We all know that. What I loved was that this soldier, Kyle Reese volunteers for this suicide mission. He volunteers for one reason because, he had fallen in love with this woman, Sarah Connor. Though they were separated by several decades of time and Judgement Day, her son tells him these tales of his mother Sarah and gives him a single picture of her, purposefully pushing Reese to fall for his mother and this is the reason for him traveling through time to do the nearly impossible. Save and protect Sarah Connor to save the human race in the future and kill a super bad ass T-800"
9,The Terminator,Action,1984,Gimly,9,2018-03-19,"I know saying this puts me in the minority, but the first _Terminator_ movie is actually my favourite of the franchise. That's not a knock on the second movie, _Judgment Day_ is **awesome**. But I really dig the lower down, dark, sci-fi horror vibe of the original (it **is** a knock on every movie in the series that came after _T2_ though).    Schwarzenegger as the titular Terminator is inspired casting. Firstly, any restrictions he had in acting ability back in the 80s are brushed aside by the fact that he's playing a cold, unfeeling machine. And can you imagine someone who looks like that coming after you? Forget the fact he's got an arsenal in his back pocket, forget the fact that he's got a near unstoppable metal exoskeleton, Arnie is already a machine! Being hunted by that man would be terrifying, and you feel that in the performance of the leads.    _The Terminator_ is one of the best movies I've ever seen, and I have seen - a lot.    _Final rating:★★★★½ - Ridiculously strong app"
10,The Terminator,Action,1984,Kamurai,6,2020-07-29,"Good watch, might watch again, and can recommend.    I have no idea what just happened, I just watched the 2020 version, and it doesn't even look better, and there doesn't seem be a lot of info on the situation.    It has decent practical effects, it's a got plenty of action in a machine chasing a woman aided by a soldier from the future.    Arnold carries an odd amount of weight as an emotionless cyborg, but Linda Hamilton shores up the rest.  I don't think it is Michael Biehn's fault, but Kyle Reese is kind of a forgettable character in this.    The depth of this action movie is just on the concept of time travel, and whether or not you can truly change the future.    This is a good movie, but it lacks something really special for the time of 2020, it's more important as a precursor to the sequel."
11,The Terminator,Action,1984,GenerationofSwine,10,2023-01-12,"Here we go, the movie that started it all and wasn't Arnold believable as a robot? He came across as threatening and creepy as all get out, and the thick accent really played for the role.    And then, of course, the plot was so unbelievable that it sucked everyone right in, from the start you suspended your disbelief because you knew it was going to be one heck of a ride.    The cinematography was absolutely brilliant, everything seemed to fall into place perfectly for the first outing of the Terminator franchise and we got to see Sarah Connor transform from a frightened waitress at the start of the film, to someone that would become on of science-fiction's best known heroes by the end of it.    It was a truly fantastic film."
12,The Terminator,Action,1984,The Movie Mob,9,2023-02-11,"**James Cameron’s first film immediately showcases his unparalleled mastery of sci-fi action films and world building making The Terminator the gold standard of sci-fi thrillers.**    The Terminator franchise has its ups and downs, but it’s hard to deny its iconic status and significant impact on pop culture. Many would pick Terminator 2 as the pinnacle of the franchise, but for me, it’s the first one. While T2 made considerable upgrades to the original in every way, The Terminator was the directorial debut of James Cameron and in his first time in the director’s chair, made a groundbreaking sci-fi masterpiece that has spawned five sequels, a tv show, video games, merchandise and so much more. The story and world established by this film are so rich and vast and a real credit to Cameron’s writing ability. However, my favorite part and the reason The Terminator holds its place as the best in the franchise for me is the character of Kyle Reese. A war-hardened marine for the future who ha"
13,The Terminator,Action,1984,CinemaSerf,7,2023-03-26,"Arnold Schwarzenegger arrives in 1984 Los Angeles, in his birthday suit, and on a mission. Firstly, to get some clothes then to eliminate all the ""Sarah Connor"" folks listed in the phone book. Moments later ""Kyle"" (Michael Biehn) arrives with the aim of thwarting this dastardly plan - and soon the race is on. Meanwhile, ""Sarah"" (Linda Hamilton) is blissfully unaware that she is a target until the news bulletins start reporting the brutal slaying of her namesakes. She is spooked, and takes refuge in a night club while the city's finest head to her rescue. Thing is, Arnie is not just a big muscly bloke, he's a big muscly killing machine - and a nigh-on immortal one at that. ""Kyle"" and ""Sarah"" now have their work cut out just to stay alive while they try to concoct a plan that will destroy her nemesis before it destroys them - and pretty much everyone else it comes into contact with! Aside from the synthesiser music - which has dated quite badly - this film still holds up as a solid and e"
14,The Terminator,Action,1984,Narate,10,2025-01-01,"""_It can't be bargained with. It can't be reasoned with. It doesn't feel pity, or remorse, or fear. And it absolutely will not stop... ever, until you are dead!_""    What's there to say that hasn't been said already? It's an incredible sci-fi thriller that is so good because not only is the story fun, but Cameron makes it look so good even back then before he blew up. Arnold is terrifying, Linda Hamilton and Michael Biehn were meant to be and the score gives me chills."
15,The Terminator,Action,1984,Dr Nostromo,9,2026-02-25,"90/100    The future, being controlled by machines but losing to the human resistance, sends back a Terminator to kill the resistance leader's mother before she gives birth to him and the resistance sends back a soldier to save her. One of the classic thrillers of the 80's by newcomer James Cameron, is still just as exciting today as it was then. Arnold Schwarzenegger in his initial outing in the iconic, bad-ass role that he would never outdo. Great action, gunfights, car chases, twisted story line, all moving at a breakneck pace that will keep you glued to your seat. -- DrNostromo.com"
16,The Godfather Part III,Crime,1990,CinemaSerf,6,2022-04-04,"Wow, this is a really poor cousin of the first two films. Centring on the later life of ""Michael"" (Al Pacino) this has much more of an episodic, almost soap opera, feel to it. He is determined to become legitimate, to look after his family and to stay alive despite the conspiring of Eli Wallach's ""Don Altobello"" and some of his cohorts who are trying to assassinate him and claim the Corleone crown. Talia Shire is quite effective as his sister ""Connie"" but Andy Garcia's smarmy ""Vincent"" (the son of the gunned down ""Sonny"") just made me squirm. This film really does miss the previously strong supporting cast too. No Robert Duval; Diane Keaton (with some simply hideous jewellery) features but sparingly and the whole thing just plugs along until a rather downbeat ending that just didn't seem to do justice to the excellence of Puzo's story or to the previously established, captivating, characterisations. It looks great, the production is first rate but this is just not a story to compare wi"
17,The Godfather Part III,Crime,1990,Wuchak,7,2023-07-09,"**_Michael Corleone seeks redemption while a young buck takes over the shady business_**    RELEASED IN 1990 and directed by Francis Ford Coppola, ""The Godfather: Part III"" stars Al Pacino as aging Mafia don Michael Corleone in 1979, who seeks to legitimize his work in New York and Italy and avow for his sins. He mentors his bastard nephew, Vincent Mancini (Andy Garcia), while trying to steer his teenage daughter, Mary, away from him (Sofia Coppola).    MAIN CAST: Diane Keaton returns as Michael's ex-wife, Kay, while Talia Shire reprises the role of sister, Connie. Franc D'Ambrosio is on hand as Michael's son, Antonio, who wants to leave law school and become an opera singer. George Hamilton co-stars as B.J. Harrison, essentially taking the place of Tom Hagen (Robert Duvall) as Michael's chief financial adviser and attorney. Eli Wallach plays an aged don and Joe Mantegna the gangster Michael put in charge of Little Italy after semi-retiring. Raf Vallone plays a dubious Cardinal and Bri"
18,Pulp Fiction,Thriller,1994,Wuchak,9,2018-07-21,"***The cream of the crop of quirky crime thrillers***    RELEASED IN 1994 and written & directed by Quentin Tarantino, ""Pulp Fiction"" is a drama/thriller/black comedy about two hit men in Los Angeles (John Travolta and Samuel L. Jackson), their mob boss & his wife (Ving Rhames and Uma Thurman) and a champion boxer who incurs the wrath of the boss (Bruce Willis).    The lurid, droll tale is told in a non-linear fashion, but it's easy to follow and the final act ties everything up nicely. The dialogue's witty and the story maintains your attention, despite its 2 hour and 34 minutes runtime. The film's stylish and pulsates with energy and innovation; it understandably influenced many 90's films and beyond.    I put off seeing this iconic picture until almost twenty years after its release because the protagonists are all big city gangsters or somehow involved with 'em. These are lawless people who would kill a person without batting an eye. Their god is money or hedonism. Let ’em shoot ea"
19,Pulp Fiction,Thriller,1994,Erick Cabral,10,2020-06-20,Insane movie!   One of the bests(if not the best) Tarantino's movies!
20,Pulp Fiction,Thriller,1994,CinemaSerf,7,2022-06-29,"Ving Rhames (""Wallace"") is the kingpin who provides the loosest of templates for a couple of inter-twining tales that are amusing, bizarre and sometimes down right dangerous before we get a sort of alignment at the conclusion. ""Winnfield"" (Samuel L. Jackson) and ""Vincent Vega"" (John Travolta) are a pair of dapper enforcers, despatched to retrieve a stolen briefcase. Though their manner may be precise, the execution of their tasks are usually more hit and miss, definitely messy - and frequently requiring of the specialist clean-up services of ""Mr. Wolf"" (Harvey Keitel). ""Vega"" is also charged by his boss with looking after his cocaine-loving wife ""Mia"" (Uma Thurman) and that flirts with dancing and disaster too. Meantime, ageing boxer ""Butch"" (Bruce Willis) is supposed to help the boss by taking an early dive in a fight. Instead he manages to kill his opponent! Soon he is intent on fleeing town, well at least he tries before he and ""Wallace"" end up being the playthings of some interesti"
21,Pulp Fiction,Thriller,1994,alksjalksj,10,2022-12-16,really fun to watch and the attention to detail is great
22,Pulp Fiction,Thriller,1994,Filipe Manuel Neto,6,2023-01-21,"**One of the unavoidable movies to know Tarantino… but I think it's not as incredible as it is sometimes said to be.**    This was one of the films that consolidated Tarantino's career and made him one of the ""superstar"" directors who, whenever he releases a film, whether good or bad, attracts a legion to the cinema. I was never a fan of his, and I don't think I will be. He made some films that I liked and others that I hated. I wouldn't call it regular, a “safe bet”, but we can't deny it, it's original, true to his style and doesn't seem concerned about pleasing anyone.    The film follows more than one plot: we have a couple of violent bandits who try to rob a cafeteria, we have a boxer at the end of his career who has to flee after winning a fight he had agreed he would lose, we have a couple of murderers in the pay of a mobster who are tasked with recovering a stolen suitcase, and we also have the capricious girlfriend of that same mobster, whose boredom forces her darling to assig"
23,Pulp Fiction,Thriller,1994,shanmuk2346,8,2026-07-25,Pulp Fiction taught me that silence can be as powerful as dialogue—it builds curiosity and keeps you waiting for what's next.
24,Pulp Fiction,Thriller,1994,mwallace666,9,2026-08-14,".Cinema at its coolest. Chaotic, stylish, endlessly quotable, and somehow perfect in every damn way."
25,Pulp Fiction,Thriller,1994,dumbledoredaybreak,10,2026-09-22,"One of the best movies ever made. If you've never seen this, get your life together and watch it. This is probably the standard when it comes to 90s cinema."
26,The Lion King,Animation,1994,Manuel São Bento,10,2019-07-18,"If you enjoy reading my reviews, please follow my blog :)    First of all, this is (obviously) a SPOILER review. I mean, who hasn’t seen this movie yet? If by some extraordinary circumstances you’re one of those unlucky souls, stop. Spend the next hour and a half watching this animated masterpiece and come back here. I will still avoid mentioning key details because I’m just used to it, and The Lion King has so many things to compliment that I don’t really need to get in-depth on spoilers. So, in case you haven’t notice it through my Twitter or occasional mentions in other reviews, The Lion King is one of my favorite films of all-time (animated or not)!    I rewatched it for the 312358th time this last weekend, and I cried more than when I was just a child. That’s how much this movie means to me. The sense of nostalgia plus the overwhelming emotions throughout the runtime are tear-inducing aspects that I can’t simply avoid. I literally cried (waterfalls) in four (!) different scenes. T"
27,The Lion King,Animation,1994,CinemaSerf,7,2023-08-26,"Certainly not one of Disney's better animations from a technical perspective - the artwork lacks the vibrancy and detail of many of their earlier stories; but the combined efforts of Sir Tim Rice, Elton John and Hans Zimmer make this an enjoyable fantasy adventure. It is told in two parts - the first sees a son ""Simba"" born to the king ""Mufasa""; a curious little fella who, alongside his friend ""Nala"" is inquisitive and mischievous - a real pain in the neck to the king's major-domo ""Zazu"". One fan the new cub really doesn't have, however, is the king's rather unimpressed brother ""Scar"" who hatches a plan to depose his brother and take over the kingdom. He manages to achieve exactly this and to get the youngster to blame himself and head off, alone, into exile. The second part is much more fun; he falls in with a warthog and is soon eating colourful grubs and living a peaceful, jolly life far from home. That idyllic existence is not to last long, however - ""Nala"" discovers he is still al"
28,The Lion King,Animation,1994,Sharpdon57,3,2026-09-20,"i just wish to inform before i start this review that i still respect anyone who likes this film. Now let's get to the point, which is this:    I don't like the lion king.    I'm sorry, but i don't. To me it's just a bad version of Hamlet, and considering it's my literal favourite play ever, i have a reason to dislike a kid's remake. An unjust one, perhaps, but it's MY opinion. 'S\*\*\*\*y hamlet' is my summary of this film. I have no other words."
29,The Shawshank Redemption,Drama,1994,John Chard,10,2016-07-10,"Some birds aren't meant to be caged.    The Shawshank Redemption is written and directed by Frank Darabont. It is an adaptation of the Stephen King novella Rita Hayworth and Shawshank Redemption. Starring Tim Robbins and Morgan Freeman, the film portrays the story of Andy Dufresne (Robbins), a banker who is sentenced to two life sentences at Shawshank State Prison for apparently murdering his wife and her lover. Andy finds it tough going but finds solace in the friendship he forms with fellow inmate Ellis ""Red"" Redding (Freeman). While things start to pick up when the warden finds Andy a prison job more befitting his talents as a banker. However, the arrival of another inmate is going to vastly change things for all of them.    There was no fanfare or bunting put out for the release of the film back in 94, with a title that didn't give much inkling to anyone about what it was about, and with Columbia Pictures unsure how to market it, Shawshank Redemption barely registered at the box of"
30,The Shawshank Redemption,Drama,1994,tmdb73913433,6,2017-11-11,Make way for the best film ever made people. **Make way.**
31,The Shawshank Redemption,Drama,1994,thommo_nz,10,2018-05-01,"There is a reason why this movie is at the top of any popular list your will find.  Very strong performances from lead actors and a story line from the literary brilliance of Stephen King (and no, its not a horror).  Sufficient drama and depth to keep you interested and occupied without stupefying your brain. It is the movie that has something for everyone."
32,The Shawshank Redemption,Drama,1994,JPV852,10,2021-09-18,"First time seeing this in probably close to 20 years, maybe longer. Forgot how excellent of a movie this was, amazing all around from the performances, Morgan Freeman and Tim Robbins especially, with a roller coaster of emotions. The writing (from Stephen King's novel) direction from Frank Darabont was precise and just all around fantastic. This is the very rare 5 star movies I've given but it is easily one of the best movies, right up there in my book with The Godfather. **5.0/5**"
33,The Shawshank Redemption,Drama,1994,drystyx,3,2023-04-03,"This is much more predictable and Hollywood than a King novel.  This story of another man wrongfully in prison for murder joins the list of about every other movie about a man sent to prison for murdering his wife.  And therein lies the problem. Most of the time, the killer is the husband, and most of the time the right man is in prison.  Juries are now doomed to consist of several people who are brainwashed by this constant propaganda Hollywood gives us and think accordingly.  People are not gods. They are souls and spirits that can only withstand so much brainwashing.   Add to that, the story plods along with really nothing new to add. It's a very formula movie.  I won't say it is a ""bad movie"". Those are ones I give 1 or 2 out of 10. But 3/10 is what I call the very boring, unimaginative, safe, non thought provoking movies that you forget about quite quickly."
34,The Shawshank Redemption,Drama,1994,CinemaSerf,8,2023-08-26,"Tim Robbins is wealthy banker ""Andy Dufresne"" who finds himself sentenced to life imprisonment after his wife and her lover are found murdered. The handsome ""new fish"" is initially the target of the ""sisters"" who would use him as they would like - but he fights back and gradually establishes a friendship with prison ""scrounger"" Morgan Freeman (""Red""). When he overhears the beastly prison guard captain bemoaning some tax problems, he, rather riskily, volunteers to help find a tax-free solution and is soon advising pretty much the whole place - including ""Warden Norton"" (Bob Gunton) on all things financial - some above board, some less so. The film is set over a period of over ten years, and depicts some of the most brutal aspects of prison life; but also some it's more hopeful. It deals with violence and desperation but also of bonding and lasting friendships and loyalties that long term close-confinement engender. Frank Darabont elicits the best from his three principals superbly, with"
35,The Shawshank Redemption,Drama,1994,dumasori,9,2024-01-27,"**Watched it 32 times**    Call me obsessed, but I have watched this movie 32 times (and counting) over the past 2 decades. One may wonder why? It is because every time I watch this movie, I learn something new from it. For example, despite being such a good friend of Red, Andy never shares his plan with him. This taught me that discipline and focus is vital for success.    I can not praise enough the tight plot, direction, acting and everything. On my favorite movies list, this one certainly tops the chart."
36,The Shawshank Redemption,Drama,1994,Leezan,10,2024-09-17,"Simple, I would say, beauty in the art of cinematography and storytelling."
37,The Shawshank Redemption,Drama,1994,RalphRahal,10,2024-12-21,"The Shawshank Redemption is one of those timeless classics that pulls you in with its heartfelt storytelling and remarkable performances. At its core, it’s a story about hope, friendship, and the resilience of the human spirit, set against the bleak backdrop of Shawshank prison. Tim Robbins as Andy Dufresne and Morgan Freeman as Red deliver deeply moving performances, capturing the bond that grows between two men confined by walls but freed by hope. Every scene feels purposeful, and the script, adapted from Stephen King’s novella, is simply brilliant in how it weaves small moments into a powerful narrative.    One of the most unforgettable parts of the movie is Brooks’ storyline. Watching him leave the world he knew, only to find himself unable to adapt to a society that had progressed beyond his comprehension, is heartbreaking every time. It’s a stark reminder of how institutionalization can strip people of their ability to live freely, even after they've served their time. That momen"
38,The Shawshank Redemption,Drama,1994,GenerationofSwine,10,2025-05-26,"Morgan Freeman plays a little red haired Irishman and no one cares.  No one cares, and now when people across the globe read this segment in Different Seasons, they read it in Morgan Freeman's voice.  It's sort of impossible not to.      It was a race swap that not a single person complained about. It didn't really change the movie and one of the big reasons why it didn't change the movie was because the movie wasn't about the race swap and owning the fans of the IP like most every other race swap that people complain about and other people call them political buzz words for not loving... presumably while they secretly agree the movie's crap.    THIS IS HOW YOU DO IT HOLLYWOOD!!    I kind of want to be a dick and say that the reason this movie is so popular is because of Morgan Freeman's narration, I mean, you could give the guy an instruction manual to read and people would love it.    But then it's more than that.  The movie is popular because it's satisfying.  The good guys win, the"
39,The Shawshank Redemption,Drama,1994,shanmuk2346,8,2026-07-24,"**The Shawshank Redemption** may seem like a familiar story today because many movies released afterward have explored similar themes. However, watching it now still felt like a completely new experience to me. The plot itself is simple, but what makes this movie extraordinary is the director's storytelling and execution. Every scene is presented with purpose, and the emotional journey keeps the audience engaged from beginning to end. The director has a remarkable ability to touch the hearts of the audience, making this film unforgettable. This movie proves that great cinema is not just about the story—it is about how the story is told."
40,Toy Story,Family,1995,Gimly,8,2019-07-16,This movie came out when I was three. Now I'm twenty seven and the goddamn thing still holds up.    _Final rating:★★★★ - Very strong appeal. A personal favourite._
41,Toy Story,Family,1995,JPV852,9,2019-10-14,Decided to revisit this after many years and still holds up so well. Great movie for both kids and adults with wonderful teachable moments. Just a groundbreaking animated movie all around. **4.5/5**
42,Toy Story,Family,1995,r96sk,10,2020-06-28,"A stunning feature film entrance from Pixar! <em>'Toy Story'</em> is a true delight, from the first second to the last.    The CGI animation is excellent. All the toys look brilliant, as does the world itself - I love the feel of it. The music is very good, Randy Newman does a nice job - ""You've Got a Friend in Me"" is a cracker.    Tom Hanks leads a strong cast. Hanks plays Woody, to fantastic effect. He is the best part of this film. Tim Allen is great, too, as Buzz Lightyear. Don Rickles (Mr. Potato Head), Wallace Shawn (Rex) and John Ratzenberger (Hamm) also bring fun.    Everything else is just as terrific: the humour, the pacing, the plot - I enjoy it all. There are probably some flaws in parts, namely Buzz's supposed unawareness, but nothing impacts the viewing experience. Go watch!"
43,Toy Story,Family,1995,CinemaSerf,7,2022-06-15,"Every now and again when you watch antiques programmes on television and somebody turns up with a toy in it's original box - that turns out to be worth more than his car - I regret that I no longer possess any from my childhood. I do recall, however, being especially fickle - the favourite one day was never likely to reign long before being supplanted by another. That's the case here for cowboy ""Woody"". He is the favourite of owner ""Andy"" amongst, it has to be said, rather a lot of different ones. Until, that is - one birthday, we meet Space Ranger ""Buzz Lightyear"". He's actually quite an affable chap, but the green eyed monster is now in charge and ""Woody"" tries to relegate his successor down the side of the bed. That goes wrong and, accidentally, out of the window he goes. The other toys are horrified, leaving ""Woody"" with no option but to get over his laser envy, rescue his new rival and repatriate him before the whole family move to a new home! What now ensues are some fun escapade"
44,Titanic,Drama,1997,John Chard,9,2014-09-25,"Beautiful Romance - Tragedy Unbound.    It has kind of become the popular thing to kick Titanic, the film and its achievements. It's like the love it garnered on release and the colossal waves it made in the history of cinema, never happened, or as some want you to believe, doesn't matter. I can tell you now that many of my macho fuelled friends will privately, under the influence of liquid refreshments, admit to having affection for the film, but socially in a circle environment? Not a bit of it! I have no such problems admitting my love for the film, I love it as much now as I approach 50, as I did when I sat there in awe at the cinema in 1997.    You jump - I jump.    Titanic is far from flawless, where even now with the advancements in technology the effects over 15 years later look a touch creaky. While it's true as well that away from Rose and Jack the characterisations are thin on the ground. But this is Rose and Jack's story, fully fleshed out for an hour and half and then fram"
45,Titanic,Drama,1997,CinemaSerf,7,2022-06-08,"Set around the ill-fated maiden voyage of the RMS ""Titanic"", this is essentially a film in two parts. The first, weaker, element features a young ""Dawson"" (Leonardo DiCaprio) who wins a third class ticket to New York on the soon to depart liner. Meantime, the wealthy but unhappy ""Rose"" (Kate Winslet) is up in the posh cabins with her cold and unfeeling fiancée ""Hockley"" (Billy Zane) and her equally unpleasant, venally ambitious mother ""Ruth"" (Frances Fisher). Desperately unhappy, ""Rose"" considers jumping off the prow of the boat, but luckily the charming young ""Dawson"" is on hand to talk her down, and so begins their friendship that causes much chagrin amongst her socially elite companions. That friendship culminates in him making a rather provocative drawing of her, the final straw for her boyfriend and his enforcer ""Lovejoy"" (David Warner). It all looks ominous for both until - part two begins. The ship, speeding along nicely under the command of Bernard Hill's Captain Smith clips th"
46,Titanic,Drama,1997,Nathan,10,2023-02-17,"Titanic is simply a masterpiece. This movie has it all. A tremendous score, deep emotion emphasized by fantastic performances, and incredibly gripping and high-stakes action. There is really something for everyone here.    Before I continue my praise of the film, I think it has one glaring weakness: the present-day plot. For me, this just did not work all that well. I understand that it was implemented for the main story to have a more emotional impact, but it was not needed. It added almost thirty minutes to the runtime, which could have been used for more character development in the story or to have a more streamlined plot. Not to mention, the acting in this section was lackluster. That might be a hot take, but it was something that I noticed during my watch.    Back to the positives. The score is magnificent here. The minute I finished the film, I had an urge to put on this score to be transported back to the Titanic. That does not happen very often to me.    The performances are g"
47,Titanic,Drama,1997,Prodank,7,2023-09-17,"Titanic was enjoyable initially, but the constant TV reruns got old fast. I don't even own a TV anymore, and I'm in no hurry to watch it again. Still, it's a good movie, deserving of a 7/10 rating."
48,Titanic,Drama,1997,RalphRahal,9,2024-12-19,"Titanic (1997), directed by James Cameron, is one of those films that never loses its impact, no matter how many times you watch it. Some might call it overrated, but it’s hard to deny the emotional weight and the sheer craftsmanship that went into making it. Rewatching it reminded me why it’s stood the test of time, it’s a great mix of story, performances, and technical execution.    Leonardo DiCaprio and Kate Winslet deliver standout performances as Jack and Rose. Their chemistry is natural and believable, and it’s what drives the story forward. The drawing scene is iconic for many reasons, both on and off the screen. Interestingly, it wasn’t DiCaprio sketching Rose, it was actually James Cameron himself. Cameron, who’s also an artist, added a personal touch to the scene by creating the famous drawing. Behind the scenes, Winslet knew the scene could be awkward since it involved nudity and was one of their first together, so she flashed DiCaprio to help him relax. Even with that, he w"
49,Titanic,Drama,1997,ephraimk,8,2025-02-08,"This film is the perfect example of silly idea, immaculate execution. When you think about it, the film is really just a story about a woman who can't get over an intimate and sad experience with a homeless guy on a boat, but the way it's executed with the incredible performances by DiCaprio and Winslett really made it a legendary film. Reminds me of **_The Princess Bride_**, this film may be ""dumb"" but it's definitely a movie that will be and has been praised for many years."
50,Titanic,Drama,1997,GenerationofSwine,1,2025-12-04,"It could be because it came out when I was 17 and I had to go see it twice in the theater on two dates, and then I had to take my mom to see it.    Or it could be because Kate here is sort of a horrible person, really self centered, does a lot of pretty bad things, and we are supposed to root for her.    Or it could be because when it came out I got tired of the hype.    Or it could be because there was room enough for Leo but he had to die to make it ""romantic.""    But whatever the reason, I'm really not a fan of this film."
51,Fight Club,Drama,1999,Brett Pascoe,9,2018-07-05,In my top 5 of all time favourite movies. Great story line and a movie you can watch over and over again.
52,Fight Club,Drama,1999,Manuel São Bento,8,2020-11-22,"If you enjoy reading my Spoiler-Free reviews, please follow my blog @  https://www.msbreviews.com    David Fincher’s new film, Mank, is coming soon on Netflix, released six years after his latest installment, Gone Girl. Therefore, this week I’m reviewing five of Fincher’s movies. Se7en was the first one, and now it’s time for one of the most culturally impactful films of the 90s, Fight Club. This is another rewatch of another filmmaking classic, one that I was never able to absolutely adore like most people. When this movie came out in 1999, critics were extremely divided, and the film failed at the box office. With time, it gained a cult following through home media, but it’s still considered a very controversial piece of cinema. So, nothing new, having in mind Fincher is at the helm.    Despite this being my third or fourth time experiencing this story, I never really changed my opinion about it, which is a bit uncommon in my viewing history. Usually, after multiple rewatches, my ove"
53,Fight Club,Drama,1999,r96sk,7,2021-01-13,"I didn't enjoy this, pretty much at all, but still kinda appreciate how it all comes together. It's a weird one for me.    Overall, <em>'Fight Club'</em> underwhelmed me. I actually knew very little before viewing it, despite hearing about it on a surface level for years and years; well, one 'regulatory' part of it anyway. It's much deeper than I had expected. Unfortunately, I didn't find entertainment with any of it - it was, to be honest, a slog to sit through.    The only scene I can remember enjoying is the very last one, and I don't mean that negatively because the end shot is terrific. It's just everything that comes before didn't do anything for me. Yet, I still rate its intentions. It did keep me guessing amidst my, near, boredom and the 'event' is a good one on paper. It just failed to connect on me in actuality.    Brad Pitt is good as Tyler, though the likes of Edward Norton and Helena Bonham Carter give meh performances in my opinion. Meat Loaf is interesting, I guess, as B"
54,Fight Club,Drama,1999,rsanek,9,2021-05-04,"I was mostly neutral on this movie until the last third, when things turned psychologically thrilling and gave me American Psycho vibes. The ""His name was Robert Paulson"" scene specifically was where the film turned from 3 starts to 4.5 stars. Would recommend and I intend to return to this in some time as I feel it has higher rewatchability than many films of this style."
55,Fight Club,Drama,1999,Wuchak,6,2021-07-02,"_**Finding enlightenment thru beating each other to a pulp**_    A 30 year-old man in Los Angeles works the office drudgery, but suffers insomnia (Edward Norton). He’s finally inspired by an unconventional woman he meets at support groups (Helena Bonham Carter) and, especially, a devil-may-care guy who lives on the outskirts of town (Brad Pitt). They start an underground club where men get together and vent their frustrations by beating the crap out of each other.    ""Fight Club"" (1999) has a huge reputation as a stylish cult flick and is often ranked with the greatest films ever made. The first half is entertaining enough, both quirky and amusing; and I like the interesting themes explored: Escaping the maternal and material, being a slave to advertising, rebelling against life-stifling conformity, being a blind follower of a charismatic leader, finding your inner wild-man, Dr. Jekyll & Mr. Cool, the nature of lawless “revolutionaries” (which is too reminiscent of ANTIFA thugs), the s"
56,Fight Club,Drama,1999,katch22,8,2021-07-13,"Madness unbounded.  Don't try to make sense of insanity, just ride a wild ride."
57,Fight Club,Drama,1999,alksjalksj,10,2022-12-11,"The best movie i've seen, also my head hurts"
58,Fight Club,Drama,1999,chosengreatone,10,2023-09-20,"This is definitely one of the greatest movies of all time, stylistically, narratively, aesthetically, and creatively.    It uses very unorthodox camera angles, cute and effects to fully encapsulate this nihilistic, alternative culture that took over the late 90s and early 2000s.    It has very deep views on early corporate capitalism which really arose in the 90s, and it pulls no punches to deliver its beliefs on it. It’s very persuasive in its message about corporatism as it appeals directly to men’s natural instinct and rawness. It’s a very raw movie overall.    My only wish is that it could be longer. This movie SHOULD be 3 hours. But even then, it masterfully delivers an experience and segues beautifully into every scene, fulfilling every plot device and answering every question. There are no unleft answers with this movie, this movie is completely calculated and cold-hearted; much likes it main protagonist, Tyler Durden.    Absolutely watch this movie!"
59,Fight Club,Drama,1999,CinemaSerf,7,2024-03-20,"I wonder just how much of this might have been inspired by the vivid imagination of Robert Louis Stevenson? Edward Norton narrates a story that's essentially about himself. He works nine-to-five, but can't sleep. He can't explain his insomnia and after a casual aside from his doctor - who refuses to prescribe him sedatives - he starts cruising evening support groups. That's when he meets two important people. The first is ""Bob"" (Meat Loaf) who has undergone some hormone therapy that inadvertently helps him cry. Now after a bit of hugging, that skill transfers to our storyteller and the weeping seems to help with the sleeping! Success... Next, he meets ""Marla"" (Helena Bonham Carter) who also spends her evening going from group to group. Her only illness is a penchant for free doughnuts and coffee. They sort of bond - and even agree to divvy up the groups so they don't clash! It's on a flight, though, that our friend finds his life profoundly altered. He sits next to the uber-confident s"
60,Fight Club,Drama,1999,AlfaVitaY2K,9,2026-06-05,"Recommended cult classic from XX century.    If you don't get distracted by the David Fincher's masterful direction and Brad Pitt's alpha image, you can comprehend it's not about alpha male rebellion, it's the dream of incels, socially disconnected men unable to form normal relationships.    Narrator: Wagekuck obsessed with IKEA catalogs (special interest in consumer minimalism), crashes support groups for fake emotional connection, has neither a partner nor friends.    Tyler: Chad effortless charisma, sexual dominance, zero social anxiety. Pure fantasy cope.    Marla: A female prop in their psychodrama of love-hate. No relationship based on conscious feelings, just abstract basic instincts and inertial escalation.    Fight Club crew: Wagecucks with no life finding the only place they can feel testosterone and adrenaline (via mindless violence) and feel like finding a way out of apathy.    The anti-consumerist manifesto is post-rationalization for romantic/sexual frustration + autistic"
61,The Matrix,Action,1999,GeekMasher,10,2013-03-15,"The Martix is a great example of a movie that will live for ever or a very log time. The story and concept are out of this world. Keanu Reeves plays his role with utter brilliance, the cast was very well put together and the graphics are still to this day amazing. All in all one of the best movies of all time."
62,The Matrix,Action,1999,NeoBrowser,10,2013-07-20,"Get this: what if all we know as reality was, in fact, virtual reality? Reality itself is a ravaged dystopia run by technocrat Artificial Intelligence where humankind vegetates in billions of gloop-filled tanks - mere battery packs for the machineworld - being fed this late '90s VR (known as The Matrix - you with us here?) through an ugly great cable stuck in the back of our heads. And what if there was a group of quasi-spiritual rebels infiltrating The Matrix with the sole purpose of crashing the ruddy great mainframe and rescuing humans from their unknown purgatory? And, hey, what if Keanu Reeves was their Messiah?    What sounds like some web freak's wet dream is, in fact, a dazzlingly nifty slice of sci-fi cool. The Wachowski Brothers (Andy and Larry - last seen dabbling in kinky lesbian noir with the excellent Bound) pulling off something like a million masterstrokes all at once. Taking the imprimatur of the video game, they meld the grungy noir of Blade Runner, the hyperkinetic e"
63,The Matrix,Action,1999,StbMDB,10,2017-07-23,"It was around 2001 that I first watched this film and recently giving it another go, ever since, doesn't change the fact for me that this movie is an timeless piece of filmaking. From the characters to the striking and thought-provoking story, it basically has everything to make an action film a 10/10 in a book."
64,The Matrix,Action,1999,GenerationofSwine,10,2023-01-11,"You had me the moment you stopped Trinity in mod air, spun the camera around her, and then let her deliver that vicious kick.    And that was at the start of the film. That was the best opening ever. That was, when it was 1999 and you saw it in the theater for the first time, the ""WOW"" moment that you can only assume is what the people who were old enough to see A New Hope felt in the theaters back in 1977.    From the start it was just mind blowingly cool... and then the soundtrack kick serious butt, and the plot, the plot was just pure science fiction fun!    And it held it, the look, the sci-fi fun, the absolute stylized coolness through out the movie to one of the coolest climaxes of any 90s film. It set the high water mark for sci-fi action.    It was one of those movies that re-defined a genre."
65,The Matrix,Action,1999,The Movie Mob,10,2023-01-21,"**The Matrix completely changed the landscape of special effects, world-building, and cinematography, cementing itself in the halls of cinema glory as one of the most innovative films of all time.**    I remember watching this movie for the first time as a 9-year-old and having my mind blown wide open! After rewatching it almost 25 years later, this movie is still a groundbreaking and breathtaking masterpiece. It’s hard to believe The Matrix came out in 1999 with the quality of effects and production it showcases that still hold up in many ways to modern films. But it’s more than the effects. The cinematography serves as the eyes of the audience with clever angles and shots, putting the viewer right in the middle of the action. The editing, sound, and visual effects all won Oscars. The fight choreography was as cutting edge as John Wick was in 2014 with its gun-fu. The Matrix created a fascinating and beguiling new universe that demanded to be explored. The neo-goth, noir, and retro ae"
66,The Matrix,Action,1999,CinemaSerf,7,2023-08-28,"""Thomas Anderson"" is a nerdy boy by day, and an enigmatic hacker ""Neo"" by night. His latter persona is constantly challenging his norms, his behaviour, his reality even - and when he is contacted by Carrie-Anne Moss ""Trinity"" his suspicions begin to pan out and he is introduced to a crew of rebels led by ""Morpheus"" (Laurence Fishburne) on a mission to expose the extent to which mankind is merely a plaything of the ""Matrix"" living entirely imagined lives. The system is onto them, though, and using Hugo Weaving's ""Agent Smith"" and a fifth columnist from within the group's own ranks, is bent on their destruction. This film has that scarce value of having exciting (rather than delicately choreographed) action scenes married together with an intelligent, at times quite thought-provoking dialogue mixing fact/fiction and religiosity on a clever premiss that once we start to question reality; the conspiracy theories can run wild - and right to the top! Is ""Neo"" the one to save humanity - some"
67,The Matrix,Action,1999,Sampson,9,2026-01-01,"Stylish with a great concept.  The concept of the movie - a dystopian world where AI has taken over and subjected humans to their machinations is a more timely note than ever. The premise of a matrix is quite fascinating and also well thought out.    The execution combined sharp choreography with spectacle. The action was captivating and stylish.    My only complaint is that some of the fight scenes seemed a bit cartoonish as Neo and the agent flied around the screen (very obviously on wire). This may have been a call back to Chinese kung fu movies which would be interesting (if it's true) but made otherwise cool action scenes feel a bit hollow.    Overall, would recommend for a fun, brainy movie."
68,Toy Story 2,Animation,1999,Gimly,6,2019-07-16,"When I was a kid, I remember thinking that _Toy Story 2_ was pretty good, but nothing on the original. Over the years, I've known many, many, many people, and seen a great number more online, who are of the opinion that this second entry is not only better than its predecessor, but that it went on to stay the best film in the (now 4 movie strong) series. I always sorta figured, that when I grew up and rewatched it, I'd reach the same conclusion, so, uh, nope. Basically. That never happened. _Toy Story 2_ is pretty good, but nothing on the original.    _Final rating:★★★ - I liked it. Would personally recommend you give it a go._"
69,Toy Story 2,Animation,1999,r96sk,10,2020-06-28,"One of the greatest sequels around. <em>'Toy Story 2'</em>, whilst marginally inferior, still manages to create the same magic that the original has - which is mightily impressive.    It, at least to me, has less humour but what it loses there it makes up for in the premise, which is arguably more interesting when compared to the 1995 film. I very much enjoy it, especially the location of the finale.    Tom Hanks is again fabulous as Woody, while Tim Allen (Buzz) & Co. remain as entertaining as before. They also introduce some cool new characters, with the standout being Jessie who is voiced astutely by Joan Cusack; Jessie's backstory is so well done. Al (Wayne Knight) and Pete (Kelsey Grammer) are good additions, too.    There are some tremendous scenes here, that one for Cusack's character and the conclusion are my favourites alongside the ultra satisfying restoration scene; the end credits are amusing, also. It's all fun.    The other two sequels are brilliant, but this is the pick"
70,Toy Story 2,Animation,1999,CinemaSerf,7,2022-06-15,"Now that ""Woody"" and ""Buzz"" have well and truly buried the hatchet - and not in each other, they both hope owner ""Andy"" will take them to his summer camp with him. Sadly, though, ""Woody"" has hurt his arm - so is left behind, only to narrowly escape being sold in a car boot sale. Worryingly, though, he is spotted there by toy museum owner ""McWiggin"" and is promptly kidnapped! It now falls to ""Buzz"", ""Mr Potato Head"" and the rest of the gang to track him down and spring him, with his new friend ""Jessie"" before they are sold to a collector in Japan. Not all of the toys are on board though - and poor old ""Woody"" has to be wary of the double-dealing ""Prespector"" whilst ""Buzz"" finds that, unlike his abducted friend, he is not exactly unique! There are now plenty of fun escapades for all concerned to keep this high quality animation entertaining. That said, I don't really do sentimentality, and I found this to be a little more so than the first one. The introduction of ""Jessie"" accompanied by"
71,Toy Story 2,Animation,1999,housseini_mdb,10,2023-02-16,"After Toy Story 2 , I understood that the first just softly introduced the serie, the last part of the first movie was incredible to watch but the second is just more spectacular.  Not only the ending but all the movie is fun to watch and never get boring, the little jokes are so enjoyable.  Every character of the movie is well written.  I wont grade it, but it is at least a 90/100"
72,Gladiator,Action,2000,Eky,10,2012-07-13,"Gladiator has been my most favorite film of all time. It is an epic masterpiece in many ways and it really explains why despite the numerous viewings, Gladiator still amuses me with its powerful imageries and many other crucial aspects so that it won five Academy Awards. This film is very well written, the well-ensemble casts, the A-class acting (especially Russell Crowe and Joaquin Phoenix), the stunning cinematography and definitely a strong character of Maximus (magnificently portrayed by Russell Crowe) whose life, struggle, disappointment and anger really move the audience, as if the world attention centers on him. Gladiator is not a historical film, because it only used the history of the ancient Roman Empire merely as the time setting.  All other aspects namely those gorgeous shots, the great storyline/plot, the fantastic cinematography, the vividly lavish colors, detailed production design and digital imaging (that successfully rebuilt the stunning beauty of the ancient Roman Em"
73,Gladiator,Action,2000,John Chard,10,2014-08-10,"They said you were a giant. They said you can crush a man's skull with one hand.    Ridley Scott's Gladiator is not a perfect film, I would think that the hardiest of fans, of which I'm firmly one, know this deep down. Yet just like Commodus in the film is keen to point out that he himself has other virtues that are worthy, so does Gladiator the film. Enough in fact to make it an everlasting favourite of genre fans and worthy of the Academy Award acknowledgements it received.    In narrative terms the plot and story arc is simplicity supreme, something Scott and Russell Crowe have never shied away from. There has to my knowledge as well, never been a denial of the debt Gladiator owes to Anthony Mann's 1964 Epic, The Fall of the Roman Empire. Some folk seem very irritated by this, which is strange because the makers of Gladiator were not standing up bold as brass to proclaim they were unique with their movie, what they did do was reinvigorate a stagnant genre of film for a new generatio"
74,Gladiator,Action,2000,Kowalczyk,8,2018-08-12,"Ridley Scott's Gladiator is a real masterpiece of its genre. With its unique battle scenes, cinematography, acting and directing. It's a real must-watch. Shame on you if you haven't watched this movie!"
75,Gladiator,Action,2000,CinemaSerf,8,2023-04-18,"This has got just about everything from ""Spartacus"" (1960) to ""Decline and Fall of the Roman Empire"" (1964) via a bit of ""Quo Vadis"" (1951) to it - and Ridley Scott has managed to create a magnificent spectacle of a film. Russell Crowe is the eponymous soldier ""Maximus"". Commander of the Armies of the Rhine for Emperor Marcus Aurelius (Richard Harris) and his designated successor - until, that is, the emperor's son ""Commodus"" (Joaquin Phoenix) and his sister ""Lucilla"" (an efficient Connie Nielsen) arrive and suddenly it's all change at the top. Betrayed and left for dead, our hero must now make other shifts if he is to survive in his new world - controlled by slave-owning ""Proximo"" (Oliver Reed) and deliver him of vengeance on his new Imperial nemesis. The film looks great, the cast - including some some strong supporting efforts from Sir Derek Jacobi, John Shrapnel, Djimon Hounsou and Tomas Arana all contribute well to this grandeur of this historical saga. The high politics, betrayal"
76,Gladiator,Action,2000,kodkuce,10,2024-12-31,"An epic old movie, an absolute must watch. Even now, I can’t resist running my hands over tall plants whenever I pass by them"
77,Harry Potter and the Philosopher's Stone,Adventure,2001,John Chard,8,2019-07-24,"Ahh, the magic begins.    Harry Potter is an Orphan who on his eleventh birthday discovers he's a wizard and is called to term at Hogwarts School. But Harry is soon to find out that his past, and his destiny, is a truly remarkable, magical, and terrifying thing.    Harry Potter And The Philosopher's Stone arrived in a blaze of publicity, one of the most hyped and talked about motion pictures of the decade had finally arrived. The box office was guaranteed to bulge based on fandom book base alone, regardless of if the film got bad word of mouth or not, it was destined to be a monster smash hit. To someone like me who to this day has never read any of the Harry Potter books, it was easy for me to view objectively without comparison to the source - I enjoyed it immensely upon theatre release, and I still enjoy it equally as much now.    Director Christopher Columbus, I believe has wisely stayed loyal to the source material, and thus pleased the literature masses. Yet not all newcomers to"
78,Harry Potter and the Philosopher's Stone,Adventure,2001,Nathan,8,2022-11-25,"_Harry Potter and the Philosopher’s Stone_ is a masterclass is world building. This movie's world breathes and slowly discovering every inch of it is a joy, from Diagon Alley to Hogwarts Castle.    I would not say the story is overly brilliant, but that is just a catalyst for the world in this first film. Despite its minor drawbacks, it does enough to intrigue the viewer and kept me engaged.    The performances are a little off, which is expected as this film is primarily carried by three twelve-year-olds. But they get better as the film progresses and the adults in the film are able to bring the average up with their amazing performances.    Overall, this movie suffers from being dated with poor effects, CGI, and some rough child acting. Never-the-less, it manages to create an experience like no other and I expect the films to do nothing but improve from the initial entry.    **Score:** _77%_ |  **Verdict:** _Great_"
79,Harry Potter and the Philosopher's Stone,Adventure,2001,CinemaSerf,7,2023-09-02,"It is impossible to imagine a world now, in 2020, that does not include these characters from the fantastically creative imagination of JK Rowling. That she worked closely with Chris Columbus in the creation of this adaptation of her introductory story featuring the boy-wizard means it stays broadly faithful to the book but allows the imagery to replace, rather than duplicate, the narrative. Daniel Radcliffe, Rupert Grint and Emma Watson validate the best in the casting director's art as we set off on this wonderfully enjoyable fantasy adventure. The supporting cast - Richard Harris, Robbie Coltrane, Julie Walters, Zoë Wanamaker et al all add richness to this as young ""Mr. Potter"" and is friends begin to realise their magical potential. John Williams works his wonders creating a score almost as recognisable as his ""Star Wars"" theme and the special effects are gentle, yet sophisticated. It is a bit on the lengthy side, and some of the adaptation sacrifices a little of the humour from th"
80,Ocean's Eleven,Thriller,2001,John Chard,9,2016-08-19,"I got two words for you, mini-bar.    Literally fresh out of prison, Danny Ocean is busy setting up a seemingly impossible robbery. The plan, along with ten other experts he has roped in, is to rob the main vault at Las Vegas that houses the takings from the three main casinos.    The original Ocean's 11 released in 1960 is an OK film, more watchable for the Vegas setting and the irrepressible cast of Rat Packers than for any purpose or structure. That this Steven Soderbergh remake trumps the original in every department is a triumph of entertainment values over pure star appeal. Some would put a case up for the cast of Soderberg's film using stars to entice the audience in? But really at the time of release it was a stretch to put George Clooney, Brad Pitt and Matt Damon (all excellent here) on the same pedal stool as Frank Sinatra, Sammy Davis Jr. and Dean Martin.    The most striking thing about this remake is that the whole cast seem to be enjoying themselves, mainly because they a"
81,Ocean's Eleven,Thriller,2001,Kamurai,7,2020-08-30,"Really good watch, would watch again, and can recommend.    As far as heist movies go, it's excellent, but I think I'm very picky when it comes to heist movies.  In order to get me behind the criminal protagonist, it needs to be overly complex, but not complicated, and there needs to be an alternative motive, such as ""get the girl"".    This entire franchise does a decent job of this, keeping the motives and implementations interesting.  Part of the problem with that is that because of how complex the heist is, have the movie is an explanation of how the heist is going to happen (with JUST enough information left out for misdirects), then there is the actual heist, with some misdirects, and an explanation of the gaps, if not the heist itself, then a resolution.    That's the formula for every heist movie ever, which is part of what makes it boring.  It has to be special to really grab a audience and make it memorable.    This movie does all this with a great cast, and certainly enough p"
82,Ocean's Eleven,Thriller,2001,The Movie Mob,10,2022-08-20,"**My favorite movie of all time! A must-see!**    Ocean's Eleven greatest strength is its emersion of the audience into the midst of a story already in motion. The pacing isn't weighed down by exposition; instead, the viewer discovers important history and surprises simultaneously as the characters on screen. The absolutely brilliant cast is effortlessly charming, whose antics and charisma fuel the movie to be a wonderful ride from start to finish. You can't help but feel welcomed into Danny Ocean's crew. With amazing acting, storytelling, clever twists, and exceptional directing, Ocean's Eleven is a must-see and my favorite movie of all time. As a young teen who stood firmly in the grunge camp of wearing ripped jeans and rock 'n' roll t-shirts, Ocean's Eleven convinced me that every now and then... suits are cool too."
83,Ocean's Eleven,Thriller,2001,CinemaSerf,8,2023-09-02,"As remakes go - I think we will struggle to find one that is better than this across any genre. It's not just that the cast is full of A-listers, it is that Steven Soderbergh has invested just as much time with his story and with the characterisations as he has with the visuals, the gadgets and, of course, just about everyone from Brad Pitt and George Clooney to Julia Roberts and Matt Damon. The premiss being that Clooney ""Danny"" assembles a group of skilled operators with a view to relieving casino owner ""Benedict"" (Andy Garcia) of a great deal of money. Their planning must be meticulous - each having their set tasks that they must deliver precisely to support the overall - dangerous - plan. All looks to be going along well until the boys discover that Julia Roberts (""Tess"") - the ex-wife of their leader - is now dating their mark. Could that compromise their entire operation? The action builds well, here - the contributions from each - especially, for me anyway, Carl Reiner as the cu"
84,Ocean's Eleven,Thriller,2001,Narate,9,2024-11-08,"_""Congratulations, you're a dead man.""_    I mean, this might be the best remake of all time right? I don't like using the term masterpiece but this is pretty close to that. Ensembles are not easy to do well but Soderbergh was able to get this group of beutiful people, make a charming picture and it's got everything you want in a heist movie."
85,Ocean's Eleven,Thriller,2001,Narate,9,2024-11-10,"> ""Congratulations, you're a dead man.""    I mean, this might be the best remake of all time right? I don't like using the term masterpiece but this is pretty close to that. Ensembles are not easy to do well but Soderbergh was able to get this group of beutiful people, make a charming picture and it's got everything you want in a heist movie."
86,Spirited Away,Animation,2001,ZeBlah,10,2019-06-29,"One of the great ""masters"" of the anime art. Somehow, if I would personally associate ""Akira"" to ""self-destruction"", then this anime would be the opposite :)"
87,Spirited Away,Animation,2001,CinemaSerf,7,2024-12-28,"I quite liked the look of the new house that ""Chihiro"" and her parents were to move to, but she isn't so keen, and being ten had the weight of the world on her shoulders. En route to meet the removal men, her dad takes a wrong turning and soon, together with her mum, end up at the end of a tunnel. What would you do? Go in of course! Luckily it's quite a short walk before they find themselves in a small village that's full of shops all laid out for a banquet. Mum and dad tuck in but the young girl just wants to get going. Ignored, she explores a little as they gorge themselves and that's when she encounters the young ""Haku"" who suggests that she might like to leave. Snag is - her parents have quite literally now gone a bit porcine and she's going to have to rely on her new friend if she is to rescue them from an impending visit to the abattoir. A job is her first task, and for that she needs a contract with the wart-nosed witch ""Yubaba"" - and so off we go on a series of marvellously cre"
88,The Lord of the Rings: The Fellowship of the Ring,Adventure,2001,NeoBrowser,10,2013-07-20,"Brooking no argument, history should quickly regard Peter Jackson’s The Fellowship Of The Ring as the first instalment of the best fantasy epic in motion picture history. This statement is worthy of investigation for several reasons.    Fellowship is indeed merely an opening salvo, and even after three hours in the dark you will likely exit the cinema ravenous with anticipation for the further two parts of the trilogy. Fellowship is also unabashedly rooted in the fantasy genre. Not to be confused with the techno-cool of good science fiction, nor even the cutesy charm of family fare like Harry Potter, the territory of Tolkien is clearly marked by goo and goblins and gobbledegook. Persons with an aversion to lines such as, “To the bridge of Khazad-dûm!” are as well to stay within the Shire-like comforts of home (their loss).    With those caveats in place, it bears repeating: fantasy does not come finer. There are electrifying moments — notably the computer-assisted swooping camera throu"
89,The Lord of the Rings: The Fellowship of the Ring,Adventure,2001,gdeveloper,10,2017-11-01,"An epic movie if I ever saw one. Captivating and just plain fun to watch. This movie is, indeed, art."
90,The Lord of the Rings: The Fellowship of the Ring,Adventure,2001,Wuchak,7,2018-03-10,"Tolkien’s adventure/fantasy LOOKS and SOUNDS fabulous, but is not without flaws.    RELEASED 2001 and directed by Peter Jackson, “The Lord of the Rings: The Fellowship of the Ring” adapts the first part of JRR Tolkien’s popular fantasy trilogy about adventures on Middle-Earth. The story starts in the homeland of the Hobbits (innocent, diminutive humanoids) where Frodo (Elijah Wood) is instructed by the noble wizard Gandalf (Ian McKellen) to quickly leave the Shire with the powerful One Ring in his possession. Gandalf and Frodo are later accompanied by seven others, the titular ‘Fellowship of the Ring,’ to take the ring to the only place it can be destroyed, the fires of Mount Doom in Mordor.     The rest of the main cast include Sean Astin (Sam), Viggo Mortensen (Aragorn), Sean Bean (Boromir), Christopher Lee (Saruman), Orlando Bloom (Legolas), John Rhys-Davies (Gimli) and Hugo Weaving (Elrond).            This three-hour fantasy features a diverse cast of colorful characters, quaint b"
91,The Lord of the Rings: The Fellowship of the Ring,Adventure,2001,LadyGreenEyes,8,2018-12-16,"Overall, I give this four stars.  Not five, because some of the changes really bug me, as a long-time Tolkien fan, but a solid four.      The casting, to start, was brilliant.  Sean Astin was the absolute perfect choice for Sam, and did a remarkable job bringing that character to life for us.  He really WAS Sam, in this role, in a very deep way.  I always liked his acting, but here, he showed how talented he actually is.  Just amazing.  Elijah Wood gives a great performance of Frodo, and those expressive eyes of his really add a lot of depth to the emotions the character goes through, which are such an important part of the story.  Billy Boyd and Dominic Monaghan both did great work, for our other two main hobbits.  Their smiles, their singing; just every aspect of these characters was so real.  Viggo Mortensen, of course, was excellent.  He's always good, and though I never would have pictures him as Aragorn, he delivered everything we could hope for.  Great choice for that role!  Joh"
92,The Lord of the Rings: The Fellowship of the Ring,Adventure,2001,JPV852,9,2020-09-13,"Lost count how many times I've seen the ""The Fellowship of the Ring"" but still fantastic after all these years, epic on every level and just all around entertaining, the 3.5 running time just flies by. Will be watching ""The Two Towers"" either tonight or tomorrow followed by ""The Return of the King"". **4.75/5**"
93,The Lord of the Rings: The Fellowship of the Ring,Adventure,2001,Peter McGinn,8,2020-11-09,"Well, I wouldn’t read this review if you are a true fan of fantasy adventure epics, because I am not. Don’t get me wrong, I like this movie and have watched it a few times over the years, but I have watched  (or read, for that matter) very little else in the fantasy  genre. I didn’t get too far into the Game of Thrones as the violent rapes got old for me fast.     So I watched this first entry of the Lord of the Rings trilogy as just a viewer, not a fan, and I liked it just fine. The complex plot held together well and the scenery was gorgeous. There was violence, but not gore, and for those who don’t like war movies, there wasn’t as much of it here as there is in the other two films of the trilogy.    I gather the elfin roles for women were enlarged and brought to the fore, and why not; women were mostly good for setting mead and large pieces of rare meat down on tables in front of their warrior men.    I must confess, I found it jarring that the warriors like Strider were so invincib"
94,The Lord of the Rings: The Fellowship of the Ring,Adventure,2001,r96sk,10,2021-02-16,"Magnificent! A great start to the franchise.    <em>'The Lord of the Rings'</em> is yet another film series that I am incredibly late to viewing, at least I've finally got around to it... albeit almost twenty years on from this film's release.    <em>'The Lord of the Rings: The Fellowship of the Ring'</em> is delightful. I never know what to expect from a film that goes on for nearly three hours, the pacing has to be near perfection for it to work - and boy does it here. The run time flew by, which is always a terrific sign.    I love a load of things about this, the one that actually sticks out most is the outstanding score. Music can play a huge part in how much I enjoy a film, so I'm delighted to say that the score is here is fantastic. That is by no means the only positive, obviously.    The cast are excellent. Elijah Wood gives a strong performance in the lead role. I've seen Wood in others things down the years and have actually found him a bit hit-and-miss, but here he is very g"
95,The Lord of the Rings: The Fellowship of the Ring,Adventure,2001,drystyx,10,2023-04-18,"This film may be perfect.  Based on the fantasy world written by Tolkien, we see the halfling hobbits, the most unlikely of heroes, a breed of human type beings who indulge in pleasures, games, and fun, and do little evil.  In the same world are more powerful beings, some good, like the elves and wizards, some evil, like the orcs, trolls, and dragons, and some in between, like the dwarves and men.  And one evil super being, Sauron, the second in command to the ""devil"" of this world called Middle Earth, and that devil called Melkor is now in chains and powerless, so Sauron rules all evil.  That said, we get a very faithful version to the book, only improved. This is the first of three segments called ""The Lord of the Rings"". The parts left out are parts best left out. Tom Bombadil, for example, along with his wife, represents a very Hitler like Aryan ideology of supremacy that Tolkien often engaged in.   The film begins with a narrative and action sequence that is awesome, and then goes"
96,The Lord of the Rings: The Fellowship of the Ring,Adventure,2001,CinemaSerf,8,2023-09-02,"So now that the picture houses across the UK are beginning to reopen, this is the third film I've settled down to watch in front of a huge big screen - and it's a belter. You can only wonder at the sheer imagination of JRR Tolkien and of Peter Jackson, Fran Walsh & Philippa Boyens as they adeptly adapt this epic tale of power for a new generation. Certainly, it over-hams the accents - maybe just a few too many ""rrrs"" in ""Arrragorrrrn"" but otherwise it's a feast for senses. When the hairy-footed Hobbit ""Bilbo"" (Sir Ian Holm) gets to eleventy-one he sets off to write his life-story with the elves. He leaves his possessions - including a mysterious ring - to Frodo (Elijah Wood). When visiting wizard ""Gandalf"" (Sir Ian McKellen) identifies it as the epitome of wickedness that puts all of their lives are in danger, ""Frodo"" and his lifelong friend ""Sam"" (Sean Astin) must flee their bucolic happiness. This first instalment of the trilogy tracks the journey of the hobbits as they meet ""Stryder"
97,The Lord of the Rings: The Fellowship of the Ring,Adventure,2001,AshenArcanist,9,2025-04-07,"One Trilogy to rule them all. Peter Jackson’s The Fellowship of the Ring, the start of this epic journey, remains unmatched in its reverence for Tolkien’s work – not merely as an epic tale, but as a moral and mythological construct with its own internal gravity. Unlike many contemporary fantasy productions, which often treat Tolkien’s world as a loose template to be re-skinned, Jackson’s film operates as a careful translation, not a reinvention. Every creative decision, from script to score to set design, reflects an understanding that Middle-earth is not a playground, but a legendarium – a world with its own laws, languages, and deeply rooted cosmology. It is this sense of literary responsibility that makes Fellowship not just a good adaptation, but a great one.    Too many modern shows, even those cloaked in Tolkien’s vocabulary, feel less like adaptations and more like speculative reinterpretations – injecting modern anxieties and tropes into a narrative that was already rich in tim"
98,The Lord of the Rings: The Fellowship of the Ring,Adventure,2001,Dr Nostromo,9,2026-06-05,"89/100    60 years after the Hobbit, the ring is passed from Bilbo to Frodo who must walk into the heart of Mordor to destroy it. The introduction of the characters and the roles they play in this adventure is spot-on. The establishment of the Fellowship is logical, handled expertly in both dialog and action with the results being both heroic, full of sacrifice and doomed to failure. The action sequences are incredible and the constant sense of peril dares the viewer to look away. Also has a good dose of humor thrown in for good measure. Classic! -- DrNostromo.com"
99,Harry Potter and the Chamber of Secrets,Adventure,2002,Nathan,8,2022-11-25,"_Harry Potter and the Chamber of Secrets_ is a worthy sequel that improves upon the first and expands the lore in a grand way.    The quality in this film is vastly superior to the first in terms of CGI and acting, which is par for the course as the main trio grows into their roles and as actors. It is evident that the CGI team had adequate time before this film's release because for 2002 the effects are spectacular. From Dobby the Elf to the Basilisk in the Chamber of Secrets, this movie nails creature models and creates very believable interactions between the models and the actors.    Despite this film not having the impact in terms of discovering the magical world of Hogwarts for the first time, the story is able to improve upon its predecessor delivering an all-around stronger plot. There is a real sense of mystery surrounding the Chamber of Secrets and the suspense and hysteria it creates around Hogwarts is very intriguing. The stakes and the plot progression feel elevated here,"
100,Harry Potter and the Chamber of Secrets,Adventure,2002,CinemaSerf,7,2023-09-03,"This second book in JK Rowling's ""Harry Potter"" series sees our trio of wizarding weans start to develop a much closer relationship with each other; and we begin to realise the challenges young ""Harry"" (Daniel Radcliffe) is to face as he grows up. This is much more sinister than the opener; Alan Rickman's ""Prof. Snape"" starts to come into his own as his evil nemesis v Maggie Smith as his professional proponent and ""Dumbledore"" (Richard Harris) starts to develop more as a character too. I could possibly have done without ""Moaning Myrtle"" but the story is well adapted and moves along quickly, with a little more humour than the original too. Again, the score and effects are hugely complementary to what is simply a cracking fantasy adventure story."
101,Spider-Man,Action,2002,tmdb44006625,9,2019-03-09,Sam Raimi's Spider-Man captures the spirit of the comic book hero and it's still one of my all time favourite superhero movies. It lays out the perfect blueprint for a superhero origin story that I love revisiting every year or so. I've always been able to relate to Peter Parker growing up. Tobey Maguire and Co. delivered a great interpretation of the characters in a way that still can not be matched.
102,Spider-Man,Action,2002,CinemaSerf,7,2023-09-03,"Tobey Maguire was always going to have a tough task revitalising this franchise - but I think he has done a decent job here. The geeky, shy, young ""Peter Parker"" bitten by a genetically-modified spider that endows him with superhuman powers, decides to use his newly-found prowess for good. Dressed only in a pair of loosely converted pyjamas, he polices the streets at night apprehending thugs and petty criminals whilst during the day he remains the butt of jokes and pranks at school - usually at the hands of school heart-throb/dim-wit ""Flash"" (Joe Manganiello). He is best friends with ""Harry"" (the handsome, but pretty ineffective James Franco) who is not only the son of mega-rich scientist ""Norman Osborn"" (Willem Dafoe) but who is also dating his own dream girl ""Mary Jane"" (Kirsten Dunst). When his board try to take the ""Osborn"" company away from him, Dafoe starts experimenting with drugs that transfer him from a megalomanic scientist into - well a megalomanic ""Green Goblin"" - and it fa"
103,The Lord of the Rings: The Two Towers,Adventure,2002,NeoBrowser,10,2013-07-20,"Peter Jackson has always maintained that The Two Towers is ""the second act"" of his epic undertaking, and perhaps the true greatness of the middle chapter will only be clear when viewed in context. As a stand-alone film, however, The Two Towers is not quite as good as Fellowship. (Nor, indeed, does it extend the universe or deepen the relationships in the manner of The Empire Strikes Back.) That it still merits the full five stars is merely an indication of how high the benchmark has been set.    Picking up pretty much where Fellowship left off, this is a considerably darker film, with Frodo (Wood) falling further under the influence of the Ring (giving rise to some seriously spooky hallucinations), while Saruman (Christopher Lee) wreaks even more havoc. There's also the first appearance of Saruman's spy, the sinister Wormtongue (Brad Dourif), and the complex Gollum, a brilliant combination of computer trickery and raspy vocals from Andy Serkis (the campaign for a Best Supporting Actor"
104,The Lord of the Rings: The Two Towers,Adventure,2002,Wuchak,6,2018-03-10,"That Damned Ring.    RELEASED IN 2002 and directed by Peter Jackson, “The Lord of the Rings: The Two Towers” adapts the second part of JRR Tolkien’s popular fantasy trilogy about adventures on Middle-Earth. The surviving ‘Fellowship’ of the first film has been divided into three small groups for this one: The Hobbits Frodo and Sam (Elijah Wood and Sean Astin) team-up with the mad Gollum (Andy Serkis) to make their way to Mordor, but are captured by Faramir (David Wenham), the brother of the deceased Boromir. Aragorn (Viggo Mortensen), Legolas the Elf (Orlando Bloom) and Gimli the Dwarf (John Rhys-Davies) encounter the once-great King Theoden (Bernard Hill), who has fallen under the spell of Saruman (Christopher Lee) via his devious minion Grima Wormtongue (Brad Dourif). Meanwhile the Hobbits Pippin and Merry (Billy Boyd and Dominic Monaghan) try to enlist the help of huge tree creatures. Gandalf is also on hand (Ian McKellen). These story threads culminate in the great Battle at Helms"
105,The Lord of the Rings: The Two Towers,Adventure,2002,JPV852,9,2020-09-15,"Still probably my favorite of the three, while it's pretty streamlined and far more action centric with little development compared with Fellowship of the Ring and Return of the King, I always find this one really entertaining with the Helm's Deep battle. **4.5/5**"
106,The Lord of the Rings: The Two Towers,Adventure,2002,r96sk,9,2021-02-17,"I might not have enjoyed it as much as the first film, but <em>'The Lord of the Rings: The Two Towers'</em> is still a terrific film no doubt.    Visually it still looks superb, I really do love the look of these films so far. The main plot is engaging and very interesting, while things like the costumes et al. remain at a high level. There is also top action, including some noteworthy battle sequences.    There are, though, a few bits I found less great - still very good in the grand overall scheme, but just comparably with the 2001 release. I found the pacing to be slightly off in moments, while a few of the new cast members didn't connect to me - e.g. Bernard Hill. The side story, meanwhile, with Billy Boyd and Dominic Monaghan didn't interest me at all... they spend too much of the run time just walking through a forest.    Elijah Wood remains good though. I did enjoy seeing the journey of Frodo and Sam (Sean Astin). Andy Serkis also gets more screen time with that aforementioned d"
107,The Lord of the Rings: The Two Towers,Adventure,2002,drystyx,10,2023-04-18,"An awesome middle story of the trilogy.  The world of hobbits, elves, dwarves, and others finds a fellowship of nine beings separated to go on different paths. One is dead. Two are captured by orcs. One is presumed dead, but returns in a more powerful form. Three go to war.   The other two become the focus of this story. Hobbits Frodo and Samwise take a magic ring into the land of a devil and his beings, and find a guide, the pathetic Gollum, to aid them.  Meanwhile, the three at war meet with the most interesting and multi dimensional character, King Theoden, and aid him against an onslaught of orcs and Uruk Hai.   A lot of subplots go on, making this an unusually good connecting piece to the first and third films."
108,The Lord of the Rings: The Two Towers,Adventure,2002,CinemaSerf,8,2023-09-03,"Having used the first film to magnificently, if - at times - a little too earnestly, set the scene and establish the characters, Peter Jackson now cleverly interweaves the continuation of the story as ""Frodo"" (Elijah Wood) and ""Sam"" (Sean Astin) take their evil talisman and make their way to the treacherous ""Mount Doom"" - alighting on the untrustworthy ""Gollum"" (a wonderful Andy Serkis) en route - to destroy it. Meantime ""Gandalf"", ""Aragorn""; ""Gimli"" and ""Legolas"" must track down ""Pip"" and ""Merry"" and stop ""Rohan"" from being over-run by the marauding hordes of ""Saruman"". This is certainly my favourite of any of the Wingnut Productions - the drama is compelling, exciting and the performances from all really draw you into the jeopardy of our questers. The imagination of the author is now in full swing as battle lines are firmly drawn - even the mud seems to be taking sides; the trees certainly do! The CGI is less effective in this film; particularly when used against the close up and the"
109,The Lord of the Rings: The Two Towers,Adventure,2002,Dr Nostromo,9,2026-06-23,"93/100    While Frodo & Sam, with the addition of a new traveling companion, Gollum, travel to Mordor, the other hobbits try to convince a tree shepherd to go to war and the Rohan go to Helm's Deep in an attempt to save their people from a massive army. The fact that this film effectively splits the story into several threads, all given proper depth and connecting them all together into a cohesive whole, is what makes this such an epic film. The first time I saw the siege of Helm's Deep, I was stunned. And yet, ""...the battle for Middle-earth is about to begin."" Amazing film! -- DrNostromo.com"
110,Finding Nemo,Animation,2003,r96sk,9,2020-07-22,"Utterly stunning.    There isn't anything to dislike about <em>'Finding Nemo'</em>, it sets the tone perfectly and expertly tells the tale of Nemo, Marlin and Dory. Considering how the story goes, the film does an outstanding job at seamlessly switching between Nemo's adventure and his father's - it's truly terrifically done.    This also includes a whole bunch of memorable characters and voices. Alexander Gould, Albert Brooks and Ellen DeGeneres are the obvious stars as the early mentioned trio. There's a load of others though, with Willem Dafoe (Gill), Geoffrey Rush (Nigel) and Barry Humphries (Bruce) all giving excellent performances.    The animation is superb, a few moments haven't aged as greatly but the absolute vast majority still looks unbelievable. The premise is funny, cute and heartwarming - as it keeps one's attention from start-to-finish. The score is fantastic, too.    Highly recommended."
111,Finding Nemo,Animation,2003,John,10,2021-04-07,"Awesome ocean visuals and fun story do a good job glossing over dark themes of loss, addiction, hopelessness and despair."
112,Finding Nemo,Animation,2003,CinemaSerf,7,2023-06-09,"""Nemo"" is your typically adventurous and curious offspring. Living amidst the wonders of the Barrier Reef has began to wear on the young clownfish, though, and he yearns for the open ocean. His dad knows best and has forbidden him from leaving the safety of their home waters but one day his nose gets the better of him as he espies a fishing boat and next thing he is caught by a diver who whisks him off to the surgery of a dentist where he is deposited in a tank with some fellow prisoners - awaiting the arrival of the man's daughter who is to be the new owner of ""Nemo"". Now young as he is, he's not without nouse and is soon working on a plan to return to the open sea - which they can all see from the window! Meantime, pop ""Marlin"" is in a panic and in his search for his wayward son encounters ""Dory"" - a forgetful fish who thinks she's seen a boat, but then again... Loads of colourful and enjoyable escapades follow as the pair use ingenuity and take quite a few risks to become reunited."
113,The Lord of the Rings: The Return of the King,Adventure,2003,NeoBrowser,10,2013-07-20,"And so all good things come to an end. For three years in a row, Peter Jackson has banished our winter blues with the individual instalments of his Tolkien trilogy, effectively shifting the focus of our cinematic excitement from the summer months to the end of the year. But now that his epic has been unveiled in its entirety, what will be the lasting effects of his achievement?    Well, grand-scale fantasy filmmaking is back on the menu, laying down the gauntlet to George Lucas and Star Wars Episode III. Jackson has also proved that notions of risk and ambition needn't be confined to the low-budget, indie end of the spectrum; nor does California have an exclusive stranglehold on groundbreaking special effects.    And then there's the DVD factor. Just as The Lord Of The Rings was upping the stakes in theatres, so too was its DVD release pattern defining what can (and should) be done on disc for major movies.    In particular, the four-disc extended editions seem to have affected the dir"
114,The Lord of the Rings: The Return of the King,Adventure,2003,Wuchak,5,2018-03-11,"Too much CGI, redundancy, clichés and drawn out “looks of love” for my tastes.    RELEASED 2003 and directed by Peter Jackson, “The Lord of the Rings: The Return of the King” adapts the third part of JRR Tolkien’s popular fantasy trilogy about adventures on Middle-Earth: Frodo (Elijah Wood), Sam (Sean Astin) and Gollum (Andy Serkis) continue to try to make their way to Mount Doom to destroy the One Ring. Meanwhile Aragorn (Viggo Mortensen), Legolas the Elf (Orlando Bloom), Gimli the Dwarf (John Rhys-Davies), Gandalf the wizard (Ian McKellen), King Theoden (Bernard Hill) and Faramir (David Wenham) join forces to fight Sauron's army at the stone city of Minas Tirith and, later, draw the forces of Modor out as a distraction for Frodo to accomplish his goal. Billy Boyd and Dominic Monaghan are on hand as Hobbits Pippin and Merry.            While I’m a casual fantasy/adventure fan and have read numerous books of the genre (e.g. Conan, Tarzan, Gor, etc.), I’ve never read Tokien, likely beca"
115,The Lord of the Rings: The Return of the King,Adventure,2003,JPV852,10,2020-09-21,"Great finale to a great trilogy. The action and battle sequences were amazing and even though I've seen this a few times over the years, still thrilling to the end. I didn't even mind the multiple endings as I had in the past, nice each character got their due. **4.75/5**"
116,The Lord of the Rings: The Return of the King,Adventure,2003,r96sk,10,2021-02-19,"An outstanding end to the trilogy.    I expected a lot from <em>'The Lord of the Rings: The Return of the King'</em> so I am delighted to see it produce on so many levels. I, funnily enough, wouldn't actually say it's necessarily the most perfect execution - what with the plot coincidences and extreme character armour. But that doesn't matter one jot whatsoever, as the story wraps up in arguably the best way - at least to watch - possible. It has so much heart and feeling to it.    The story involving the characters of Elijah Wood, Sean Astin and Andy Serkis remained the most interesting to me, I was very satisfied with how it concluded in regards to them. I also enjoyed the bits we got of Viggo Mortensen, Ian McKellen & Co. All that added to the beautiful look and creation of the film, with the world coming alive splendidly.    If I were to nit-pick further, I would say the run time is slightly too long. The pacing is absolutely fine, very good in fact, but I coulda done without a few"
117,The Lord of the Rings: The Return of the King,Adventure,2003,drystyx,10,2023-04-18,"A fitting end to a classic trilogy.  Frodo, Samwise, and Gollum journey through a Hell on what is called ""Middle Earth"", while Gandalf, Aragorn, Gimli, and Legolas go to war. King Theoden must decide whether to help those who would not help him. Merry wants to war, but is too small. Pippin finds himself getting in more and more mischief.  Lots of subplots. Never a dull second. Masterfully dierected.  What more can be said? Truly mesmerizing every step of the way, and a movie with maybe four endings that just lead into each other, and we still can't get enough."
118,The Lord of the Rings: The Return of the King,Adventure,2003,CinemaSerf,8,2023-09-03,"I've just seen this on the big screen for the first time since I saw it at London's sadly now long-gone Odeon at Marble Arch, which - at the time - boasted the biggest screen in the UK, and it has lost little of it's magic. Continuing with the interwoven tales of ""Frodo"", ""Sam"" and their treacherous guide ""Gollum"" as they trek through fire and brimstone to get the ring to Mount Doom; whilst Gandalf, Aragorn and the surviving members of the fellowship try to stem the might of ""Sauron"" and his armies of orcs and their allies. While this is undoubtedly a magnificent piece of cinema, I find the story drags a bit. I found the the focus to be too much on the less interesting characters - the lovelorn ""Eowyn"" (Miranda Otto); the delusional ""Denethor"" (John Noble) and decent but rather wimpish ""Faramir"" (David Wenham) as ""Gondor"" faces the wrath of their nemesis, and that slows the pace from the action just when it ought to be building. The delightful, friendly, rivalry between ""Gimli"" & ""Lego"
119,The Lord of the Rings: The Return of the King,Adventure,2003,Dr Nostromo,10,2026-07-02,"100/100    As the war for middle-earth grows to unbearable levels, Frodo and Sam's desperate attempts to get to Mount Doom and destroy the ring faces horrific resistance both externally and internally. Quite simply the best fantasy film ever made and, overall, one of the finest films ever made. The ability of the film to continue the events presented in the first two films and take them to a phenomenal level is grand in scale and epic in vision. The warfare scenes are a visceral, sometimes painful, sight to behold. An amazing end to an incredible journey! - DrNostromo.com"
120,Harry Potter and the Prisoner of Azkaban,Adventure,2004,Nathan,9,2022-11-25,"_Harry Potter and the Prisoner of Azkaban_ is fantastic! This entry is another drastic step up from the previous film and the tone takes a dramatic shift in terms of seriousness.    The quality and cinematography are simply brilliant in this film. There are so many amazing shots and sequences that just had me completely enamored. These films are ahead of their time for sure.    Harry Potter and the Prisoner of Azkaban has the best plot of the series so far. There is a constant threat looming in the background throughout the entire film that is known from the opening minutes. Sirius Black's menacing posters and headlines create a real sense of danger, and he truly seems mad. The dementors also deliver a serious threat on screen. Their introduction is terrifying, and their presence is felt in every scene.    One of my favorite things about this film is the conclusion, the time traveling elements are perfect and answer so many questions that I had when running through the finale the first"
121,Harry Potter and the Prisoner of Azkaban,Adventure,2004,CinemaSerf,8,2023-09-04,"I recall the controversy as this was released. Alfonso Cuarón consciously decided to darken this film, and the light-hearted stories of the first two are replaced by an edgier approach to this tale for our wizarding trio. The world's most wanted wizard ""Sirius Black"" (Gary Oldman) escapes from ""Azkaban"" allegedly bent on the destruction of ""Harry"". The script has more by way of addition to the original book, but in a complementary - not detracting way. As the children grow into young adults, we are exposed to a scarier side of their existence - the ""Dementors"" that are supposed to protect the innocent and the ""Boggart"" all serve to introduce a physical fluidity to this shape-shifting environment of peril in which they now exist. The presence of ""Valdemort"" becomes more omnipresent and there is so much more substance to the stories now. Sir Michael Gambon takes over the role of ""Dumbledore"" without quite the presence of Richard Harris, but we can tell now that this series is heading for"
122,Howl's Moving Castle,Fantasy,2004,Andres Gomez,9,2013-11-26,Really good movie staging in a fictional center European country. The drawings are great and the story is as delicate as any other from Miyazaki.
123,Howl's Moving Castle,Fantasy,2004,CinemaSerf,8,2023-09-04,"Certainly my favourite Miyazaki film. The animations are a touch angular, but colourfully and stylishly depict this story of a beautiful young girl who is cursed by an evil witch. In despair, she sets off, directionless, from home and comes across ""Howl"" and his moving castle - and the sprite ""Calcifer"". She begins a journey of discovery - about herself as much as anything. ""Howl"" - the ultimate free spirit is also facing down demons of his own that he is struggling to reconcile with. ""Calcifer"" provides the conduit for them to get to better understand each other and also much of the humour as they seek to break the spells that bind them. This works on many different levels and each time I see it, I seem get something different from it."
124,Harry Potter and the Goblet of Fire,Adventure,2005,John Chard,7,2019-01-28,"Do not do so lightly! If chosen, there's no turning back. As from this moment, The Triwizard Tournament has begun!    Year four at Hogwarts for Harry Potter and his chums, and it's a time of change, chance and danger. The prestigious Triwizard Tournament is being hosted and the applecart is turned upside down when Harry, unqualified and underage, is selected by the Goblet of Fire to be one of Hogwarts' competitors. If the thought of competing in such a dangerous tournament wasn't scary enough, Harry also has the worry of finding a date for the Yule Ball to contend with!     The Prisoner of Azkaban set the marker for a darker, more grown up Potter picture, a high standard that Goblet of Fire, and new director Mike Newell, arguably had no hope of attaining. But it's not for lack of trying, and in fairness Newell and the team have managed well enough to blend the blackness that comes with the impending arrival of Lord Voldermort (Ralph Fiennes), with the burgeoning ping of teenager hormon"
125,Harry Potter and the Goblet of Fire,Adventure,2005,Nathan,9,2022-12-01,"_Harry Potter and the Goblet of Fire_ is an absolute spectacle. I am a huge sucker for tournaments in films and this hit every single note for me; intensity, stakes, creativity, it is all there.    Our main cast is doing some of the best acting of the series, Daniel Radcliffe really raises his performance up a notch and establishes himself as the lead of the franchise. His acting is refined and mature and he does an excellent job portraying his emotions with not only his line delivery but his facial expressions and body language. He really broke through here and it was a joy to see. Rupert Grint and Emma Watson were great, but they had a slight decrease in screentime and really were sidelined during this film. The introduction of Robert Pattinson as Cedric Diggory brings an interesting dynamic to the story, as Harry Potter has somewhat of an older brother figure to contend with. The relationship and chemistry between the two builds and brings some emotionally heavy scenes throughout."
126,Harry Potter and the Goblet of Fire,Adventure,2005,CinemaSerf,7,2024-07-20,"Possibly the weakest of the series, this one, for me. Our trio start by visiting the Quidditch World Cup which is invaded by the evil ""Death Eaters"" who reduce everything to ashes in their search for ""Harry"". Shortly afterwards, the ""Tri-Wizard Cup"" comes to Hogwarts - a good excuse to introduce some new characters amongst them Frances de la Tour as the enormous ""Madame Maxime"" and Roger Lloyd-Pack as ""Barty Crouch"" as each school chooses their champion to take part in the potentially lethal games. ""Hogwarts"" chooses ""Cedric Diggory"" (Robert Pattinson) but the goblet also chooses our ""Harry"" and so four go into the competition. As this description, so far, probably indicates - there is an hell of a lot going on here and not surprisingly the adaptation to the screenplay starts to leave out detail and characterisation. To do the story justice, it ought to have been two films - we spend way too long establishing and when we get to the climax, it all seems a bit too rushed. Mike Newell sim"
127,Kingdom of Heaven,Drama,2005,Wuchak,6,2018-09-25,"Good start and ending, weak middle, but magnificent photography and haunting score      ""Kingdom of Heaven"" (2005) isn’t as good as contemporaneous sword & sandal flicks ""Troy"" (one of my favorites) and ""King Arthur"" (very good), but it's not bad either.    THE PLOT: After the death of his child and suicide of his wife, Balian (Orlando Bloom) meets his long, lost father (Liam Neeson) who encourages him to go to Jerusalem and start a new life. After a long eventful trip, Balian arrives in Jerusalem and is introduced to Princess Sibylla (Eva Green), the leprous King Baldwin and other VIPs. The political maneuverings of these key personnel is mindboggling (I suggest using the subtitles to keep track of who’s who) but, when all is said and done, Balian must rise to the challenge of defending the city against Saladin (Ghassan Massoud) and his great Muslim army.    Like ""Lawrence of Arabia"" (1962), ""Kingdom of Heaven"" is a film that can be enjoyed just for the visuals and soundtrack. The fil"
128,Kingdom of Heaven,Drama,2005,BornKnight,8,2024-02-20,"One of the most hated movies by Ridley Scott, that shows the difference of what versions and cuts can have on a movie. This movie have a Theatrical version (144 min.) a Director's Cut (189 min.) and Director's Cut Roadshow Version (194 min.) (that I watched years after watching  the theatrical on cinema).     The movie is loosely based on the story of Balian I of Ibelin (originally a noble of French or Italy, but portraited as his son in this movie and epoch) travels to Jerusalem during the Crusades of the 12th century, and there he finds himself as the defender of the city and its people.    A tale of noble actions and ideals on the 2nd Crusade among equally noblesse and troubled people. It is not totally historically accurate (let's say 50%) but is one of the most impressive movies about the crusade with all the desert, sun and bloody scenes than you can imagine (and a fictional end).    Originally a 7.0 raised up to a 7.8 out of 10.0 in this version B+ (not sure if this is the versi"
129,Pirates of the Caribbean: Dead Man's Chest,Adventure,2006,Andre Gonzales,8,2023-07-26,Part 2 introduces Davy Jones. Jack Sparrow has owed Davy a debt. Now Davy intends to make Jack make good on that debt. One way or another. Really awesome sequel.
130,Pirates of the Caribbean: Dead Man's Chest,Adventure,2006,CinemaSerf,7,2023-09-02,"I usually think that a good spell of time between an original and a sequel is a good thing. It gives everyone space to refresh the ideas and develop the characterisations. That's pretty much what Gore Verbinsky has done with this superior follow-up to the 2003 story. This time, we don't really need to spend much time on the who's who bits, so can head straight to the action which for the next 2½ hours follows ""Jack Sparrow"" (Johnny Depp) double-dealing as only he can trying to stay one step ahead of the vengeful ""Davy Jones"" (Bill Nighy) with whom he made a deal that means it's now his turn to enter hell. Meantime, ""Will"" (Orlando Bloom) and ""Elizabeth"" (Keira Knightley) are having problems of their own, and when he has to try to kidnap ""Jack"" with his compass for the dastardly ""Lord Beckett"" (Tom Hollander) in return for her safety he, en route, becomes reunited with his rather curmudgeonly (and barnacled) father (Stellan Skarsgård). It seems that both ""Will"" and ""Jack"" cannot both ge"
131,Pirates of the Caribbean: Dead Man's Chest,Adventure,2006,honeybee <3,9,2026-08-30,"In most aspects, this movie earns five stars. But the whole ""Elizabeth loves Will, but the compass points to Jack/weird sexual tension with Jack"" was kind of stupid. There's really no need for the leading lady to have a thing for BOTH leading men, especially since it never becomes anything bigger. Will seeing Elizabeth kiss Jack led to a rift in their relationship that could have been easily fixed with simple communication (and I am not a fan of the miscommunication trope). I'm also a little tired of films that show women only being able to get what they want through seduction. Elizabeth is a skilled swordsman; she could've tied Jack to the mast in literally any other way. But other than that, a great movie. ""Davy Jones"" by Hans Zimmer is A BOP!!!    > (4.5/5, originally reviewed 8/7/24)"
132,Bridge to Terabithia,Adventure,2007,Joe,9,2017-05-05,"Beautiful movie! So sweet, adorable and sad and hard-hitting at times too!"
133,Bridge to Terabithia,Adventure,2007,r96sk,7,2020-11-05,"Starts as a run-of-the-mill film, but I'll be honest I didn't see that turn in the second half coming - in a good way.    <em>'Bridge to Terabithia'</em>, in my opinion, is just short of being anything more than good, but I go away from viewing it in a much more touched state than I would've predicted at the midway point; the second half is very well done.    Josh Hutcherson (Jess) and AnnaSophia Robb (Leslie) make for a fine pairing, I bought their friendship from the beginning - Hutcherson's performance steadily gets better as the film progresses. I also took notice of Robert Patrick (Jack) and Zooey Deschanel (Ms. Edmunds), but it's very much the Hutcherson/Robb show.    Overall, it's an endearing film with a pretty creative premise. I like it."
134,Iron Man,Action,2008,Gimly,8,2018-06-04,"**A long form review originally posted in 2010:**    Marking the beginning of the latest Marvel franchise, _The Avengers_, is Jon Favreau's _Iron Man_.    I'm quite fond of Super Hero movies, I don't love them to the same extent that I do the slasher or psychological thriller genres, but they do hold a small place in my heart all to themselves. I'm pretty pumped for this whole ""Avengers"" thing to come to fruition, 'cause honestly it's all been great so far, starting with Iron Man, whom Robert Downey Jr. (_Natural Born Killers, Gothika, Kiss Kiss Bang Bang, A Scanner Darkly, Zodiac, Sherlock Holmes, Due Date_) portrays, and incredibly so.    It's important to set yourself a starting point. More specifically, what I mean is, a reason. Batman's parents were murdered, and his home was destroyedby crime; The Punisher's whole family was murdered in front of him and he big-time snapped; characters like the X-Men and the Fantastic 4 are defending themselves and end up having a penchant for wor"
135,Iron Man,Action,2008,tmdb44006625,8,2019-03-09,"Iron Man did a lot more than just launch the Marvel Cinematic Universe. It was the first comic book movie in a long time to integrate the fantastical nature of superheroes and supervillains into a real world setting with consequences. It also showed how great of a filmmaker Jon Favreau is and rebooted the career of Robert Downey Jr.    For all this, Iron Man is a fantastic movie, still one of the best MCU films. It's so much fun to watch. Yet it displays a lot of intelligence, exploring the internal dilemma of a man profiteering off war when faced with the harsh reality that he is part of a system that corrupts absolutely."
136,Iron Man,Action,2008,The Peruvian Post,8,2020-02-17,"When director Jon Favreau and Sarah Halley cast Robert Downey Jr, they glimpsed something magnificent: a more-than-skilled actor who faultlessly portrayed the role of Tony Stark. Despite Favreau's initial decision in choosing a fresh face, he ended up delighted due to his charismatic, natural and comfortable attitude. He did not realise it yet, but he was moulding with the right measures a whole superhero cinematic universe which lasted until today and still goes for more.    The filmmakers took the proper time to introduce a character whose production was undecided since New Line Pictures argued that the main character [Iron Man] had no potential to be brought up to the theatres. Therefore, planning from scratch a prosperous superhero who was not related to the typical Fantastic Four, X-Men or Spider-Man [famous superhero films of the 2000s] was quite a challenge. However, the director unquestionably demonstrated his skills at the visual effects, the rock metal music, the accurate dia"
137,Iron Man,Action,2008,r96sk,9,2021-01-13,"My first taste of the Marvel Cinematic Universe. A great start!    I absolutely enjoyed seeing <em>'Iron Man'</em>. Robert Downey Jr. is terrific as the titular character, who is a blast to watch throughout - love the design! The plot is very entertaining, I like how it tells the story; simply, but very effectively. Terrence Howard, Jeff Bridges and Gwyneth Paltrow, meanwhile, all add to the film with good performances.    The special effects are very neat, as are all the action sequences. I will say the score isn't the strongest, at least in terms of what I'd expect from this sorta film. I wouldn't say it's bad per se, just not as spectacular as it could've (should've?) been; especially with someone like Ramin Djawadi composing. I love a film with great music, so hopefully that improves as I watch the MCU expand.    I know, I'm extremely late to this particularly party but happy to finally begin watching."
138,Iron Man,Action,2008,Filipe Manuel Neto,9,2022-06-22,"**An excellent film, which only loses a little in some details related to the writing of the script and the conception of some characters.**    I'm not a fan of superhero movies, but like any movie fan in general, I've seen a good handful of them. This was the first film made by Marvel and financed by the company itself, and it brings us one of its most acclaimed heroes. The film shows how a young playboy millionaire named Tony Stark, with a fortune inherited from his father and largely made from the production and sale of weapons, becomes a vigilante determined not to allow the misuse of the weapons he sells. I don't know much about comics, but I believe that the film was limited to adapting to the cinema a story already written on paper about the origins of the character, giving it, perhaps, a touch of the present.    The plot is one of the strongest points of the film, not only for the way it introduces the character in the context of the current geopolitical conflicts (with the Mid"
139,Iron Man,Action,2008,The Movie Mob,10,2023-02-11,"**Iron Man had all the class, quirks, genius, and fun to birth one of the greatest film franchises in cinematic history.**    The movie that started it all. That created the personality of a multi-billion dollar entertainment behemoth. That introduced the world to the first of many characters that have become household names and cultural icons. Iron Man stormed on the screen with a lead actor that Hollywood had given up on and a small start-up studio without a single movie under its belt backed by Disney, who had little to no live-action comic experience of their own. But director Jon Favreau’s adlibbed approach leveraged the strengths of his cast and created a world that was simultaneously realistic and magical - where a man could build a flying suit of armor, or a Thunder god could fall in love with a quirky mortal. Many forget that Robert Downey Jr’s personal struggles had left him blacklisted by many in Hollywood, making his casting a risky stroke of brilliance. The result of all t"
140,Iron Man,Action,2008,Andre Gonzales,6,2023-07-05,An ok movie. I just wish there was more action. The storyline was great but could have been a lot better with more action.
141,Iron Man,Action,2008,CinemaSerf,7,2024-06-03,"Having inherited his father's skill, ""Tony Stark"" is supplying just about every bit of military hardware to the US Government. On a trip to Afghanistan, however, his convoy is ambushed and he is seriously injured. He awakens in a cave, held hostage by insurgents, and with the help of co-captive ""Yinsen"" (Shaun Toub) must use all of his skills to stay alive and to find a way out of his predicament. Cannibalising just about every bit of kit he can find, he concocts a power source to keep him alive and a suit of armour that enables him to fight his way out. Once free, he determines to further hone this flying suit of armour and use it for the common good. His business partner ""Vanko"" (Jeff Bridges) soon realises there are other, more lucrative, uses and a conspiracy is soon afoot. Can ""Stark"" thwart him and save the day? As ever, there is no jeopardy whatsoever - what this is, is a fun action adventure with loads of top notch visual effects and quite a bit of humour in a script well deliv"
142,Iron Man,Action,2008,Manuel São Bento,9,2025-07-17,"The true miracle of Iron Man isn't just that it launched the biggest cinematic franchise of all time - it's that it works so well on its own terms. Made without a finished script and relying heavily on actor improvisation, the film somehow emerges as a cohesive, emotionally resonant origin story that still holds up nearly two decades later. Robert Downey Jr. doesn't just play Tony Stark; he *is* Tony Stark, embodying a character arc that transforms a narcissistic billionaire into a man of purpose with surprising nuance and authenticity. His natural wit, emotional intelligence, and lived-in charm carry the movie, but it's the grounded direction - practical suits, real locations, restrained CGI - that gives Iron Man its timeless grit and weight. The first suit-up scene alone remains one of the most satisfying moments in the entire MCU.    Jeff Bridges gives Obadiah Stane just enough calm menace to make his escalation feel earned, even if predictable. And Gwyneth Paltrow's Pepper Potts de"
143,The Dark Knight,Action,2008,talisencrw,10,2016-05-25,"This has no competition. It is the very finest comic-book character movie ever made. Knowing the Burton, Donner and Nolan filmic adaptations of Batman and Superman exist helps me to sleep at night. They are Exhibit A of 'How to Make a Comic-Book Movie'. Nothing else has ever come even remotely close. These seven films (I include 'Superman II' because it was mostly Donner's work)--and Nolan's trilogy especially--are what I imagine a great director like Kubrick, Hitchcock or Kurosawa would have come up with, if they had ever been asked to make a Superman or Batman movie. They are the easiest for an audience to identify with because in these the scripts most approximate human emotions and the typical conundrums of the human experience--in short, are the closest, in a good way, they come to the complexities of the human condition. Peerless."
144,The Dark Knight,Action,2008,tmdb22590444,10,2019-05-03,"One of the best movies of all time. Christopher Nolan has brought us the Batman trilogy that it made it feel it could happen today. Christian Bale returns as Batman, was able to perform as wonderfully as he did in Batman Begins. The one person that ultimately stole the show had to be the late Heath Ledger who played as the Joker. His performance as a psychotic clown terrorizing Gotham City was one of the best performance as a superhero villain. One of the best parts of the Joker was when he was telling his victims on how “he got his scars?”. Another great part was when he kidnapped a police officer and he was recording it while scaring the man and also giving a warning to Batman. The supporting actor and actresses did a good job of delivering the story. I was disappointed that Katie Holmes did not return as Rachael Dawes but the actress how played as her Maggie Gyllenhaal did a really good job. One of the best parts of Christopher Nolan is that in every movie of his, the cinematography"
145,The Dark Knight,Action,2008,tmdb79614358,10,2020-11-30,"A Masterpiece!!! I Love how The Dark Knight shows to me the ""Dark & Gritty Tone"". Overall, Nolan give us the Game changing, best superhero film OF ALL TIME. For me it's 10/10"
146,The Dark Knight,Action,2008,EDSR,3,2021-09-13,"A sickening, borderline fascist film that is simultaneously dull and harmful. The editing represents that of an anti-pirate commercial and the politics are beyond reprehensible. The film ends with a monologue about how violent law-enforcement and brutality is what the country needs, but does not deserve. Nolan clearly did not intend for any subtext, yet that is not an excuse, if anything, that makes it worse. He includes these scenes to make the film more dark and edgy, yet there are people, from suppressed countries, who have to live through the hardships of violence from law-enforcers and dictatorship every day, and in his obliviousness, Nolan thinks that using this in a superhero film is a good excuse for self-importance. He is a war profiteer, and exploiter, and this is nothing short of disgusting."
147,The Dark Knight,Action,2008,AstroNoud,10,2022-02-26,"Unforgettable crime film with good dialogue, thrilling action and chase scenes and once again a magnificent cast (most notably a terrifically terrifying Ledger) and superb score.    10/10"
148,The Dark Knight,Action,2008,CinemaSerf,7,2022-07-14,"Heath Ledger is outstanding in this follow up to the 2006 ""Batman Begins"" outing for the caped crusader. His portrayal of the malevolent ""Joker' is confident and highly entertaining, treading a fine line between supreme intellect and total insanity with considerable aplomb. He comes back to terrorise ""Gotham"" after ""Batman"" (Christian Bale), ""Gordon"" (Gary Oldman) - now Commissioner in charge of the police force, and newly installed District Attorney ""Dent"" (Aaron Eckhart) had made progress getting the criminals off the street. The ""Joker"", meantime, decides that the best strategy is to rob the mob - and pitching them all against each other, and with the help of the duplicitous ""Lau"" (Chin Han) manages to secure enough of their funds to initiate a campaign of lawlessness that is ruthless, manipulative and good fun to watch. Not only has the man in black his new, potent, nemesis to deal with - but he also begins to realise that his childhood sweetheart ""Rachel"" (this time Maggie Gyllenh"
149,The Dark Knight,Action,2008,The Movie Mob,10,2022-08-19,"**Overall : A cinematic marvel and once-in-a-decade masterpiece.**    This isn't simply a superhero movie or a Christopher Nolan film. The Dark Knight is a masterpiece. A perfect film. An epic scale with magnificent action pieces, oscar-winning performances, incredible writing, excellent pacing, dazzling special effects, and the list goes on and on, including the set design, costumes, and more. But, Christopher Nolan did more than make the greatest superhero movie of all time. He made one of the greatest movies of all time! All this is elevated further by Heath Ledger's once-in-a-lifetime portrayal of the Joker. Ledger was born for this role with a performance in league with Anthony Hopkins' Hannibal Lecter or Val Kilmer's Doc Holliday."
150,The Dark Knight,Action,2008,drystyx,1,2023-04-18,"Even worse than Tim Burton's Batman, although obviously copying the neo Nazi ideology of ""kill all the brunettes you can in a movie"".  This is so predictable and so poorly written that it boggles the mind. Yet there is a fan base of what can only be described as neo Nazis. I guess those fans were poor cuckolds who got jilted by too many brunettes at a young age, and they couldn't get over it.  That's about the entire story here. Oh, the Joker kills anything he sees. Whoopee. And he's invulnerable. And he's a demigod who can only be beaten by another demigod.  So, we've got traditional mundane Greek heroes and villains here, just like most Hollywood movies.  Unfortunately, the fans of these traditional Hollywood movies are the loudest people on Earth, and the biggest control freaks. It's ridiculous to believe there are actually this big a percentage of fans for this kind of depressing Hollywood formula movie making, but if you look at Imdb's top 250, you see such movies make up over hal"
151,The Dark Knight,Action,2008,Andre Gonzales,7,2023-04-25,I enjoyed watching the Dark Knight. They were at least able to keep the same batman from the the last one made too.
152,The Dark Knight,Action,2008,James,8,2023-10-14,If I can hold my pee for a whole two and a half hours rewatching a film I’ve already seen then I love it.
153,The Dark Knight,Action,2008,maxim,10,2024-12-13,I'm deeply in romantical love with the joker. this movie made my delusions worse
154,The Dark Knight,Action,2008,RalphRahal,10,2024-12-17,"The Dark Knight (2008), directed by Christopher Nolan, isn’t just another superhero film—it’s a gripping piece of cinema that balances action, emotion, and a deep exploration of morality and chaos. It’s the kind of movie that lingers with you, not because of its spectacle, but because of the questions it asks and the unforgettable performances it delivers. Chief among those is Heath Ledger’s Joker, a portrayal that reshaped how we see villains.    Ledger’s performance as the Joker is nothing short of extraordinary. He’s chaotic and unpredictable, yet his presence is magnetic—every moment he’s on screen feels alive with tension. From his unsettling voice to his haunting laugh, he created a character that’s terrifyingly human yet larger than life. Ledger didn’t just act the part; he became the Joker, and it’s a performance that still sends chills down your spine. It’s no wonder he was awarded a posthumous Oscar—this wasn’t just a role; it was a transformation.    Christian Bale continues"
155,The Dark Knight,Action,2008,anishmystery,8,2025-08-01,"Christopher Nolan's The Dark Knight is a masterclass in storytelling, tension, and character depth. Anchored by Heath Ledger's haunting and unforgettable performance as the Joker, the film transcends the superhero genre to become a gripping crime thriller. Christian Bale returns as a conflicted Bruce Wayne, navigating the moral complexities of justice in a city on the brink of chaos. With a tight script, stunning visuals, and Hans Zimmer's iconic score, The Dark Knight is not just a great Batman film-it's one of the best films of the 21st century."
156,Avatar,Science Fiction,2009,John Chard,5,2020-04-25,"It's cinema Jim, but not as we know it.     So here it is then, what has been in gestation in James Cameron's mind for over 12 years finally hit the silver screen towards the back end of 2009. Made for gazillions amount of cash, Avatar went on to make a billion trillion in Worldwide receipts-and this before the rush rush release of DVD/BLU RAY sales are factored into the equation. The film, and all its technical wizardry, is quite simply a gargantuan piece of cinematic history. Released in 2d and 3d, and probably some other format that I'm forgetting, every advanced tool of the trade has been utilised by Cameron and his team to create what is now the ultimate popcorn blockbuster. Shame then, that away from the visual extravaganza the film is as shallow as this review will ultimately end up being.    No doubt about it, this is a joy for the eyes and ears, the minuscule details are wonderful and the colour positively pings from every frame. But in the eagerness to create such splendour t"
157,Avatar,Science Fiction,2009,Manuel São Bento,8,2022-12-17,"Rewatching Avatar confirmed my love for Pandora. Exquisite world-building by James Cameron, memorable score by James Horner & jaw-dropping, innovative visuals that complement wonderful storytelling.    How can people not remember these characters?! Super excited about tomorrow's IMAX screening of Avatar: The Way of Water!"
158,Avatar,Science Fiction,2009,CinemaSerf,7,2024-06-01,"This is another of these films for which I didn't get the memo. It undoubtedly has parallels with the ecological ravaging of Earth by mankind, but for the most part it is just a fairly standard action romance that owes much of it's significance to it being an outstanding technical production. Sam Worthington is ""Jake"", a paraplegic solider who is tasked with assisting on a mission on a distant planet. By way of a bribe, the authorities offer him surgery to restore his mobility if he uses an avatar machine to infiltrate the folks inhabiting the planet ""Pandora"". The more he explores this bright new world, the more he begins to integrate with the people and their beautiful and colourful environment. His affection for ""Neytiri"" (Zoe Saldana) and his gradually developing appreciation of just what his mission is about, sets him up for a serious conflict with the gung-ho militaristic ""Quaritch"" (Stephen Lang). This film is all about corporate greed and an horrendous disregard not just for na"
159,Coraline,Animation,2009,talisencrw,9,2016-05-03,"Neil Gaiman is so contemporarily vital, both in literature and cinema, because he more than anyone else (with the possible exception of Terry Gilliam) notes that children and adults alike are fascinated with what lies outside our observable and tangible realms of existence. He realized the reasons storytelling have been significantly important since the dawn of mankind, and devised, as the Brothers Grimm did, that fairy tales and children's stories had to be haunting and entertaining to be both memorable and timeless. This is a great film depicting the growing sense as a child approaches adolescence that their parents and their world aren't exactly as they seem, and that through their trials and tribulations (the 'rites of passage', if you will) they'll reach the 'happy medium' they need to in order to find true happiness in their lifetimes.    I definitely hope that all of Gaiman's books and graphic novels are made into movies (I most anticipate the 'Miracleman' graphic novels--both t"
160,Coraline,Animation,2009,ZeBlah,10,2019-06-29,"Quite dark, but entertaining and very well done. One of the few american animated movies I liked."
161,Coraline,Animation,2009,Kamurai,9,2020-10-23,"Fantastic watch, will watch again, and do recommend.    I really wish more movies would follow this simple and great movie structure.  Instead of a typical 3-act structure (not that it isn't technically there), the story is much closer to that of a video game.    You have a standard introductory act, but the rest of the movie is split into video game-esque ""levels"" that develop and unlock as Coraline makes new discoveries and completes different sections of the ""map"" / house.    There is a lot of messaging here as well, mostly concerning relationships between children and parents and how to navigate those in regard to real life events, but everything is ""do not tell"" levels of subtle so it's not in your face at all.    The Beldam itself is a magnificent creation of a ""thing that bumps in the night"" style of monster.  While there is a lot left unexplained, there is plenty that is exampled about the Beldam and her world.    The movie also reminds me a lot of ""The Wizard of Oz"" in a few d"
162,Despicable Me,Animation,2010,The Movie Mob,9,2022-09-09,"**Despicable Me's mischievous characters enhance and strengthen its heartwarming family-focused story.**    Despicable Me completely took me by surprise! Steve Carrell leads this heartwarmingly delightful, funny film with a fresh premise different from other kid's movies, hilariously lovable characters, and superb execution. Being one of my three-year-old's favorites, I have seen this movie 100 times, and it doesn't get old. Cartel's voice acting is as entertaining as possible, and the Minions are just a masterstroke of brilliance that my daughter exclaims, ""it's so cute!"" every time they're on the TV. But this animated heist film becomes much more as three orphaned girls warm the heart of criminal mastermind Gru as he grows from an evil loner to a caring father. Despicable Me was as touching as hilarious, and its creativity and fantastic characters make it my absolute favorite animated film of all time."
163,Despicable Me,Animation,2010,CinemaSerf,7,2025-12-25,"I’m not sure he’d be terribly flattered by the comparison, but I kept seeing a skinny-legged Terry-Thomas every time I watched the dastardly “Gru” plot his latest scheme to prove he is the most evil of criminal masterminds. His latest plan is to steal the moon! Thing is, he needs a gadget that is being kept in the highest security by “Vector” in his fortress-like home. Try as he will, he simply cannot overcome the defences and so he has to think laterally. The result? Well that involves some cookies and three orphans. They will wheedle their way into the heart of his home and then the robotised cookies will do their stuff. Of course, not only doesn’t that work but poor old “Gru” starts to find himself feeling an uncharacteristic affection for these rugrats. Indeed, they start to become even more important than his grand design. How can he possibly capture the gadget, steal the moon, cement his global reputation and keep the children (and his army of minions) all happy, too? I don’t usu"
164,Despicable Me,Animation,2010,Dr Nostromo,7,2026-09-24,"74/100    Master thief, Mr. Gru, has a diabolical scheme to use 3 orphan girls to steal the moon. He didn't count on them stealing his heart. This delightfully fun and entertaining movie is well-written, quite humorous, very touching and full of minions that are a riot. Some of the characters were the type we've seen in other films as incredibly annoying, irritating and unlikable but they were expertly treated here with finesse and charm to make them truly likable, despite their evil intents. Add fantastic action and animation and you have a great film for the whole family. - DrNostromo.com"
165,Inception,Action,2010,tmdb44006625,8,2019-03-09,"Whether you watch Inception as a heist movie, a redemption story, or a sci-fi action picture, Christopher Nolan's tour de force of dreams will absolutely work its magic over you. The fact that the film works on so many levels (literally) is an attest not only to the visual queues that make it easy for the audience to follow but to how much in control of all the intricacies its filmmaker had to be."
166,Inception,Action,2010,Matthew Brady,9,2020-01-27,"Ariadne: ""Why is it so important to dream?""    Cobb: ""Because, in my dreams we are together.""    I haven't seen this movie in years, but after re-watching it struck me hard how depressing this was.    Putting aside the action sequences and loud music and a complicate plot, there's a beautiful story about a man trying to get back to his children, without it being cheesy. Well if you really break this movie at it's core, it's about two grieving men (Leo and Murphy), both haunted by the past until they have the strength to accept reality and let them go.    The 'Grow Old Together' scene stuck with me the most.    You can say whatever you want about Christopher Nolan, but his movies are never hollow. I'm also convince that Nolan would be the perfect choice to direct a James Bond movie.    Seriously, throughout the whole movie I was thinking ""Man imagine the genius behind Inception directing a Bond movie"". The ingredients are right there."
167,Inception,Action,2010,Andre Gonzales,7,2023-07-04,Crazy movie. I gotta watch a few more times I was confused. It would be sweet to build your own simulations though.
168,Inception,Action,2010,Dr Nostromo,9,2026-02-07,"91/100    A dream within a dream within a dream within a dream. How far down can you go and for how long? Both a thought provoking thrill ride that will warp your brain and an incredible feast for the eyes. Supremely imaginative, it's one of the most elaborately designed, modern day fantasy films of all time. -- DrNostromo.com"
169,Iron Man 2,Adventure,2010,ohlalipop,7,2017-02-09,"It was understood that the theaters would be sold out but when the three of us came there we just couldn't accept NO for an answer. So we were finally able to buy tickets BUT we were seated separately. It was fine though. The movie kept me entertained. Except for the guy near me who was snoring pretty loud, the movie was great.      Of course Robert Downey Jr was amazing as always. There might be weird critics with this movie but for me, I liked it. The action scenes were just right. It wasn't too much and it wasn't too little. It was weird seeing Don Cheadle though play Terrence Howard's character. I like Terrence better. And then there's Scarlett Johansson who is really sexy although I think there weren't that many acting for her in this movie. There weren't many lines. And what was weird also was that in this movie, the chemistry between Tony Stark and Pepper was not that much compared to the first movie although in this movie they actually ended up together. But all in all I liked"
170,Iron Man 2,Adventure,2010,Dan_Tebasco,3,2018-01-10,"Yet another ridiculously high rated Marvel movie, we get it Marvel fanboys you just love it when a new Marvel movie comes out, so much that you forget any flaws in it and give it a 10 or a 9 anyways.    But come on seriously? Wouldn't you rather they spent a little time at actually writing a somewhat decent script and making it a bit more entertaining than to praise EVERYTHING they do to the skies just because you want a new chapter in the Marvel universe?    Cause this is NOT a good movie, 35 minutes of decent at best action and 85 minutes of nonsensical blabber.    Mickey Rourke was the only highlight in this movie, the scene at the racetrack with him was really cool but then he just became a wasted opportunity just like the rest of the movie.    A really boring turd of a film."
171,Iron Man 2,Adventure,2010,Gimly,6,2018-06-04,"**A long form review originally posted in 2010:**    I find, the best way to look at this movie, is as two movies. Sounds strange I know, but bear with me.    On the one hand you have this Super Hero movie, it's about the main character, Iron Man (Robert Downey Jr.), flying around doing comic book-character type stuff, and it's this pretty okay action film that's worth taking a look at. Then, there's this drama with a hint of comedy, this other film isn't really a genre, it's just about the characters interacting with each other, it's about the main character, Tony Stark (Robert Downey Jr.), driving around doing billionaire-playboy type stuff, and this movie, is fucking great. Part script, and part flawless acting, this movie sets _Iron Man 2_ apart from any other Super Hero film out there. It was explored in the first film, and you get a similar thing there, but in this movie the division is more clear, and it bizarrely benefits from it.    When films go franchise-style, it's inevitab"
172,Iron Man 2,Adventure,2010,tmdb44006625,3,2019-03-09,"Honestly, it took me three tries to get through this movie once. It kept putting me to sleep.    The cast do everything they can to make their scenes entertaining, but Iron Man 2 is a just an absolute waste of two hours and $200 million. 1: The stupidly integrated villain Ivan Vanko who is given no backstory or true relatable motive (even Mickey Rourke was pissed at how his character was handled). 2: The pointless subplot of how Tony Stark has to create a new element to save himself. 3: The sloppy introductions of both SHIELD and Black Widow. There's very little here that is of any actual entertainment value, or at least to balance out how tedious the whole movie is to watch. No wonder why Jon Favreau left to make more personal works."
173,Iron Man 2,Adventure,2010,JPV852,6,2020-05-31,"Says a lot, but took now a decade to finally see this sequel. Certainly belongs in the lower tier of the MCU as the plot really felt disjointed and even though it was only two hours, really short for a comic book movie nowadays, still felt so much longer. That said, had a few okay moments yet can't really say anything stood out. **2.75/5**"
174,Iron Man 2,Adventure,2010,r96sk,7,2021-01-16,"<em>'Iron Man 2'</em> is good, nothing special, but good.    Robert Downey Jr. is just as entertaining in the lead role, while the specials efforts are again pleasing. The score, which I found slightly lacking in <em>'Iron Man'</em>, is improved. The plot isn't as interesting, or all that creative, but it's done well enough that I didn't ever feel bored; though some of the pacing is off.    I like Don Cheadle so it's good to see him come in, even if his character is rather forgettable. Scarlett Johansson is also a solid addition, though Sam Rockwell didn't do anything for me in his role. Mickey Rourke is fun enough as Ivan."
175,Iron Man 2,Adventure,2010,Filipe Manuel Neto,7,2022-07-16,"**A predictable sequel that continues the story of the first film without, however, being as good as it is.**    After an excellent first movie, this was a predictable sequel, but I have to admit that the movie is a bit over the top and that, sometimes, it feels like a very expensive video game. Furthermore, the main character, Tony Stark, is perhaps one of the nastiest and most irritating comic heroes, and this movie seems to try to accentuate that by turning the protagonist into a spoiled playboy who has expensive toys and looks at women like if they were, also, toys. Okay, I know the character was also portrayed like that in the original books, even though I'm not a comics fan. But the movie could give something that made Tony Stark someone we could really care about.    In this film, the hero will face his first great antagonist, the son of a Soviet scientist that Stark's father knew. At the same time, Stark has to face the US Army, who are eager to get their hands on the combat su"
176,Iron Man 2,Adventure,2010,doubleyoudot,5,2022-10-12,Watched in chronological order 2022.    Genius bachelor who's also an idiot makes more advanced toys and fights his company betraying him. Dead daddy's secret message saves the day. Meh.
177,Iron Man 2,Adventure,2010,Andre Gonzales,6,2023-07-05,Again an ok movie. Now there's 2 iron man's kind of dumb. I hated that part of the movie but storyline once again is the only good thing.
178,Iron Man 2,Adventure,2010,CinemaSerf,6,2024-06-09,"Sadly, this is really quite a lacklustre sequel that takes formulaic to a whole new level. ""Stark"" (Robert Downey Jnr.) has now been outed as the eponymous super hero, and just about everyone is after his technology. Aside from Uncle Sam, it appears that the son of his now deceased business partner - ""Ivan Vanko"" (Mickey Rourke) - is first in the queue. Armed with some pretty impressive laser whips, he is out to avenge his poor dead dad. Meantime, business rival ""Hammer"" (Sam Rockwell) sees an opportunity to capitalise on this by offering the government a drone army that could do the peace in our time bit, but of course he has a megalomanic ulterior motive... Though the film looks good, and there are plenty of action scenes with pyrotechnics and airborne antics, the scenarios recycle themselves once to often. There is no jeopardy, and both Rockwell and Rourke really just substitute excessive ham for menace. Most of the originality and humour of the first film has been lost, indeed this"
179,Real Steel,Action,2011,John Chard,7,2019-08-01,"No splitting this Atom, it has got a rock solid heart.    Real Steel is directed by Shawn Levy and collectively adapted to the screen by John Gatins, Dan Gilroy and Jeremy Leven from a Richard Matheson short story called Steel. It stars Hugh Jackman, Dakota Goyo, Evangeline Lilly, Anthony Mackie, Kevin Durand, Hope Davis and James Rebhorn. Music is scored by Danny Elfman and cinematography by Mauro Fiore.    Set in the near future, robot boxing is a big crowd pulling sport. After a struggling robot operator is introduced to an 11-year-old son he has never known, they stumble upon a discarded robot at a junk yard....    We can all moan about the mimicry of an idea and the clichés that dominate Real Steel, but you really got to hand it to the makers for what they have achieved. They have crafted a family film that's very much perfect in this day and age. The story is one that any adult Sylvester Stallone fan can acknowledge and appreciate, the human heartbeat pleasingly steady, while the"
180,Real Steel,Action,2011,Gimly,3,2020-05-19,"I wonder if this was originally written to be a Rock 'Em Sock 'Em Robots movie, but when they couldn't get the rights they just decided to make it anyway. In either case, it's not very good. Amazing that you could take a movie about anthropomorphic **robots** and manage to still make it into a cliche sports film.     _Final rating:★½: - Boring/disappointing. Avoid where possible._"
181,Django Unchained,Drama,2012,iamyenz,9,2017-02-09,"A highly entertaining yet disturbing film with superb cast and performances for an audience who would likely never consider watching a film fundamentally about slavery, where Tarantino is masterfully and emphatically navigating and exposing the complex layers of the violent and dehumanizing system of slavery."
182,Django Unchained,Drama,2012,Shreyance Parakh,10,2017-05-04,"**ENTERTAINING from start to finish !!**    Given I am a big fan of **Quentin's** works i knew this movie would be a treat to watch.But what i didn't know was violence can be so **COOL**... The movie is a treat to watch(including the blood and gore) from starting to end.The acting is superb.And the cinematography is just too good! The whole cast played their parts to perfection...Especially **Samuel L. Jackson** and **Jamie Foxx**..**Leo and Christopher Waltz** were superb too..And as Christopher said in the movie - ""It was hard to RESIST"".A must watch for everyone who likes QUALITY cinema..Even the ones who cant stand BOOMs and BANGs, you wouldn't regret spending about 3 hours watching this well written, well directed and well acted GREAT movie !!"
183,Django Unchained,Drama,2012,Dark Jedi,10,2018-04-18,"This is one of the best movies I have watched in a long time. It is a pure Tarantino blast. The somewhat unexpected and quite hilarious start of the movie catches your attention from the start and from then on it is 3 hours (almost) of pure enjoyment.   The main actors are playing their roles very well. The Dr. King Schultz character (Christop Walz) is incredibly funny without being ridiculous, Jamie Foxx is excellent as Django and Leonardo DiCaprio is doing his role well as a plantation owner and slave trader. None of the rest of the crew stood out as particularly bad. Well with the possible exception of Tarantino himself then when he made his usual in-movie appearance a’ la Hitchcock. Not that he was particularly bad but he is no actor either.  The movie starts of by Dr. Schulz liberating Django and proceeding to a small town showing Django what he is in the business of doing. Those first minutes of the movie are somewhat unexpected and very funny to watch. After that the movie gets"
184,Django Unchained,Drama,2012,Wuchak,9,2018-08-14,"When Django is unchained (pronounced JANG-oh, not Duh-JANG-oh)    Released in 2012 and directed & written by Quentin Tarantino, ""Django Unchained"" stars Christoph Waltz as an ex-dentist who befriends an ex-slave, Django (Jamie Foxx) in West Texas a couple of years before the Civil War; they team-up as bounty hunters once they realize how good they jell. The second half focuses on their attempt to infiltrate a Mississippi plantation owned by pompous Southerner ""Monsieur"" Candie (Leonardo DiCaprio) in order to rescue Django's wife (Kerry Washington). Samuel L. Jackson plays Candie's overly loyal house slave.    This is an excellent American Western with Spaghetti Western elements featuring Tarantino's typical artistic flourishes. It takes place in the West AND in the South, which is reminiscent of the underrated ""Nevada Smith"" (1966), one of my favorite Westerns. Waltz is magnetic as the nonchalant protagonist and he & Foxx have good chemistry. There's a nice mix of interesting dialogues"
185,Django Unchained,Drama,2012,Peter McGinn,7,2020-08-18,"Django Unchained entertained me, for sure, with its taut storyline and its lack of predictability, but it doesn’t rise to the level of my few favorite Tarantino efforts.    The trademark violence is present, sometimes to the point of it being cartoonish to me. It would have been easy to present many of the characters as stereotypical, but the script avoided that. The DiCaprio slave owner is vicious and cruel, but there are flashes of flexibility concerning the status quo with his slaves. And his elderly house slave  seems to act more like a slave owner than he does.    A chemistry develops between the two lead characters as they work as bounty hunters, and that is satisfying to see. There are the usual sometimes subtle nods to other films, and I felt the influence of Spaghetti Westerns here and there.    As I said, I enjoyed the film, even though I won’t be watching it multiple times as I do with other Tarantino movies. If you have the stomach for violence and portrayed extreme And pre"
186,Django Unchained,Drama,2012,Sigeki Ogino,10,2022-10-02,"Mandingo. D'Artagnan. Slave abuse. Tarantino's technique of capturing the painful discrimination against blacks head-on and, on the contrary, making it cathartic in the final scene is brilliant. Starting with the impressive theme song, nonstop violence replaces it, giving us a glimpse into the kaleidoscope of horrific American society. Leonardo DiCaprio's monstrous performance and Christoph Waltz's near-perfect supporting turn are the main reasons for the film's appeal, but Quentin Tarantino's screenplay, which deliberately intersects revenge and black racism and ends up making us sneer at those who looked down on the slaves, is nothing short of brilliant.  Next to ""Pulp Fiction"" this is Quentin's best film."
187,Django Unchained,Drama,2012,certifiedcritic,9,2026-04-07,"This movie takes place during America's darkest times. Every actor plays their role perfectly making you feel like you have a front row seat, living in those times"
188,The Avengers,Science Fiction,2012,tmdb87069603,8,2012-06-05,"With a movie like this you wonder how all of the otherwise, main characters will work together and support the story.    No problems here.  While as might be expected, R. Downey Jr. comes across largely central, it is still a good mix and IMHO the best scenes in the movie involve the generated Hulk character.    With that kind of successful melding of characters, Hollywood-scale egos and even computer generated characters; you have to give it up to the writers and director to make this the successful film that it is."
189,The Avengers,Science Fiction,2012,Gimly,9,2017-10-27,"**A long format review from 2012**    My new favourite Marvel Cinematic Universe film, undoubtedly! Order goes thusly;    1. The Avengers  2. Iron Man  3. Thor  4. Captain America  5. Iron Man 2  6. The Incredible Hulk    I had the privilege of going to Sydney and watching this almost a full three weeks before it’s American release, in a special advance screening for fans and a handful of critics. I drove up and back on a day trip with my mate HRV, spent over $400 between us… So worth it.    I think perhaps my expectations of The Avengers were too high. In fact I know they were, even so, I feel that it almost managed to meet them. All but two of the fears I had about this epic were quashed without a doubt. I initially was worried about Mark Ruffalo helming the role of The Hulk/Bruce Banner after taking over from Edward Norton who was ousted after his first appearance. My complaints were completely unfounded however, as Mark Ruffalo presents us with an at least as good Marvel Hero."
190,The Avengers,Science Fiction,2012,tmdb44006625,8,2019-03-09,"One of the few movies to actually make me feel like a kid again, Joss Whedon was the perfect filmmaker to do this film. Everyone gets their time to shine. The script juggles every plot point and character moment with clarity and ease. It's funny, smart, and visually jaw dropping. Definitely lived up to the five movie hype."
191,The Avengers,Science Fiction,2012,E.J. Cummings,8,2019-04-09,"I give this 10 Stars based on it being not only better than the trailer and the hype made me thing it would be, but also that it was the first time anything the size and scope of the Marvel Cinematic universe was pulled off successfully. Having Joss direct this movie lives and dies on character interaction. This movie is on the definitive list in my opinion even just for that."
192,The Avengers,Science Fiction,2012,John Chard,9,2019-08-04,"Everything that's happening, the things that are about to come to light, people might just need a little old fashioned.    The Avengers (AKA: Avengers Assemble) is written and directed by Joss Whedon, with Zak Penn co-writing the story. It stars Robert Downey Junior, Chris Evans, Mark Ruffalo, Chris Hemsworth, Scarlett Johansson, Jeremy Renner, Tom Hiddlestone, Clark Gregg, Samuel L. Jackson, Cobie Smulders and Stellan Skarsgard. Music is scored by Alan Silvestri and cinematography by Seamus McGarvey.    Asgardian outcast Loki (Hiddlestone) has struck a deal with the Chitauri to exchange the Tesseract for an army with which he can attack Earth and thus control it. With the Earth in mortal danger, S.H.I.E.L.D director Nick Fury (Jackson) activates the Avengers Initiative; a collection of super heroes and deadly assassins who, if they can actually come together as one united force, hold the fate of the Earth in their hands.    I have no real frame of reference with The Avengers comic boo"
193,The Avengers,Science Fiction,2012,JPV852,8,2020-06-08,"Probably only my third time watching and still a really entertaining action film with good banter amongst the Avengers and the team-up in the third act really work well. The whole banding together with the death of Agent Coulson still doesn't feel right, good character but didn't think he was so beloved to be a catalyst for them. Minor point just something that stood out then, and now. Also a bit hollow given, IIRC, was alive and well for the Agents of SHIELD TV series... **4.25/5**"
194,The Avengers,Science Fiction,2012,r96sk,7,2021-01-16,"The last hour is a lot of fun, but I found the opening chunk disappointing.    I was expecting wall-to-wall action, pretty much from the start - especially given the forces that join together. However, I felt the first half of <em>'The Avengers'</em> as slow. What also didn't help is that the villain, carried over from a preceding MCU film, isn't super interesting - we also don't see the antagonist's earlier film counterpart for a fair few scenes, which felt too delayed.    The last half is much better, which allowed me to enjoy myself properly. Robert Downey Jr., while not as entertaining as he is on his own, brings goodness, as do the likes of Chris Evans and Chris Hemsworth.    I'm not a big fan of recasts, though Mark Ruffalo as Hulk is a positive one; even if that took a bit away from the novelty of all the superheroes joining, given we hadn't seen Ruffalo himself before. Added to Scarlett Johansson's Black Widow, at least in terms of the film franchise, getting major screen time"
195,The Avengers,Science Fiction,2012,CinemaSerf,7,2024-06-09,"I have to say that the furore surrounding this film had pretty much doomed it to failure in my book. The Marvel marketing machine had gone into over-drive plugging it, so no way could it be any good. Well, it is good. Not great, but it is good. The compendium element of the storyline pits all of the superheroes against the mischievous ""Loki"" (a cute, curly haired, Tom Hiddleston) whom, together with his army of extraterrestrial henchmen, is bent on taking over the world... well, of course he is... The writing is nothing special at all, but who cares? The visual effects are great and each of the characters gets their moment in the sun as they work to thwart our Tom's even plotting. Robert Downey Jr. Steals the show as engineering genius ""Tony Stark"" with Scareltt Johansson and Chris Hemsworth - and his trusty hammer - on great form too. I'm afraid I find the whole ""Capt. America"" character so nauseatingly wholesome that even Chris Evans in his spray-on lycra cannot do anything other tha"
196,The Conjuring,Horror,2013,John Chard,9,2014-06-17,"It's November 1st, 1971, I'm sitting here with Carolyn Perron, who with her family, has been experiencing supernatural occurrences.    The key with The Conjuring is not that it has freshness on its side, as evidenced by the ream of horror fans arguing on internet sites about ""nothing new on the table"" , but while those fans will be going hungry for a very, very long time, The Conjuring does everything right for the splinter of horror it deals with.    There's a lot to admire about a horror film that in this day and age stands tall and proud against the ream of remakes, sequels and teen friendly slashers that ""haunt"" the multiplexes with all too much frequency these days. Free of gore and sex, this was automatically going to alienate a good portion of the lustful members of the horror fan base, but for those who like their horror served with appetising scares and a cauldron of suspense, then this delivers plenty to your particular table.    Forget the ""based on a true story"" tag, since"
197,The Conjuring,Horror,2013,Dark Jedi,7,2014-06-17,"The Conjuring is a fairly classical horror/haunted house/exorcism movie. That was pretty much what I was hoping for. Slow and creepy build up to a final outburst and confrontation with an evil entity. This is a good movie although it is not really something new in terms of story. It is fairly impossible not to think about, and make comparisons with, The Amityville Horror when seeing this movie. I do not think it really deserves the glowing 9 or 10 star ratings that I have seen but it certainly do not merit those 1 or 2 star ones either. What were these people expecting?    This is a solid effort of making a movie along the classical lines of supernatural possession. As I wrote, it is not really something new, but it is nice to see a new movie using this kind of story without just turning it into a CGI gore-feast. Sure, the movie also includes the traditional pitfalls that most horror movies apparently must have like people thinking it is a good idea to walk down into the dark and scary"
198,The Conjuring,Horror,2013,Gimly,5,2017-11-28,"I'm a fan of Wan, and while I must say I believe that _The Conjuring_ is pretty severely overrated, it's also one of the best horror films to have hit the mainstream in the past few years.    _Final rating:★★½ - Had a lot that appealed to me, didn’t quite work as a whole._"
199,The Conjuring,Horror,2013,JPV852,8,2021-06-06,"Hadn't seen this in a while and watching it again in preparation for the third movie, found it to be well done. I'm not much for these supernatural horror movies but with James Wan's camera work, and the screen presence from Patrick Wilson and Vera Farmiga, makes it an entertaining flick. **3.75/5**"
200,The Conjuring,Horror,2013,CinemaSerf,7,2022-09-08,"""Ed Warren"" (Patrick Wilson) and his wife ""Lorraine"" (Vera Farmiga) are renowned paranormal investigators drafted in by the at-their-wits-end ""Perron"" family to their remote Rhode Island farmhouse that they are convinced is possessed. It doesn't take them long to realise that this whole area has been the scene of Satanic worship since time immemorial, and those lingering spirits have got it in for the new occupants of the house - and their five increasingly hysterical daughters. James Wan really does develop this story with an effective degree of menace and Ron Livingston and Lili Taylor work well together as the parents scared out of their pants by the goings-on in their dream home that is turning into a nightmare that perhaps even an exorcism won't resolve. Joseph Bishara presents us with an eerily effective musical accompaniment to this story and the acrobatic and prosthetic visual effects all contribute effectively to create a real sense of malevolence that, unusually for many in t"
201,The Conjuring,Horror,2013,r96sk,8,2025-01-26,"<em>'The Conjuring'</em> is an extremely solid supernatural horror. I admit that I did find it less interesting as it went on, but even so I did comfortably enjoy seeing the progression of the story; I like that the plot doesn't majorly meander, each stage is clear.    It doesn't rely on cheap jump scares either, which is something I was expecting it to utilise. The supernatural elements here are very well done, we don't see terribly much of the demons, at least early on, so any appearances are effective. The stuff with the kids/mum is convincing too.    I was happy to see Vera Farmiga appear onscreen, I remember her fondly from 2011's <em>'Source Code'</em> and have wanted to see her in lead roles since - she's excellent in this. Patrick Wilson and Lili Taylor are also notable performers, while Joey King has one particularly great scene.    I'd class this as more creepy than scary, admittedly I seldom find movies scary (just the way my brain is wired with fiction). I can obviously sti"
202,Interstellar,Adventure,2014,Reno,9,2014-11-12,"Well, one off from two of this year's most expected movies alongside 'The Battle of Five Armies'. Like all the Chris Nolan fans, I was equally excited to see the movie on the opening day opening show. But I slightly disappointed that it was not a digital 3D film. I agree, this science-fiction was more dramatized than usual space travel stories does with an adventure-thriller. Almost a 3 hour long stretch movie did not waste much time to take us to the core of the story. Get prepared for this extremely rare voyage into the space with a logical explanation for everything you see on the screen. Well done research for the most matured and intelligent writing. All the credit must go to Nolan brothers. A good sign from Jonathan Nolan, who can make big in the entertainment industry in a future like his brother.    As we know many had liked 'Inception', to me that was a simple multi-layered action movie, that's all. But the same stuffs that used in this film makes sense. In fact, you have to h"
203,Interstellar,Adventure,2014,decovision,10,2015-09-12,"People seem to think that if you enjoy a Christopher Nolan movie, you are a fanboy and the film couldn't really be that good. That is not true. He has never made a bad movie, Insomnia is probably his worst and it is still an excellent movie.   Interstellar is up there in his top 3, with The Dark Knight being number 1 and Inception in number 2. I don't think he will ever make a better movie than The Dark Knight, it is without a doubt a masterpiece of cinema in my opinion. It can be enjoyed on so many levels.  I remember seeing Interstellar in the movie theater and being on the edge of my seat the whole time. It was breathtaking but the end left me confused so i walked out disappointed.   Since then i have watched it many times but it only took a second viewing to realize what a great ending it is and here is why. How many people discuss the end, was the wormhole open or closed for him to make it to Brand, what happens next, is there a sequel. I discuss this with people who hate the movi"
204,Interstellar,Adventure,2014,Andres Gomez,7,2015-10-31,"Another grandiloquent movie from Christoper Nolan.    The cast is good, and McConaughey performs a role made for himself. The photography is very nice but the movie commits all the same mistakes than previous Nolan's movies. I think mistakes but it may be that they are the points Nolan fans enjoy the most ...    * The story makes you believe it is a realy deeply thought plot but, in the end, it has so basic mistakes and stupidities that make it nonsensical.  * There is a general ambience of every moment being epic; deep, solemn and smart dialogues but, at some point our highly trained engineer and pilot behaves really stupidly.  * To keep the mentioned constant feeling of being in an epic moment, Nolan uses a thumping and insistent soundtrack. As it is not a moment, but a 3h movie, it is really tiresome.    All in all, the movie is OK but you can only think this is a great movie if you are a real Nolan fan."
205,Interstellar,Adventure,2014,Asadullah Khan,10,2016-10-19,"""Man kind was born on earth, it was never meant to die here.""    IT has been two days since I watched it and I still can't get it out of my head. I can safely say that it has been a long LONG time since a movie had this much effect on me after watching it. And the only thing I can think of now is to somehow Re-Watch it again.    This movie was surprisingly different from Christopher Nolan's recent works because they had been great cinematic entertainment pieces catered to a wider audience with a blockbuster approach, this certainly didn't felt like that and hence the polarizing response it got. It is an ambitious project that is not meant to merely entertain, walk into it knowing that. I'll say this though, If it works for you, you'll be in heaven.    The premise of the movie is that Earth is no longer capable of supporting humans on it, we must find a new home to avoid extinction. This scenario is told from a very personal perspective and not from a Global scale like some sort of apoc"
206,Interstellar,Adventure,2014,shaunfrombklyn,10,2017-02-15,"This was my most anticipated film of 2014, and I was not disappointed.     The story was slightly difficult to follow on the first watch, but that was to be expected in a film dealing with complicated fields such as astrophysics and time dilation. Many didn't find its overall message - that love is the most powerful force in the universe which transcends space and time - to be very appealing, but I thought it was an interesting take on special relativity and how two people can be bound by a common feeling, even when they're in different parts of the universe at different times. I also thought the acting was believable, for the most part, and I didn't think anyone was miscast. I enjoyed the surprise appearance from a certain famous actor about halfway through.    But what really blew me away were the visuals and the soundtrack. I believe it was Quentin Tarantino who once said movies and music go hand in hand; that a moving image complimented by the right piece of music can create art. W"
207,Interstellar,Adventure,2014,Dark Jedi,4,2017-12-21,"That this movie, at the time of writing this, holds an 8.8 rating at IMDb is simply beyond my understanding. Needless to say I did not really like this movie. The story is not very good, the science is ludicrous and the visuals not all that impressive. Maybe the latter would be better in a big theater (I watched this on my home cinema system which has a relatively large screen by European standards) but I am not really sure about that either.    Be warned that the rest of this review might contain a spoiler or two.    The movie starts of with the usual “I told you so” wet dream of the green fanatics on a dying Earth so it is off to a depressing start right away. That is an overused concept today as far as I am concerned. Then they pour it on with a school official claiming that he Apollo missions and moon landings never happened. What the f…? If they wanted to depress the audience right from the start they succeeded, at least with this audience.    The story proceeds with our heroes fi"
208,Interstellar,Adventure,2014,Matthew Brady,9,2020-01-27,"""Do not go gentle into that good night; Old age should burn and rave at close of day. Rage, rage against the dying of the light"".    The story is about a team of explorers undertakes the most important mission in human history; traveling beyond this galaxy to discover whether mankind has a future among the stars.    Christopher Nolan once said that 2001: A Space Odyssey was his all time favorite film and how he wanted to do a small tribute to he's next film. And then comes a movie called ""Interstellar"" that will put a smile on Kubrick face if he was alive today, because Interstellar is one of the best movie of 2014 and the best movie experience I've had at the cinema.    I saw this movie in IMAX and all through out this film I felt like I was in space floating around with Mconaughey and Anne Hathaway. I had that feeling that I was going deep into space just like are main character's, going deep into space just like the viewing auditions and me.    The visual effect's in this movie are"
209,Interstellar,Adventure,2014,Peter McGinn,9,2021-11-02,"I will not add another in depth review to the several I see here on this movie. Nor will I try to evaluate the accuracy of the science behind the plot. Apparently a physicist was involved who had veto power if the script wandered out of the realm of what is at least theoretically true or possible.    But I have never let inaccuracies get in the way of enjoying science fiction movies anyway, as long as the movie is entertaining and otherwise doesn’t insult my intelligence. In the movie Monsters, for example, I read that giant the aliens looking like octopuses could not have walked upright. Fair enough, but it is entertainment, not a documentary.    So the human story of Interstellar held my attention in spite of the length of the film, and despite the elaborate special effects, that story drove the movie and my appreciation of it. I have always liked good time travel movies as well, and theories of space and time come into play in Interstellar as well.    Oh, and I say it is entertainme"
210,Interstellar,Adventure,2014,kheirnandez,10,2021-11-06,"I've got to say I have been wanting to watch this film for a while now and well it's 2021 and it's a Saturday morning and damn, safe to say this is one of the best films I have ever watched in my life. loved everything about It. The creativity and intelligence put into this film is just mind-blowing considering the fact it is a 2014 film. This clearly shows that mankind will one day achieve the most unexpected and unthought discoveries.  Love and respect to the director Christopher Nolan you are a legend."
211,Interstellar,Adventure,2014,lowkimhoe,9,2022-06-26,"It opens my mind after I watched this movie. I have watched it twice to figure out everything on the movie. Basically, this is the movie talking about earth is not a good place to stay anymore. People have to go to space to find another homeland. It reminds me that we will be like them if we didn't care much on environment"
212,Interstellar,Adventure,2014,CinemaSerf,7,2022-07-29,"As humanity faces an existential crisis, farmer ""Cooper"" (Matthew McConaughey) and his family are fighting a losing battle against an environment determined to destroy what is left of their corn crop. Mystery arrives after a sand storm leaves some magnetic clues to a secret location inhabited by NASA scientists led by ""Brand"" (Sir Michael Caine) who manage to convince former pilot ""Coop"" to join a mission to go into space and, using a recently detected wormhole that he believes may have been deliberately sent to help mankind rescue itself, set off to find another home for us all. Leaving a seriously narked daughter behind, he accepts the mission and together with the daughter of ""Brand"" (Anne Hathaway) their perilous trek begins. This is a more solid sci-fi adventure from Christopher Nolan. Though it features doses of his usual time bending scenarios, for the most part it is an exciting action film with mishaps a-plenty as their mission sees danger at just about every junction. There i"
213,Interstellar,Adventure,2014,r96sk,10,2024-01-02,"What a cracker!    So glad to finally tick <em>'Interstellar'</em> off my theoretical list, took me far too long to get around to it but boy am I glad I finally have done - sensational film! The most obvious sign of that being the case is how the ~2hr30min run time goes by in an absolute flash... <em>*insert joke about it like being aboard Endurance here*</em>    I'm obviously not able to add anything new to what many, many others have already said gushingly about this 2014 flick, so I can only say I'm sure I agree with the vast majority of whatever praise this has received. As one would expect from Christopher Nolan & Co., it's incredibly well made, sounds amazing and looks out-of-this-world (ha!) stunning.    Matthew McConaughey puts in an incredible performance as lead, most notably nailing all of the emotion-filled scenes - not that I care about these things personally, but I'm shocked to see the lack of high accolades that came his way from this... he merited more! Aside from him,"
214,Interstellar,Adventure,2014,madriyanto,9,2024-06-21,"Christopher Nolan's ""Interstellar"" (2014) isn't just a science fiction film; it's a cinematic experience that transcends genre boundaries. It's a breathtaking exploration of humanity's yearning for survival, the profound power of love, and the awe-inspiring mysteries of the universe.    The film's greatest strength lies in its seamless blend of a deeply personal story with cutting-edge scientific concepts. We follow Joseph Cooper (Matthew McConaughey), a former pilot turned farmer, who is chosen to lead a mission to find a new home for humanity. The film doesn't shy away from complex scientific ideas like wormholes, black holes, and the theory of relativity, but it presents them in a way that is both accessible and captivating. The scene where Cooper encounters his aged daughter while he himself remains relatively young is a poignant example of how the film masterfully intertwines science and emotion, leaving viewers pondering the nature of time and the enduring power of familial bonds"
215,Interstellar,Adventure,2014,RalphRahal,10,2024-12-17,"""Interstellar"" is easily one of the best movies I’ve ever watched, definitely in my top 5 of all time. It’s a masterpiece that feels like every scene matters. Each moment carries an important message, whether it’s about love, sacrifice, or the endless curiosity of humans to explore the unknown. It’s not just a movie, it’s an experience.    The performances by the actors were amazing. Matthew McConaughey as Cooper really made me feel every bit of his emotions; his love for his kids, his struggle, and his determination to save humanity. Anne Hathaway also nailed her role, and Jessica Chastain, as adult Murph, was just perfect. Even the smaller roles added so much depth to the movie. It felt like everyone gave their absolute best.    Christopher Nolan’s direction? Flawless. You can see how much thought and care he put into every part of the movie. The production was top-notch, and the visuals of space were breathtaking. Even the robots, TARS and CASE, felt real and practical, not just fan"
216,Interstellar,Adventure,2014,Sentinel,10,2026-03-04,"This film is a wonderful piece of art that masterfully balances emotion with science. I really liked the way the story progressed; it begins by beautifully establishing the protagonist's deep bond with his kids and family. This emotional foundation makes his ultimate sacrifice—giving up his time with them for the sake of their future—all the more powerful.    At the same time, the movie is scientifically well-narrated and visually stunning. What makes it truly special is that it doesn't fit into just one box. It’s not completely a scientific documentary, not just a family drama, and not purely a suspense thriller. Instead, it has a perfect mix of all these elements. It is a thought-provoking journey that makes you think deeply while allowing you to simply sit back and enjoy the story as it unfolds visually."
217,Interstellar,Adventure,2014,userloser,4,2026-05-20,"Great visuals, convoluted plot, no substance. Not sure if longer than boring or more boring than long."
218,Interstellar,Adventure,2014,Runawaytrain75,10,2026-07-07,"This movie proved that Nolan could pull off emotional movies too. There were so many parts that fit together so perfectly, and the wave scene was amazing. I think an extremely underated part of this movie was the soundtrack. Hans Zimmer did an amazing job of making people feel the emotions being portrayed on screen. There are a few parts I would change such as making the end a little shorter. I feel like they kind of draged it on at the end. In conclusion there is no such thing as a perfect movie, but Interstellar is as close ass it gets. Easy 10/10!"
219,Let Us Prey,Thriller,2014,John Chard,7,2015-12-05,"The number of the beast?    An apparent victim of a hit and run, a mysterious stranger is held at a remote police station and starts to take over the emotional state of staff and inmates alike.    It's not a new premise, something which is being held against Brian O'Malley's film like it's a crime, but the execution, the technical guile, and atmospheric touches brought to the piece, mark this out as a horror film of some merit. Boosted by having the great Liam Cunningham in the lead role, it's a film that shocks and awes with each passing chapter. It revels in the bloody aspects that unfold, positioning the vile nature that some human's are prone to right at the forefront, and with bloody impact.     Piers McGrail's cinematography is superb, the bold and beautiful shine of the blues and golden browns mingle disconcertingly with the down and dirty feel of the police cells, the latter of which appropriately marry up with the characters on show. Steve Lynch's score is a treat, a real nerv"
220,Let Us Prey,Thriller,2014,Gimly,7,2018-06-04,"A singular sort of horror, both modern and classical, that came as a very pleasant surprise. Adroit work from director Brian O'Malley's feature-length debut, works primarily on the strength of the performances, each and every single member of this small cast shines.    _Final rating:★★★½ - I really liked it. Would strongly recommend you give it your time._"
221,The Hunger Games: Mockingjay - Part 1,Science Fiction,2014,anthonypagan1975,10,2014-12-03,It was good. Although I wish it had more action scenes. It's worth watching ago don't miss out!
222,The Hunger Games: Mockingjay - Part 1,Science Fiction,2014,Andres Gomez,4,2015-02-10,Yet more of the same extended in an inexcusable way. Let's hope the last movie of the saga can get a proper end.
223,The Hunger Games: Mockingjay - Part 1,Science Fiction,2014,CinemaSerf,6,2022-04-27,"Well, the problem with having a part one is that you just know that nothing much is going to happen as we build up to the next film's denouement. ""Katniss"" (Jennifer Lawrence) finds herself on a ship with ""Finnick"" (Sam Claflin) where she discovers that the erstwhile baddie ""Plutarch"" (Philip Seymour Hoffman) is really on their side as she is whisked to the long-thought destroyed District 13 where she meets ""President Coin"" (Julianne Moore), who leads a semi-militaristic society bent on deposing the Capitol. Unfortunately, not everyone managed to escape from the collapsing dome and poor old ""Peeta"" is being used, shamelessly, by the authorities to try and paint ""Katniss"" as the epitome of revolution and evil and so the scene is set: rescue him and mass their forces for an attack that will eliminate the totalitarian regime once and for all. Aside from one of two combat scenes, very little actually happens here. There is a great deal of dialogue, plenty of moralising and if I'm honest, """
224,The Imitation Game,History,2014,Aaaidan,1,2022-06-22,"The first time I saw this movie, I loved it. It made me want to learn more about Alan Turing, but the more I learned, the more I realised how inaccurate this movie is. It is well acted, well produced, well cast, and I would still love it if not for the fact that it differs so much from what really happened that it would have been more appropriate to change all the names and portray it as purely historical fiction rather than pretending it has anything to do with the real Alan Turing."
225,The Imitation Game,History,2014,Nathan,9,2022-07-26,Benedict Cumberbatch is fantastic in this movie. I really dug this. Love movies set during WWII and this one encapsulates it brilliantly. Felt they did the story justice while also having an underlying message on acceptance.    **Score:** _90%_  **Verdict:** _Excellent_
226,The Imitation Game,History,2014,CinemaSerf,6,2024-06-03,"Whilst I did enjoy this telling of the wartime efforts of the British code-breakers at Bletchley Park, I think I prefer Sir Derek Jacobi's 1996 interpretation of the achievements of Alan Turing, the brilliant mathematician who led a team of enigmatic individuals who broke the Nazi ""Enigma"" code. Benedict Cumberbatch is really just reprising his BBC ""Sherlock"" characterisation - even down to the pensive hand gestures. The story is told from quite an interesting retrospection after the pretty unlikeable Turing has been apprehended by the police for what I suppose we'd call ""lewd behaviour"" nowadays and is being questioned by Rory Kinnear (""Detective Nock""). Indeed, I found all the characterisations to be a bit shallow - Charles Dance, Keira Knightley and Matthew Goode just lacked oomph, I thought. Fascinating story , though - beautifully well presented."
227,The Imitation Game,History,2014,r96sk,9,2025-04-02,"<em>'The Imitation Game'</em> is fascinating stuff. I watched 2001's <em>'Enigma'</em> almost five years ago and do remember liking it, though I found it a bit too pedestrian (at least early on). This 2014 release does a greater job at telling the story of Alan Turing & Co.    Firstly, this did a particularly great job in terms of casting. Benedict Cumberbatch (and Alex Lawther) are terrific as the aforementioned. Keira Knightley (fittingly with a character middle named Elisabeth), Matthew Goode, Charles Dance and Mark Strong are all excellent support.    The WWII-centric plot makes for engrossing viewing, even if I'm sure it takes liberties as movies tend to do; which I'm fully fine with, for what it's worth. The pacing is particularly spot on, at no point was I uninterested in what I was seeing. The cast, of course, are a big reason for that fact."
228,Avengers: Age of Ultron,Action,2015,Hotsake,6,2015-10-31,There is a lot going on in this movie but it all just seemed kind of pointless and dull to me. Every now and then there would be a good scene or piece of dialogue but for the most part I felt myself getting bored and reaching for my phone to play Cribbage. I guess what I didn't like most is that it all felt like a big filler episode instead of an action packed character driven story arc.
229,Avengers: Age of Ultron,Action,2015,Andres Gomez,7,2016-10-17,"Action, good Fx and a ""not-completely-absurd"" story. The actors perform well and you can identify them very well with their characters ... but it is all old and without imagination.    I suppose nobody was expecting anything else, though ..."
230,Avengers: Age of Ultron,Action,2015,Dark Jedi,7,2018-01-23,"This is another one of those movies that you watch primarily for the special effects with you favourite super heroes slugging it out. It is a classical Hollywood product where the story is mostly there just as a vehicle for allowing the special effects team to do their business. As such it is a success.    The movie starts of with a display of action and the afore mentioned special effects with an attack by the Avengers on a bad guy stronghold. Not surprisingly the events sows the seeds for things to come.    The movie starts off with quite an interesting story idea with the activation of Ultron. However, once he materializes as a physical entity, it became a bit of seen that, been there and done that. Ultron just turns into yet another “standard” comic book villain a’ la Megatron running around trying to look intimidating while implementing his diabolical scheme. Okay, there was a bit of originality here and there but with the good start I kind of expected a wee bit more.    Having sa"
231,Avengers: Age of Ultron,Action,2015,Gimly,7,2018-06-05,"**A long form review originally posted in 2015:**    I’ve just returned from two back-to-back viewings of _Avengers: Age of Ultron_, and I do not regret one bit going in for that second helping.    I lost my steam on the _Age of Ultron_ wagon at a very inopportune moment. About three days before it came out. I was so heavily anticipating it for such a long time, that I was actually much more excited to see this movie when it was still two months away than I was waiting in line to get into the cinema it was playing at. The combination of the market-saturation and the fact that the _Ultron _hype-train has been running for literally years, with a first trailer dropping seven months before the damn thing came out, meant I got weary of the thing just a fraction too soon. But I’m a sucker for the MCU, and there was no way I was missing the sequel to my favourite superhero movie of all time.    I won’t harp on too much, because I don’t want to spoil anything (especially given that the movie i"
232,Avengers: Age of Ultron,Action,2015,tmdb44006625,5,2019-03-09,"The fact that Joss Whedon was able to salvage some sort of coherent film out of all he was forced to cram into a single movie is quite commendable. But the sad fact is that Avengers: Age of Ultron is really just a run of the mill ""bad guy wants to destroy the world for reasons"" actioner that we've seen done better many times before.    Don't get me wrong. The movie's fun. The dialogue is frequently clever and humourous. And I really appreciated the quiet bits of storytelling that Whedon was able to sneak in. It's just that at the end of the day, the villain is weak sauce, there's way too much set up for other movies, and if I'm criticizing Man of Steel for having excessive destruction, I can't give Avengers a pass since they needlessly blow up not one, not two, but three cities. Pretty sure many insurance agencies went bankrupt paying out all the victims."
233,Avengers: Age of Ultron,Action,2015,JPV852,7,2020-06-28,"Third viewing of this and while not the strongest within the MCU, or of the other Avenger movies, still has some good parts (introduction to Elizabeth Olsen's Scarlet Witch and Paul Bettany's Vision; further setting into motion the infinity stones, New Avengers, etc) while the plot as a whole felt messy at times. Still, found it entertaining especially seeing where the MCU was going since. **3.5/5**"
234,Avengers: Age of Ultron,Action,2015,r96sk,7,2021-01-18,"Cool seeing them all together again, even if I didn't massively enjoy it. It's good, nothing more or less in my opinion.    <em>'Avengers: Age of Ultron'</em> isn't too far off 2012's <em>'The Avengers'</em>, especially in terms of how I fell about it. I definitely wanted more from both, yet they are still satisfying superhero action flicks. I'd rank this narrowly below the aforementioned.    Robert Downey Jr. felt a little flat to me as Iron Man - he still has a decent amount of moments, just not as many as you get in his individual films. All the others continue to entertain to an equally suitable level, I didn't overly like the characters of Aaron Taylor-Johnson and Elizabeth Olsen but I also don't have any noteworthy negatives about them. The story between Scarlett Johansson and Mark Ruffalo didn't do much for me either.    With that noted, it is still an enjoyable ride through the 141 minute run time. The ending is intriguing, interested to see where that goes - I have a minor ink"
235,Avengers: Age of Ultron,Action,2015,CinemaSerf,7,2024-06-09,"This is not a bad follow up to the first film. ""Stark"" (Robert Downey Jnr.) and ""Banner/Hulk"" (Mark Ruffalo) have a grand design to create a computer programme that will ensure peace on Earth for ever. Snag is, that programme hoodwinks ""Jarvis"" as well as both of them and turns into the rather menacing James Spader iteration of ""Ultron"" (yes, I too thought that was a detergent!). Anyway, ""Ultron"" concludes, not entirely unreasonably, that peace on Earth might be more attainable if mankind were actually to be the beings eradicated, so he sets about creating the ultimate vibranium-based weapon to accomplish this most dastardly of deeds. ""Stark"" must now rally the ""Avengers"" to thwart this plan - but can they combat the seemingly insurmountable odds and rescue mankind from oblivion? The usual suspects now congregate and using their combined strength and ingenuity take on their metallic foe and his equally lethal army of minions. My favourite has to be the cute and extremely nimble ""Pietro"
236,Avengers: Age of Ultron,Action,2015,Wuchak,8,2026-08-27,"***Quality Superhero team flick, actually better than the first one***    The first movie from 2012 was so overhyped it was almost impossible NOT to be let down a little. It started good, but the set-up went on &amp; on and wasn't overly absorbing. Plus, way too much time was spent on the SHIELD heli-carrier, which created a somewhat one-dimensional vibe. Lastly, although Loki was a worthy villain, his army of Chitauri were stereotypically ee-vil, faceless enemies who were basically just canon-fodder for the Avengers.    I like this one better because the ""origin"" element is out of the way and the setting isn't one-dimensional. There are numerous locations (England, Seoul, Bangladesh, South Africa and Italy), and additional characters like Quicksilver (Aaron Taylor-Johnson) and Scarlet Witch (Elizabeth Olsen). Ultron (voiced by James Spader) makes for a worthy villain and is superior to the (IMHO) boring character in the comics. Meanwhile, the over-the-top action sequences are balanced"
237,Inside Out,Animation,2015,Fatota,10,2015-10-05,This is the most incredible movie I've ever seen :)
238,Inside Out,Animation,2015,Andres Gomez,8,2015-10-05,Another great movie from Pixar. The story in entangling and is structured in a master way to show us in a nice recreation how the mind works and emotions like sadness are important for a healthy life.    A must to be seen.
239,Inside Out,Animation,2015,Sxerks3,8,2015-11-19,"A powerfully moving story, Inside Out takes place inside the mind of a young girl, Riley, as she tackles relatively normal hassles, from growing up to moving away. Inside her mind comes five emotions, all with different perceptions of life.    There's Joy, who takes charge and her job is to keep Riley content, Sadness, Anger, Fear, and Disgust, and together, they work together (or try) to keep Riley from harming herself. They live together in the headquarters, or Riley's head, and they look after Riley's memories.    After eleven years of enjoyment and content, Riley and her parents are forced to move out of Minnesota, away from her friends and hockey team, and moves to the city of San Francisco inside a desolate and cold house.    But things get even more anarchic when Joy and Sadness are sundered away from the rest of the gang, holding onto Riley's core memories that make Riley, well, Riley. One by one, the islands of personality fall apart as the rest of the gang back in headquarter"
240,Inside Out,Animation,2015,Peter McGinn,10,2020-04-04,"I think this is one of the best animated feature films I have ever seen, perhaps even the best one. It is very imaginative, for a start, colorful in ways that capture the eye, and its message is as deep as you want it to be.    By that I mean it would be productive and fun to watch this with children of all ages. The older or more mature the child is, the deeper you can delve into the issues of what to do about feelings of anger, sadness, and so on. With young children, you could even watch it first time through as it is, and save comments or life lessons for additional viewings. There is plenty of action and humor to be found here to entertain hem on that level.    And as a side note, we have no small children to watch this with, but it is also a good movie for adults to settle into, especially during times of stress or worry. We read a recommendation for it during the COVID19 crisis."
241,Inside Out,Animation,2015,r96sk,7,2020-09-02,"Sweet story.    <em>'Inside Out'</em> produces an entertaining, heartfelt 95 minutes. I like how the characters work and how their world is set up, conceptually it works very nicely but visually I don't love it - something about the way it looks is kinda plain to me. While Joy & Co. are memorable, the voices behind them aren't all that standout in my opinion.    Phyllis Smith is my pick of the cast, she is the perfect person to play the character Sadness. Amy Poehler (Joy) and Lewis Black (Anger) are more than satisfactory, too.    It has a good message and meaning, for me it's just missing something extra. Still enjoyed it though."
242,Inside Out,Animation,2015,Kamurai,8,2020-09-20,"Really good watch, would watch again, and can recommend.    This is a wonderfully little story of world building and exploration of the human mind through a young teen girl who is scare of the huge amount of change happening in her life.  The parallel of internal struggle and outward reaction to adversity really sets this movie apart.    The audience is literally taken on a exploration of the mind, and the story is not only fun, but capable of serious philosophical concepts.  Because it exemplifies ""show, don't tell"" those conversations are compacted into palatable actions by the characters.    This is a movie that might make you laugh, cry or both.    It's hard to believe that someone wouldn't relate to this somehow, and probably more that they wouldn't enjoy it at all."
243,Inside Out,Animation,2015,CinemaSerf,7,2023-05-21,"""Riley"" is a pleasant little girl living with her parents in Minnesota where she plays ice hockey, has loads of friends and generally, all in her garden is rosey. Her parents decide they need to move to (a rather drab) house in San Francisco, though, and as you might expect this causes some new tensions, especially as their furniture seems to have been lost in transit! Inside her pretty little head, we see her emotions - Joy, Fear, Anger, Disgust and Sadness personified and vying for control of her personality during this lively time. Joy seems most adept at managing the situation and keeping things on an even keel, but after an inadvertent intervention from sadness, the two find themselves expelled from the control room and having to make their way back from deep within her memories before it all comes crashing down at the hands of those less optimistic sensations left in charge! It's almost as if there is an ""X-Factor"" judging panel inside everyone's head making decisions and discuss"
244,Inside Out,Animation,2015,Andre Gonzales,6,2023-07-05,Very interesting idea for a movie. Sadness drives me crazy though. Pretty decent movie though. It's a good family to watch together.
245,Inside Out,Animation,2015,tmdb47940942,5,2024-02-12,A fun movie. Not the best but not a bad watch.
246,Inside Out,Animation,2015,tmdb51103537,10,2026-03-08,"Inside Out is one of the most emotional (pun intended) Pixar projects ever made. The way it handles the difficulty of moving to a new place and the harsh feeling of homesickness is both sad and empathetic at the same time. The movie also has colorful animation, plenty of laughs, and a lighthearted cast of characters (particularly Amy Poehler as Joy). By far one of the most phenomenal animated movies I've ever seen and a real W (win) for Pixar."
247,Mad Max: Fury Road,Action,2015,Andres Gomez,7,2015-06-06,"Good action movie with a decent script for the genre. The photography is really good too but, in the end, it is quite repeating itself from beginning to end and the stormy OST is exhausting."
248,Mad Max: Fury Road,Action,2015,Cineport,9,2015-11-24,Fantastic action that makes up for some plot holes.
249,Mad Max: Fury Road,Action,2015,simonTheDiver,10,2017-08-13,"I was never a fan of the original Mad Max films but this one just blew me away. There was something so powerfully visceral about this on the big screen. It was a fun on assault on the sense , in a good way. Its spectacle rather than plot driven so may not fare as well on the smaller screen. Watch on the largest possible tv in a darkened room with the phone and other gadgets off. Crank up the volume."
250,Mad Max: Fury Road,Action,2015,Dark Jedi,7,2018-01-21,"I would say that this movie is pretty much the kind of movie that I expected it to be. That being said I think it was a bit softer than I hoped it to be. I think that, again, the Hollywood plonkers have opted to make a movie that got a more palate rating (to them and their cash registers) than what it should have been. It is not as obvious as with Robocop and a few other movies but the feeling is there.    It is still a fairly entertaining movie. It is of course yet another special effects movie and as such it does not disappoint. It differs from a lot of the usual special effects movies in that the effects are pretty down to Earth in a bizarre way. We are not talking about superheroes or near magical technologies here but instead we have a devastated landscape, scrounged together equipment and a totally ludicrous desire to blow up the last remains of human civilisation. The bizarre vehicle designs and the totally ridicules behaviour of a lot of people in this movie is alone worth watc"
251,Mad Max: Fury Road,Action,2015,Gimly,9,2019-04-12,"**The following is a long form review that I originally wrote in 2015.**    I’ll keep this’n somewhat brief, because I only saw the movie once and it was a few days ago now. Some time later on though, I will post a spoiler talk that goes into greater depth. For now though, enjoy this spoiler free review of _Mad Max: Fury Road_!    The number one complaint I’ve been seeing about _Fury Road_ is that there’s not much of a story. I would respond by saying, there might not be as much story as you could **want**, but there is certainly as much as you could **need**. The plot isn’t deep, or complex, or intricate, or philosophical. but it’s there, and it makes sense. Just last year, _John Wick_ showed us that you can get away with a pretty thin premise, if you work hard enough on building a thick, palpable world. And the world of _Fury Road_ is something else entirely, I can see why people aren’t blown away by the story, but the world is incredible.    There has been much discussion as to whet"
252,Mad Max: Fury Road,Action,2015,OzDrDj,2,2020-01-20,"1 Star, solely for the fleeting Presence of the Interceptor. As for the rest, Nothing to do with Mad Max, just a cross country jaunt of constant silly action.   As a Fan of the Original, Mel Gibson is Mad Max, an there will be no other. I have no idea what was going through anyones mind when they tried to tie this to the Mad Max Franchise, Probably not much. If the movie had just been called Fury Road, left Mad Max out of it, It may have been an interesting movie in its owb right, but I think it would have been laughed at and relegated to the $1.99 bin at your local service station."
253,Mad Max: Fury Road,Action,2015,Matthew Brady,10,2020-01-27,"When I saw the reviews for this movie my first thought was ""Every critic has lost their minds... even me.""    The story is about a post-apocalyptic wasteland - the fight for survival has twisted the remnants of mankind, turning most into mad, vicious gangs. In this chaotic world two rebels may be able to restore order while seeking their own forms of redemption: Max, a man who just wants peace after losing his wife and child and Furiosa - who thinks finding her childhood home is the answer.    What a lovely day to be talking about Mad Max: Fury Road, because the trailers and the reviews for this movie have been off the walls mad. I mean five out of five star's! wow, just wow. The last Mad Max film came out in 1985, so it's a been a long time and so was this movie, as development took a long time. So I was curious and a bit shady for this movie, by seeing if George Miller (The director of the original films) was going to bring to the table. Now after seeing the movie and having a long t"
254,Mad Max: Fury Road,Action,2015,John Chard,9,2020-04-13,"George Miller brings us the fourth Mad Max film - Ultimate Carmageddon!    An apocalyptic story set in the furthest reaches of our planet, in a stark desert landscape where humanity is broken, and most everyone is crazed fighting for the necessities of life. Within this world exist two rebels on the run who just might be able to restore order.    George Miller directs and co-writes the screenplay with Brendan McCarthy and Nick Lathouris. It stars Tom Hardy, Charlize Theron, Nicholas Hoult, Hugh Keays-Byrne, Rosie Huntington-Whiteley, Zoë Kravitz, Josh Helman and Nathan Jones. Music is by Tom Holkenborg and cinematography by John Seale.    Well it was a long time in the making, but finally a fourth Mad Max movie was made and it proves to be worth the wait. Undeniably light on plot, this essentially is a two hour chase movie played out to an apocalyptic backdrop of green skies, scorched orange and red vistas and the sort of storms that usually only come in nightmares.     Hundreds of cra"
255,Mad Max: Fury Road,Action,2015,The Movie Mob,10,2023-01-16,"**Mad Max: Fury Road’s magnificent effects, editing, cinematography, and directing make it a film unmatched in almost every way.**    Mad Max: Fury Road floods every second of its 2-hour runtime with frenetic chaos, massive practical effects, and unparalleled mastery. George Miller produced an action movie on a scale, unlike anything I have ever seen. The effects were almost all practical, giving the movie a grit and realism that most films never reach due to the overuse of computer-generated effects. The budget for this movie had to be insane because the cost to make all these vehicles and explosions and crashes had to be astronomical! And so worth every penny. This movie is enrapturing and stunning! Mad Max: Fury Road personifies madness from the frantic camerawork to the editing style to Tom Hardy’s wild-eyed performance making this film intense, heart-pounding, and unpredictable. The world-building and screenplay are genius as well. The story doesn’t get caught up in explaining eve"
256,Mad Max: Fury Road,Action,2015,r96sk,8,2024-05-26,"Without a doubt the franchise's best work thus far.    <em>'Mad Max: Fury Road'</em> starts off perfectly good, though the movie properly clicks into gear when the characters of Tom Hardy and Charlize Theron join forces. From then on it's entertaining and I certainly enjoyed watching it all unfold. The action remains super effective and visually epic, the stunt work really is fantastic.    Hardy and Theron put in convincing showings, definitely an improvement on anything from the original trilogy in terms of the acting talent; no disrespect to those from the first three, it's just a noticeable upgrade for me. With all that noted, I still don't think the characters in these films are as strong as they could/should be (but still good) - and that's what probably stops me from utterly loving this.    A prequel with Anya Taylor-Joy portraying Charlize Theron's character sounds great on paper, so I'm very much up for checking out <em>'Furiosa: A Mad Max Saga'</em> at some point soon!"
257,Alien: Covenant,Horror,2017,Gimly,4,2017-05-13,"I had a few reservations going in to _Alien: Covenant_. In my opinion there hasn't been a truly great entry to the franchise since _Aliens_, so I was worried that the statistics were against it. I thought _Prometheus_ was incredible from a technical standpoint, but not a very engaging movie, and I was worried we might get the same here. The trailers had been mostly good but I was worried I had seen too much of the third act in them, and I was worried this would spoil the experience for me a little.    What I was not worried about was within ten minutes of the damn thing starting I would think to myself: ""Wow, this movie is really poorly made.""    Well I guess I'm an idiot because that is exactly what happened. And that feeling never entirely abated over the course of the whole thing.    Don't get me wrong, it's no ""_AVP: Requiem_"", but I was still very disappointed.    _Final rating:★★ - Had some things that appeal to me, but a poor finished product._"
258,Alien: Covenant,Horror,2017,Simon Quinlank,5,2017-05-13,"**Limps along under the weight of its own importance.**    I love my films dripping with self importance and this one is definitely one of them.  I can't get enough of these films that positively bubble over with a high handed, serious and arrogant attitude that indicates that there is no film quite as important as this one.      This film knows it all. It knows everything that we- the lowly, pathetic and simple minded audience do not know and could not ever possibly know because we are not intelligent enough to grasp anything, you see?    For such an authoritative, superior and intelligent film - I find it odd that every character stumbles around like a simple minded cretin making unwise decision after unwise decision.      Ridley and his scriptwriters seem to think that they are intellectuals but somehow they just _can't pull off_ the role of **being** an intellectual.    - Simon Quinlank"
259,Alien: Covenant,Horror,2017,Saketh Thota,6,2017-05-23,"I agree with most of the negative comments about this movie.It is a gigantic missed opportunity.My biggest issue apart from the utter predictability and nonsensical,inept script,was the disappointment of seeing 'Prometheus' mixed up with 'Alien'  Alien covenant gets locked up in its own self importance while forgetting why we loved 'Alien' in the first place.I really wanted to like it but came a way  with a huge sense of disappointment"
260,Alien: Covenant,Horror,2017,Mark Rushow,10,2017-08-04,"Watched Alien: Covenant a 3rd time. It is a lot better than first meets the eye. The drastic difference from what we were expecting in direction from Prometheus threw all of us off. We had expectations of what we would get to see and we didn't get those. There is so much detail and such good acting. It takes multiple watches to pick up on it all. It blends the styles of Alien, Aliens, and Prometheus all together and does it very well. There is also a lot of subtle reference to Terminator 2. The dynamic between the androids Walter and David and the acting that went into that is something quite special. In that alone is a reference to T:2. My first 2 watches I didn't appreciate the android Walter like the character deserves. I was biased against his character in light of the android David. The android Walter and how he was portrayed also blends the style of android we see in Aliens. The actor's voice and demeanor reflect that of the android Bishop and gives us a bridge to his design. Mic"
261,Alien: Covenant,Horror,2017,John Chard,7,2017-09-23,"Even the monkeys stood upright at some point.    Hee! Ridley Scott, it seems, is damned if he does and damned if he doesn't as regards the Alien franchise he so gloriously kick-started back in 1979. Prometheus was too cerebral for many and definitely bogged down by expectation levels. Not without flaws of course, but a very tidy science fiction piece it be. So we roll on to Alien Covenant, which while not universally reviled, has certainly garnered some fearful scorn in Alien franchise fan circles.    Alien Covenant is a cover version, no two ways about it, it's a retread of what was showcased in 1979, only with the tie-in to Prometheus and a continuation to the origins of Xenomorph and pals. Clearly we have a case of Scott making one for the fans, a return to chest busting goo and space adventurers under great duress, all of course while he fills in the blanks as well. For sure it's lazy when put up against Alien, and indeed against his other superlative sci- fi offerings such as Blad"
262,Alien: Covenant,Horror,2017,Reno,7,2017-10-22,"**Good robot! Bad robot!**    After some gaps, the 'Alien' franchise came alive with the prequel 'Prometheum' which originally said to be a spin-off. Particularly, it landed in the hands of the original maker. Now, even the original title back in action. It's another prequel, hence the prequel series on the making. The next film too will be the same kind, before the overall storyline in the franchise align in a straight line.    I enjoyed it. But not as good as 'Prometheum' or the first two 'Alien' films. The issue with it was, the same old cliché. There's nothing in the story. It was like any space film that's set in a similar fashion. The 80 per cent of the film was what we had seen in the earlier 'Alien' films. Just altered scenes with a new cast and a great visuals. So the update makes it the special.    The story focused too much on the robot. The alien parts were reduced. Because it was like the first appearance of the original aliens we saw in the old films. Precisely to say, th"
263,Alien: Covenant,Horror,2017,Patrick E. Abe,4,2018-02-14,"I paid to see the movie, just to see what all the hype was about. It's a mess, of course, from David going Nazi and practicing genocide, to the mindless violence of ""an earthworm impaled on a hook to catch fish,"" to space idiots/children who aren't smart enough to be hall monitors.   I had wondered why some folk considered the first three ""Alien"" movies Canon and NOT the current set.   I'm with the ""three and done"" crowd, this movie is a Hollyweird popcorm flick.   ""Do not watch this movie. God complexes and stupidity abound. Stay away if you value your peace of mind."" (Repeating acoustic beacon)"
264,Alien: Covenant,Horror,2017,AnAwe,9,2020-02-08,"Though Michael Fassbender did a sublime job and the movie itself was visually immersive, the actions of the main characters did not seem very smart. I could forgive the decision that the newly installed captain Oram (Billy Crudup) took about going to the unknown planet. But everything that happened after David cut his hair exactly the same way Walter head just makes you shake your head in amusement and think ‘Oh, come on!’.   David, obsessed with the act of creation that had value in its end, uses any means available. It is remarkable that no one from the remaining crew has questioned imposter Walters’s identity and just carried on like the worst was left behind. Meanwhile, the last scene when Daniels (Katherine Waterston) realizes (finally!) that Walter is, in fact, David and she had totally screwed up with the thousands of colonizers and embryos on the ship… does give you slight goosebumps."
265,Alien: Covenant,Horror,2017,Repo Jack,9,2020-11-08,"I would hate to be in the shoes of a filmmaker that needs to please a rabid fan base. The ""Star Wars"" sequels are a perfect example of this. Ridley Scott has the same challenge with the ""Alien"" prequels which you see in user scores.     I loved ""Prometheus"" with its attempt at something bigger than just more face huggers and xenomorphs wreaking havoc. It was clear he was building a grander story to the eventual bridge to the original ""Alien.""       He continues that bigger story with ""Alien: Covenant"" and whether he meant to provide fan service or not, we get that with face huggers and xenomorphs. (No spoiler as both are in the trailers.)     Do yourself a favor and watch the short clip ""Last Supper"" (youtu.be/EkXgRlRao5I ) before you watch the movie. At only five minutes, it gives a better introduction of the Covenant crew than the movie does providing deeper emotional investment in these characters.      Ultimately ""Alien Covenant"" delivers an excellent, fast-paced sci-fi action horr"
266,Alien: Covenant,Horror,2017,r96sk,7,2022-02-24,"I like how gory <em>'Alien: Covenant'</em> is, though apart from that there isn't much to shout about. It's good, but that's it.    I'd say it's one of the weaker cast lists of the franchise, not that I have anything against the performances here but I wasn't blown away or overly interested in anyone in this 2017 production. Michael Fassbender is the obvious standout from an acting viewpoint, though I don't really dig his character all that much to be honest. The rest are a bit forgettable.    You can tell it's well made and it does look the part, with it being worth the watch to complete the franchise and all that. Of the sixth films, though, it'd be in my personal bottom two <em>(*excl. short films)</em> - in fairness, that isn't as bad as it sounds, it's just the series has seen better."
267,Alien: Covenant,Horror,2017,CinemaSerf,6,2022-04-20,"Initially, I thought this was just a pretty shameless attempt to attach the ""Alien"" brand to the really mediocre ""Prometheus"" (2012) but to be fair, it is just a little more than that. The crew of a colonial exploration ship are heading to a new word when their crew are tempted by a bit of John Denver, and divert to a seemingly far more suitable planet. Of course, once they land they begin to realise that nothing is as idyllic as they had hoped, and getting off as soon as possible is now the order of the day. It's almost 40 years since the first film of this strand, and that renders most of the shock value pretty impotent. We have all already been through the gamut of terror that these stories deliver and even though Sir Ridley Scott is an old hand at creating a sense of menace, it's all just a bit so what with this predictable plot that ends, then it ends, then it... ends! Michael Fassbender is quite effective as ""David"" but the rest of the cast, including the usually reliable Billy C"
268,Alien: Covenant,Horror,2017,GenerationofSwine,1,2023-01-13,"Well, it's slightly better than Prometheus, that's something. It's a little bit closer to the monster movie that was Alien...but closer does not mean that it comes anywhere near being as epic as it's 1979 mother...queen...whatever.    It's still putting on airs. It's still living under the delusion that it's something closer to ""Chinatown"" than, well, a monster movie in space.    I don't want to see an Alien movie that thinks its ""Raging Bull."" It doesn't really work that way. I want to see and Alien movie that knows its an Alien movie.    Simplify Man!!!!!!! You're a monster movie in space...most of the time...and a space marine movie the rest of the time. Either way you have no reason to throw so much crap against the wall. You don't need it all to stick!!!!!    You're an Alien movie, you don't need to be deep, you just need to be scary. that's all you need to do. And, maybe have Ripley, because she rocked.    But, honestly, the Alien movies are monster movies.    These films have fo"
269,Alien: Covenant,Horror,2017,Filipe Manuel Neto,6,2023-04-21,"**With strengths at a visual and technical level, it would be much better with a more developed and better written script.**    I don't know if I'm the only person to say this, but I think a horror movie works better if we see some intelligence in the script and in the characters' attitudes, and if the main antagonist is mysterious and able to surprise us. I liked “Prometheus”, a film better than expected, albeit with a confusing script. This film establishes a clearer, more palpable link between that film and the “Alien” franchise. The script accompanies the “Covenant”, a colony ship filled with people in hypersleep. The ship receives a mysterious signal from a planet that, by all indications, has excellent conditions for life, but quickly realizes that it has stumbled on a place where it should never have landed. After seeing the film, I had the feeling that we were looking at a very solid work that only lost when compared to the original franchise. Perhaps the best way to be fair is"
270,Blade Runner 2049,Science Fiction,2017,tmdb15214618,8,2017-10-12,"In a wonderfully woeful world, a detective makes a sad attempt at a relationship, has the most inventive sex scene ever committed to screen, and grapples with an existential crisis as he does his work. This stuff, which could work as a standalone story, is so strong that this movie must be seen.    Unfortunately, the movie doesn't realise that the protagonist's everyday life is the best part, and instead focuses on a larger-than-life, goofy premise meant to tie 2049 to the original and set up another sequel, thus undermining what would otherwise be a gripping, intimate story."
271,Blade Runner 2049,Science Fiction,2017,Mex5150,4,2017-10-19,"The film was actually rather disappointing. As a film it was OK, but as a sequel to Blade Runner, it was terrible. There were some nice in-jokes and references, but overall low-brow junk masquerading as high-brow gold (it was directed by Villeneuve, so I really shouldn't have expected better, the only thing he's good at is making stupid people think they are clever). Everything seemed forced and unnatural. The plot was trite and cliched, and everything was very predictable. Totally a wasted opportunity ;^<"
272,Blade Runner 2049,Science Fiction,2017,Gimly,8,2017-10-27,"Strikes a true balance between new and old. Denis Villeneuve has a perfect filmmaking record in my mind, and _Blade Runner 2049_ continues that trend with aplomb.    _Final rating:★★★★ - Very strong appeal. A personal favourite._"
273,Blade Runner 2049,Science Fiction,2017,Dark Jedi,6,2018-02-21,"As a movie this is a very good movie. The scenery, the acting, the colors etc. are of a very high technical standard. To me personally however, this movie is much too dark and depressing for my taste.  I cannot say that I am surprised that the movie is dark. The first movie was a rather dark one after all and this one is a truly post-apocalyptic one. I quite liked the first movie despite its dark setting though. However this one takes the darkness and melancholy to an entirely new level.  As I said before, technically the movie is great. The scenery is stunning whether it is a dirty little hut out in the badlands or the equally dirty vast cityscapes. The scenes of the abandoned city where Decker is (re)introduced is sad but beautiful.  The acting is more or less great from all the main characters and the special effects are very well done and just right to fit with the rest of the movie.  Unfortunately I cannot bring myself to give it more than 3 out of 5 stars. It has nothing to do wi"
274,Blade Runner 2049,Science Fiction,2017,Dean,4,2019-08-26,"I don't understand what people like in this movie. It has some good things, but nothing much to deserve such big rating. Soundtracks & atmosphere are really good & it's well shot, however story is confusing & everything is all over the place. I still didn't understand what was the whole story of movie and it is extremely slow & prolonged. Very small amount of talking & a lot observing moments. Every minor action is prolonged. Like you see man laying in the snow for a few minutes & etc... I didn't like the movie & it took more than 2:30 hours of torture and boredom..."
275,Blade Runner 2049,Science Fiction,2017,renzo-benzo,3,2021-09-19,"The only thing _great_ about Blade Runner 2049 is the cinematography and the Atari sign, but it was just trying to copy Blade Runner instead of a new story. Outside of that it's dog dung. The music is a poor knock off Vangelis score. The story is basically fan-service and pandering by the studio with the tons of plot holes. It includes of biblical references, and aspects from the books _Fahrenheit 451_ by Ray Bradbury, that also takes place in 2049, mixed with _1984_ by George Orwell to try to come off as intellectual, but utterly fails and is poorly done. It practically ignored _Do Androids Dream of Electric Sheep_ by Phillip K. Dick. The original Blade Runner film did too, but at least that film was interesting. This film doesn't introduce anything new or anything that could be considered an original idea. The editing is awful. Dragging out scenes for no reason other than an attempt to appear ""intelligent and serious"" or to try to mimic 'Blade Runner' doesn't work since there's no re"
276,Blade Runner 2049,Science Fiction,2017,The Movie Mob,7,2022-08-19,"**Overall : One of the most visually spectacular, stunning, and beautiful films I have ever seen!**    Now I need to be honest; I am a simple man, and the complexities of the philosophical questions presented by the Blade Runner movies are lost on me. What makes someone truly human or real is a profound question with which an escapist like myself doesn't want to grapple. But with all that being said, Blade Runner 2049 is a masterpiece regardless of your movie taste. The beauty of the bright neon colors splashing across the cold, dismal, muted city of Los Angeles in 2049 is breathtaking. Every scene and moment is a visual feast filled with practical effects despite being a sci-fi film with flying cars and futuristic technology. While parts of the story and action were a little slow, Blade Runner 2049 captivates and intrigues from start to finish."
277,Blade Runner 2049,Science Fiction,2017,CinemaSerf,7,2022-09-04,"Ryan Gosling is great in this update of the Ridley Scott story from 1982. He is ""K"" - working for the new but still all-powerful ""Tyrell Corporation"" tasked with eliminating the last of the ""Nexus"" generation of replicants. It's on one such mission that he, quite literally, unearths a terrible secret that could spell doom for the already crippled society of mankind. ""K"" sets out to gather as much information as he can to prevent this collapse, and gradually comes to realise that the answer might lie with the long disappeared ""Deckard"" (Harrison Ford); his water ego from times gone by. Thing is, though, as his search nears it's conclusion, will he be permitted to discover and act upon the truth? This enhances and augments the original, rather than try to replace it. The story is well held together by a Gosling who makes his presence felt, but who allows the story to develop using imagery and a sparing dialogue. Robin Wright is maybe not the best as his boss ""Joshi"" but it does feature o"
278,Blade Runner 2049,Science Fiction,2017,madmonk,7,2022-09-08,"Visually stunning. That's it. It felt cold as the acting of the main character. Also it made so many assumptions on the original movie that it felt banal. Such a shame, because the concept behind could have been good, but the delivery is just not there, I'm afraid."
279,Blade Runner 2049,Science Fiction,2017,GenerationofSwine,1,2023-01-14,"Did it really need a sequel?    It was beautiful. I mean, it looked beautiful...even if there was one part that made me motion sick, but even that part was beautiful. And that, I think, was really more of a lighting thing than a set design thing or a special effects thing.    Honestly, you remember the lighting in this. You remember it the way people remember the lighting in an Edward Hopper painting.    But did it need a sequel?    The acting was great, it really was.    There was honestly no real flaw as to how the movie looked, how it was directed, or how it was acted. It was pleasing...    ...but it was also kind of empty. So, did it need a sequel? Questions were answered, but those questions were best left as questions weren't they? The little mysteries that fueled debate that made the first film so...talked about, even if it was initially hated.    Why did those questions need to be answered? They were better left as little mysteries to ponder.    And the result is the empty feel"
280,Blade Runner 2049,Science Fiction,2017,specimenb,9,2026-08-10,"I loved *Blade Runner 2049*. It expands the original’s world without losing its mystery, pairing stunning, haunting visuals with a surprisingly emotional story about identity, memory, and what it means to be human. Ryan Gosling’s restrained performance fits the film’s lonely mood perfectly, while Denis Villeneuve gives the slow pace real purpose. It’s deliberate and atmospheric rather than action-heavy, but for me that makes every image and quiet moment land even harder."
281,Coco,Family,2017,Gimly,5,2018-01-12,"Spectacularly colourful with a sweet, (albeit predictable) path. Certainly not a misfire from Pixar, but also did not appeal to me personally in the way that many of their other films have.    _Final rating:★★½ - Not quite for me, but I definitely get the appeal._"
282,Coco,Family,2017,furious_iz,9,2018-05-27,"**Beautiful, colourful and sweet**    This film has real heart, with great messages about what family can and should do for each other.  Great voice acting, great songs without having the burden of exposition via song that you find in the more musical ventures by Disney.  I loved that you could see genuine guitar chords being played, so often in live action films the playing of musical instruments, especially guitar are poorly faked.  None of that in this animated gem.    One thing I personally loved was the depiction of Mexican culture.  Although I really enjoyed _Moana_, I thought it was a little bit too much of a pastiche of multiple Pacific cultures when it should have just picked one (Maori) and stuck with it.  _Coco_ celebrates Mexican culture, and depicts it well.  The only thing missing for me was more Mexican cuisine.    It can get a little dark in places, so maybe be careful when watching it with the little ones, but should appeal to most of the family.    9/10"
283,Coco,Family,2017,priya_,10,2019-04-24,"I loved the movie starting from the characters, animation, colors, emotions, story everything. A good way to tell how important a family is. Happy it had a happy ending."
284,Coco,Family,2017,r96sk,10,2020-09-07,"Sensational! <em>'Coco'</em> is straight into my top five of Disney animations.    The whole 105 minutes are a joy to watch, thanks to its rich and highly meaningful story alongside the wonderful animation and sharp humour. Safe to say, I was not expecting this film to smash it out the park - which it totally does. This is why I don't, personally, look up about films before watching them, I love being surprised.    Big credit also goes to the cast, who play some awesome characters. From Miguel (Anthony Gonzalez) to Héctor (Gael García Bernal) to Ernesto (Benjamin Bratt), among others, they are all very, very good.    It isn't just the characters that make this memorable, it is also the excellent plot which is told beautifully. It's filled with not just comedy but also a load of heart - there's a few nicely done twists too. The world that they create around the Day of the Dead is fantastic, while the music fits perfectly.    If you haven't already, you must watch this! It's brilliant!"
285,Coco,Family,2017,CinemaSerf,7,2023-09-02,"Budding guitarist ""Miguel"" is puzzled by his family's long-established ban on anything musical. To him it just doesn't make any sense at all especially as, generations ago, his family were at the top of that very game. Determined to get to the bottom of that mystery so he can emulate the legendary heart-throb ""Ernesto"" (a cross between Julio Iglesias and Justin Bieber), he finds that serendipity takes an hand in things. On the Day of the Dead, he manages to get himself transported to the the vibrant and surprisingly lively land of the dead where he encounters the slightly mischievous ""Hector"" who promises to guide him to his great, great grand-father, find the truth and enable him to return home to a family that will, once again, embrace music. He has to get a move on though, as he only has the hours of darkness to fulfil his quest - so the race is on. Meantime some of his other, long deceased, family are also on his trail bent on returning him home without his music. To be honest, I f"
286,Jungle,Adventure,2017,Gimly,4,2018-01-05,"_Jungle_ is certainly not my worst film of 2017, but I think it might just be the most disappointing. I'm a **massive** fan of Greg McLean, and the trailer had me proper on board with _Jungle_. Unfortunately, the end result was something capable of capturing my interest only once, and for no longer than a couple of minutes.    _Final rating:★★ - Had some things that appeal to me, but a poor finished product._"
287,Jungle,Adventure,2017,Reno,8,2018-02-04,"**Jungle, is not a place for humans anymore as thousands of years ago!**    A much better, in fact, one of the best biopic about the survival in the wilderness. It is an Australian film about a young Israeli named Yossi, who went for a trekking in the Bolivian jungle with three others, but had got lost and fought for survival. It's 1981, the rainy season is just a corner away, but the four went to find a lost Indian village. After everybody got separated, the remain story told from Yossi's perspective, how he faced the nature's challenges to keep alive and make safely to the human civilisation.    The film was very good compared to what the trailer and teaser hinted out. Radcliffe is getting better with his every new film. With performance like this, surely everybody would accept him in the coming days. So we could see him in big projects, in big roles. Good writing and direction, but it was based on the biographical book of the same name. The film was entirely shot in Australia, but y"
288,Jungle,Adventure,2017,John Chard,7,2019-08-17,"The Yossi Ghinsberg Survival!    Jungle is directed by Greg McLean and adapted to screenplay by Justin Monjo from the book written by Yossi Ghinsberg. It stars Daniel Radcliffe, Joel Jackson, Alex Russell and Thomas Kretschman. Music is by Johnny Klimek and cinematography by Stefan Duscio.    Film is the retelling of real incidents when in 1981 Israeli adventure Yossi Ghinsberg entered deep into the Amazon Rainforest and found hell waiting for him.    People keep doing it, these adventure types going into treacherous Mother Nature territory to explore and discover the untapped world - only to find misery, while some are never seen again. Greg McLean mixes adventure and horror perfectly, which when coming from the director of Wolf Creek and Rogue comes as no surprise. It's standard formula in narrative drive, man meets new friends in beautiful surrounds, it's all very jolly and daring, and off they go in search of wonderment.     Of course, as is often the case, these stories can someti"
289,Jungle,Adventure,2017,5rJoud,5,2021-07-02,"**Not even that bad**    _Mild spoilers:_    Four douche bags hike into the jungle, one of them Hairy Potter, and not one of them has a significant reason to do so. Immediately the viewer is rooting for the wilderness to take them out one by one, but unfortunately we don't even see that happening.    This wasted opportunity could have been so interesting, with survival action like building a shelter, cooking water, making fire, finding edible food, fighting predators, fighting each other, finding the killer, getting the girl... Instead we are presented a ""true story"", boring, dragged out and without a climax of any sort. Instead, we get a monkey shot off a tree, clobbered to death and eaten above a pre-made camp fire without even taking it apart. Unbelievably Hairy Potter's actor lost weight for this garbage.    Acting, camera, score, action scenes and computer generated images are all top notch. Cannot save the movie from a mediocre 2.5 stars though. If a true story is boring, get ins"
290,Spider-Man: Homecoming,Action,2017,Gimly,7,2017-07-10,"There's now officially (not at all officially, more like just-my-opinion-ally) twice as many good Spider-Man movies as there is bad ones. But _Homecoming_ is my favourite of the bunch. 2017 has been a great year for  the Superhero genre, and _Spider-Man: Homecoming_ does nothing to buck that trend. It's got everything a Spider-Man movie should have: Heart, humour, action, spectacle, a grounded school life, coming-of-age themes, and all this while firmly rooting itself in the Marvel Cinematic Universe -- without relying on the framework of the past to hold it up. _Spider-Man: Homecoming_ is spectacular, and it stands up both on its own, and as a part of the larger universe.    _Final rating:★★★½ - I really liked it. Would strongly recommend you give it your time._"
291,Spider-Man: Homecoming,Action,2017,AJGibbs,4,2017-12-12,"Disappointing return for the webslinger. After the dramatic introduction in Civil War this film feels like an excercise in keeping the coffers full.  Unlike the Toby Maguire films this incarnation feels flat. It never manages to really put our superhero in any real peril...it just goes through the motions and ticks boxes. Granted it is mostly enjoyable, but did we need it??  No.    The suit and inclusion of Iron Man takes away from what is great about Spiderman. The fact he has to juggle school, work, realationships is what kept him grounded...  He does not need Iron Man's suit or him flying in to save the day!!    Also, why does he not have a spidey-sense?!? He gets nailed left, right and centre!    *  To conclude; disappointing, Yes, as Spiderman just became another member of Tony's team...when he should stand alone."
292,Spider-Man: Homecoming,Action,2017,Dark Jedi,4,2017-12-26,"I guess I should not be too surprised given the Spider Man character we saw in the latest Captain America but I have to say that I was, well, hoping for something else, as in something better.    If the producer/writer intended to make a Spider Man movie for kids, and I mean kids, not young adults but kids, then this movie is hitting the spot. It is an excellent action/adventure movie for kids. Unfortunately I am not really in that viewer segment and for me this movie was pretty bad.    The movie is childish. There is no other way to describe it. My memory of spider man is a quite serious young man with a sharp and witty tongue. Not the fumbling and childish Spider Man in this movie. His best friend may be a good computer geek but otherwise he is dumb as a door nail and just tiring to watch. His, supposedly adult handler is a screw up who, surprise surprise, is hanging up the phone because he cannot be bothered to listen to kids.    The FX may be good as FX goes visually but it was als"
293,Spider-Man: Homecoming,Action,2017,Reno,7,2018-02-04,"**Young & hungry to fight crimes!**    No doubt, Tobey Maguire Spider-man is the best. It was also the first modern superhero of the millennium. The visual effects and entertainment wise, the second live-action Spider-man was good too, but this one is so different. This is about a teenage superhero. Just a kid. Having possessed such superpower, how he manages it alongside his normal life was nicely told.    This story begins straight away, because the introduction was done in the previous Marvel film, which are part of Avengers universe. Peter Parker assisted by Tony Stark, is very keen to fight small crimes compared to what Avengers fighting for. He feels, he's held back by Iron Man, so he wanted to make independent decisions. At one stage he succeeds in that, but things get more severe. Fighting bad guys, and the other side of his life, a romance, how the remaining story turns out are revealed with a twist.    Tom Holland was good. The story was simple, more like one liner. But the v"
294,Spider-Man: Homecoming,Action,2017,A Fan of Many Things,10,2018-06-10,"After the failure that was 'The Amazing Spider-man 2' Sony made a drastic decision in lending the character back to Marvel, and did it pay off? Absolutely!    Unlike the Sam Raimi trilogy where Toby Maguire was a better Peter Parker than Spider-man and the Mark Webb duology where Andrew Garfield was a better Spider-man than a Peter, Tom Holland encapsulates both characters perfectly.  Of course there were a negatives, especially in the second act which drops off a bit but the movies does such a wonderful job of recapturing our attention that you just can't help but forgive the movie for it!"
295,Spider-Man: Homecoming,Action,2017,tmdb44006625,5,2019-03-09,"Spider-Man: Homecoming can't even hold a candle next to Sam Raimi's first two Spider-Man films, not to mention Spider-Man: Into the Spiderverse. Homecoming is simply Marvel's integration of Spider-Man into the MCU. It works on that level. Tom Holland is a good Peter Parker; finally an actor that looks like a high school student! Marisa Tomei does a really cool, sexy Aunt May, which I never thought I'd ever see. Michael Keaton is excellent as Vulture, one of the more interesting villains in the MCU.    The relationship between Tony Stark and Peter Parker is good but should have been better. It's clear that they half-assed the development of these two characters. The high-tech Spidey suit is neat but gives off the sense that the movie is trying to be too much like Iron Man."
296,Spider-Man: Homecoming,Action,2017,Myles,8,2019-04-07,"I personally thought all hope was lost, there's no way ANOTHER Spider-Man reboot could be successful. Yet this movie is colourful, fun, and fitting movie for the MCU"
297,Spider-Man: Homecoming,Action,2017,r96sk,8,2021-01-21,"A lot of fun!    <em>'Spider-Man: Homecoming'</em> is entertaining, as I had expected in truth. The plot is possibly not as great as it could've been, but it is still one that is enjoyable to see. The effects are excellent, as is the humour.    Tom Holland is the star of this though. He kills it as the titular character, he adds a tremendous amount to the film. Michael Keaton plays his role well enough, while it's cool to see <em>'Iron Man'</em> duo Robert Downey Jr. and Jon Favreau involved.    Jacob Batalon is good, while it's noteworthy to have Zendaya and Donald Glover appear; even if they are underused/unimportant, at least for now for the former, I assume. I found the whole cast enjoyable, to be fair.    This narrowly misses the next rating up from me, but I still had a very pleasant time watching - and await the follow-up with much eagerness!"
298,Spider-Man: Homecoming,Action,2017,CinemaSerf,7,2022-03-27,"Once again, Marvel have succeeded in reinventing this franchise - and again, they have alighted on a Brit. Tom Holland is a super choice as our hero - he has oodles of on-screen charisma; he genuinely looks like he can't believe he is there half the time, and that all helps to make for an enjoyable fantasy adventure film. This time, he has to learn to master his spidey-senses (with a bit of help from ""Tony Stark"" (Robert Downey Jnr.) and the very rarely ""Happy Hogan"" (John Favreau)) before Michael Keaton - equipped with wings and a seriously powerful ray gun destroys all in his path. The performances are top drawer; the script is quickly paced with plenty of action, determination, humour and the slightest hint of menace, and the cleverly designed effects blend seamlessly into the action creating a thoroughly entertaining film. It is a bit too long, to be honest - but the casting is good, the direction tight and the whole thing a good family watch with a little bit for everyone."
299,Spider-Man: Homecoming,Action,2017,GenerationofSwine,10,2023-01-14,"I won't complain about the continuity error within the MCU...because no one really cares least of all myself.    Well, how do we do this. I mean, it is refreshing that Garfield is gone and with him the Spider-Bully. For Marvel comics fans, it really hurt watching Garfield bully and taunt his victims.    Now we have a Spidey that is, well, nice. Holland is able to be funny and wise-cracking without seeming like a, well, a Flash Thompson. With that it beings us back to the source material.    In other words Holland puts the ""friendly"" back in ""your friendly neighborhood Spider-Man."" And I think the MCU was well aware of this, given the time they took to make sure everyone knew Holland was going to be the hero that everyone loves.    And then Keaton does a great vulture from his origin to his demise he seemed to do everything he could to really become the character.    My only complaints were the supporting cast. Aunt May I can accept with a moderate grudge because she is a great actress."
300,Avengers: Infinity War,Adventure,2018,furious_iz,10,2018-04-25,"Amazing.  Visually stunning.  So much going on, but somehow also clear and easy to understand.  A little flabby in the middle third, but given the huge cast and story to cover it is very understandable.  The highlight was the parings of characters from different stories and their interactions.    If you aren't a Marvel fan this film won't convert you, but if you have liked any of the previous films you will like this too.    10/10"
301,Avengers: Infinity War,Adventure,2018,Gimly,8,2018-04-25,"Just a very short, NO SPOILERS review I wanted to get down while it's still fresh.    For a movie with this much riding it, to come out not feeling disappointed, is a **massive** achievement. While I absolutely do love it I had some things that I felt were maybe imperfect about _Infinity War_, but my biggest concern was that it seemed like it would be absolutely meaningless to somebody who didn't put in the effort of watching the 18 movies leading up to it. You can probably assuage that fear though, because I went to see it with two people who had only seen _Black Panther_ at this point, and they both loved it, with minimal confusion.    Personally? I can't wait to see it again. This is probably the most excited I've been about the second watch of an MCU film since the first _Avengers_.    _Final rating:★★★★ - Very strong appeal. A personal favourite._"
302,Avengers: Infinity War,Adventure,2018,tmdb15214618,4,2018-04-28,"The third act turns on a character being an idiot. That story beat renders all that the heroes do before and after it immaterial. That moment so preoccupied me that I couldn't enjoy the rest of the story, and made it impossible to ignore the flick's other glaring flaws anymore: the villain's motive makes no sense, the glove exists only to produce plot contrivances, the score is so obvious it might as well be cue cards on screen (""Feel sad now"") ...    The first half is some of the best action in a Disney Marvel entry yet, and the other half is so stupid that it sours the whole MCU experience."
303,Avengers: Infinity War,Adventure,2018,Ch Walid,10,2018-04-30,"Best MCU movie, more than that.... BEST SUPERHERO MOVIE EVER. Hands Down"
304,Avengers: Infinity War,Adventure,2018,Movie Queen41,8,2018-05-01,"Massive, epic movie. I'm so happy that Marvel is stepping up their game with their villains. For too long, MCU villains have been too bland and generic. But lately, the villains have improved with Michael Keaton's Vulture, Michael B. Jordan's Killmonger, and now James Brolin's Thanos. Thanos has appeared in several other MCU films, but he seemed rather flat in those movies. Here, he's allowed to be fully developed as a character. Especially touching is his relationship with his adoptive daughter, Gamora. It's actually surprisingly tender and moving. Thanos is the actual main focus of the film, and if he failed as a character, the entire movie wouldn't have worked. So bravo, Marvel!"
305,Avengers: Infinity War,Adventure,2018,Wuchak,6,2018-07-02,"***Moving ending, but the least of the Avengers movies IMHO***    RELEASED IN 2018 and directed by Anthony & Joe Russo, ""Avengers: Infinity War"" chronicles events when the Avengers team-up with several allies to defeat the cosmic despot Thanos, whose goal is to collect all six Infinity Stones to attain unimaginable power and radically solve one of the Universe's most challenging problems.    The story focuses on Thanos, Thor and the Guardians of the Galaxy, especially Gamora, as well as Iron Man, Doctor Strange and Spider-Man. The rest of the cast members are more peripheral, e.g. Black Widow, Captain America, Black Panther, Vision and Scarlet Witch.    This is easily the least of the Avengers trilogy. Not to mention ""Captain America: Civil War"" (2016) and ""Thor: Ragnarok"" (2017) are significantly more compelling and all-around entertaining. Actually, all three Thor flicks are palpably superior, as is ""Iron Man 2"" (2010). If you haven't already, I encourage you to watch these movies pr"
306,Avengers: Infinity War,Adventure,2018,uridon,1,2018-09-11,It's the epitome of superhero trash and the franchise of manchildren.  The ultimate smashing your toys together to battle only this time it's for the world to see.
307,Avengers: Infinity War,Adventure,2018,tmdb44006625,7,2019-03-09,"In 2012, Marvel Studios changed the cinematic landscape with a payoff that was five films in the making, proving a linked universe of movies could work.  In 2014, they proved to be one of the finest purveyors of entertainment by releasing two of the best genre films of all time back to back.  In 2018, Avengers: Infinity War is the culmination of ten years of narrative buildup. All the pieces were patiently put in place. The payoff? Never did my inner 8 year old think he would ever be watching a movie with Iron Man and Spider-Man sharing the same screen together, but here we are. Avengers: Infinity War is a very fine piece of 'turn your brain off' storytelling, except it actually goes the extra mile to have some intelligence.    We all know the film isn't the Endgame, but we're primed and ready for Part 2. Shut up and take my 💰 Marvel!"
308,Avengers: Infinity War,Adventure,2018,r96sk,9,2021-01-23,"This is exactly the sorta thing I want from an Avengers film! Full blown, no punches pulled action. In that regard, it's an outstanding watch!    Despite knowing practically little about the MCU up until a few weeks ago, I still knew this was a film that was going to see - so to speak - excrement hit the fan... and boy did it! It's a great ride.    Like <em>'Captain America: Civil War'</em> did, <em>'Avengers: Infinity War'</em> does an incredible job at juggling the gargantuan number of characters. It's ridiculous, but totally awesome, how many faces we see appear again. I thought they got the screen time for all, more or less, down to a T. Not an easy job, that.    Speaking of the cast, it's Robert Downey Jr., Chris Hemsworth and Josh Brolin who stand out most in my memory. Them three are excellent, especially the latter. Away from those lot, it's very cool to see all the other worlds - including from <em>'Doctor Strange'</em> and <em>'Guardians of the Galaxy'</em> - come together in"
309,Avengers: Infinity War,Adventure,2018,GenerationofSwine,10,2023-01-14,"I walked into this frightened that there would be too man characters and the result would be an empty vacant shell of a movie that was pulled in so many different directions it couldn't make sense of itself.    Yay, I was wrong.    Seriously, they did a good enough job. They focused on Gomorrah, Thor, and Strange and Stark enough to make a plot despite the insane amount of characters. And the rest they used as filler, with only the Vision story coming up a bit light due to population.    And the Vision story was a bit of a draw back. It was there but it wasn't, but at least it was there, it was important, but it seemed tertiary and a little too much so.    The Humor was also scaled back. But Spider Man did a good job, Cap had a few and laughs,and yet again, it was only Panther and the Wakandans that took themselves too seriously to be in a Marvel movie.    I'm sorry, someone really needs to tell the MCU that it is fine if the Black Panther cracks a smile or a one-line once or twice. We"
310,Avengers: Infinity War,Adventure,2018,Manuel São Bento,9,2026-06-27,"Rewatched for the Once Upon a Franchise podcast. Listen to the full episode here: https://open.spotify.com/episode/0a81IvaWFRlWzwNw0apQ8r?si=2ac5bb5e51a7491d    Rating: A    AVENGERS: INFINITY WAR remains a monumental achievement in cinematic storytelling. The Russo Brothers masterfully balance an unprecedented ensemble, utilizing brilliant character pairings and sharp humor to ground a cosmic war. Josh Brolin delivers an all-time great villain performance with Thanos, anchoring the narrative with complex motivations and terrifying conviction. While the grand action is occasionally hindered by heavy background visual effects, the emotional resonance of that bold, tragic ending only grows stronger over time, thanks to an incredibly profound subsequent exploration of grief and consequence that redefines blockbuster stakes."
311,Spider-Man: Into the Spider-Verse,Animation,2018,Gimly,7,2019-02-19,"It's true I liked it less than perhaps the vast majority of _Spider-Verse's_ audience, but this was still great, the animation enamouring, and the depth of its story and reference totally engaging. Not to me the best Spider-Man movie as many have said, (that honour still goes to _Homecoming_) but a blast all the same.    _Final rating:★★★½ - I really liked it. Would strongly recommend you give it your time._"
312,Spider-Man: Into the Spider-Verse,Animation,2018,TomTag,7,2019-05-06,"Spider-Man: Into the Spider-Verse (2018) is no ordinary Spider-Man movie, it contains multiple characters with the same powers in multiple dimensions.   This is also not an ordinary animated movie. It has animated style we have never seen before. There were 177 animators and it took 1 week to animate 1 second and 1 year to nail down 10 seconds. Nowadays, animations are being made to look real but this movie was different. However, the creators wanted it to look like something new for viewers. They don't make it realistic or cartoon. The creators used an old-school technique called ""smear"". If you look in a single frame, you'll notice things like multiple limbs to create the illusion of movement. Basically, the entire movie was a comic book that moves. There is a technique in half-toning, which uses dots to create colors and gradients. They were really jaw-dropping. The shadows were created with hatching or crisscrossed lines. The movie had some textures so it would be exactly like a co"
313,Spider-Man: Into the Spider-Verse,Animation,2018,r96sk,7,2021-03-09,"I can see why this is highly regarded, especially if you have a connection as a comic reader. Alas, I do not, but I still had a good time watching this.    It was cool seeing every department of the story come together, while the animation is definitely one of its big plus points - I enjoyed seeing it. The voice cast all do respectable jobs too. I have no issues with this film, to be honest. I just guess there isn't anything I love about it either.    Shameik Moore is good in the lead, while Jake Johnson supports competently in his role. Hailee Steinfeld, Nicolas Cage and Kathryn Hahn, as well as a few others, stick out too. Away from the already mentioned, I also like the music - having already known about ""Sunflower"".    Evidently it didn't connect to me, someone who has zero attachment to the source material, massively. That doesn't, though, change the fact that I did find enjoyment with <em>'Spider-Man: Into the Spider-Verse'</em> and I would certainly recommend it."
314,Spider-Man: Into the Spider-Verse,Animation,2018,CuteFluffyMoth,10,2021-12-28,"Basically, if you disliked this movie, its probably just not for your, or you just hate good movies XD  Hard to hate a movie when you know so much love and care was put into it.     Always found it funny how this movie was made by the same company as ""The emoji movie"".    Just watch the movie, its absolutely stellar, the only thing Id hate this movie for is the fact we didnt see much of anime spooder man XD"
315,Spider-Man: Into the Spider-Verse,Animation,2018,beyondthecineramadome,10,2022-06-20,"Full review: <a>https://www.tinakakadelis.com/beyond-the-cinerama-dome/2021/12/28/leap-of-faith-spider-man-into-the-spider-verse-review<a>    The superhero genre can feel tedious at times, especially to anyone who may not have had a strong childhood connection to these characters. Most of the movies in this category are retreads of the same old coming-into-superpowers narratives played over and over again, just set in different places and populated with different casts of characters. Every once in a while, though, a movie comes out and reinvigorates the genre. The animated _Spider-Man: Into the Spider-Verse_ has done exactly that."
316,Spider-Man: Into the Spider-Verse,Animation,2018,CinemaSerf,7,2022-10-24,"I'm still a little wary of this multi-verse theme. I find it can lead to some seriously lazy writing as inter-dimensional characterisations can write, then re-write their own pasts and futures in a fashion that can become dull and repetitive quickly. This is not one of those. It centres around ""Miles"", a young lad who likes to hang out with his wayward uncle ""Aaron"" and who has a penchant for street art. It's whilst they are decorating an underground wall that he gets bitten by a spider and soon afterwards starts to feel the effects of his spidery-transformation. Meantime, the real ""Spider-Man"" aka ""Peter Parker"" falls foul of the evil ""Kingpin"" who has created a collider that will enable him to enter parallel realities in the hope of reuniting with his family, tragically lost to him years earlier. The more he messes with the timeline, though, the more chaotic the effects and the more our new, trainee, ""Spider-Man"" meets his equivalents from those different dimensions. It isn't long be"
317,Spider-Man: Into the Spider-Verse,Animation,2018,GenerationofSwine,1,2023-01-13,"I'll be upfront, I'm giving this 1 star because of the treatment of Peter Parker.    They didn't do the Andrew Garfield thing and turn him into a bully. But they did do that Modern Marvel Comics thing and turn him into an idiot screw-up in an effort to alienate the fans and somehow make Miles better by mocking Peter.    And I'm not a fan of that. Parker is a dork, he's got a smart mouth...but he's really smart, a genius, totally heroic, and well, the call him ""The Friendly Neighborhood Spider-Man"" for a reason. He cares, specifically he cares about the average working schulb.    This kind of just took Peter Parker and almost mocked him and, honestly, I can't get behind that. i couldn't get behind it when they turned him into a bully in the Garfield movies, and I don't care for it when they mock him here."
318,Avengers: Endgame,Adventure,2019,Gimly,9,2019-04-24,"Hey, so, just some really quick thoughts I wanna get down, 'cause it's after 1 o'clock in the morning, and I wanna get some sleep so I can wake up well rested to see _Endgame_ again.    Putting it out there right from the get-go, _Avengers: Endgame_ is my favourite MCU movie. It's my favourite movie of the year too, but I've only seen like ten or so 2019 releases, and this is the 22nd Marvel Cinematic Universe film, so that seems far and away the bigger deal. I can't say it's perfect, there's some conflicting stuff within its own runtime that really doesn't seem to gel (though a re-watch may prove me wrong on that), and it's not like every moment was the no-holds-barred-zero-exception best version of that moment from start to end. But God I loved this thing.    I will say this though, the reason that I loved it, is this thing is fan service galore. If you do not care for the franchise's 21 movies preceding this point, then _Endgame_ is not the movie to turn you around on that. That may"
319,Avengers: Endgame,Adventure,2019,Manuel São Bento,10,2019-04-26,Rewatched for the Once Upon a Franchise podcast. Listen to the full episode here: open.spotify.com/episode/6Lr8p61agTB39opiJWAKid?si=7e8a375f78f247e0    Rating: A+
320,Avengers: Endgame,Adventure,2019,heroman,10,2019-04-28,okay so if your like me you questioned this movie due to the fact that i personally thought nothing could beat infinity war well after seeing it i can honestly say we have a new champion this was absolutley excelent so hilarious action packed the 3 hrs passes extremily fast my only thing is the use of god.... bothered me and i suggest if your offended by that wait till dvd so you can mute the parts also a reminder to parents 'no matter how bad you want to see the movie dont do like people in my theater did and bring your 3 year old 'but besides that awesome movie
321,Avengers: Endgame,Adventure,2019,Dark Jedi,9,2019-05-12,"These kind of movies are among the few movies that I can be bothered to go to an actual theater to watch nowadays. For most movies I just wait until they come out on disk (preferably Ultra HD Blu-ray if it’s available) and watch them on my home theater rig. So this weekend me and the kids went to the theater to watch Avengers: Endgame.    I have to say that it was better, even much better, than I feared. I really feared that the SJW retards at Marvel would take this opportunity to completely re-organize the Marvel universe to their liking. Like how they completely ruined both professor Xavier and Wolverine in that abysmal Logan movie. Luckily, this did not really happen. Maybe the financial reality of their failing SJW comics and Disney doing a bit of culling of the most extreme of the Marvel retards, the ones who fail to understand that super hero movies are meant to entertain and not be their personal agenda channel, are starting to take effect.    It was actually a quite good movie"
322,Avengers: Endgame,Adventure,2019,Wuchak,6,2019-07-05,"***How can they possibly save half of all living beings in the Universe?***    How are the surviving Avengers & Co. possibly going to save half of the Universe that died? My wife & I had this discussion before viewing. It basically comes down to two options (assuming the events in ""Infinity War"" weren’t just a dream): magic or time travel. All I’ll say is: What they came up with was in ways reminiscent of the plot convolutions of ""Back to the Future II"" (1989).    “Endgame” (2019) begins strong with the devastating reality of half of all living beings in the Universe suddenly vanishing. It starts to get lethargic about an hour in, but perks up with the three teams trying to apprehend the Infinity Stones so they can maybe reverse what happened at the end of the previous film.    Everything naturally leads to a huge battle in the last hour that I found boring, not to mention that the epilogue tended to drag on with too much of it being tedious. Still, there are lots of worthy bits throug"
323,Avengers: Endgame,Adventure,2019,gwengww,4,2019-11-30,"First of all, good popcorn movie, if you are hardcore fan of marvel or visual effect in general, this is a movie for you.     However, it is clear that imagination of Marvel studio keeps deteriorating. The process and ending is clear about 10% into the movie. Zero development of character. Amateur plot twist. All cliche and low class humor. It is 21st century and they still cling on adult fairy tale and plain visual stimulation. The whole purpose is to let fans know what happens to the character. Good business investment but great shame to the art of movie industry. It is a blatant exploitation of grandpa IP with zero innovation.     Hero fantasy lived in half a century ago. Time to learn from modern Japanese manga and anime (I am not talking about One Piece or Naruto). Stop stitching up individuals from different background and call it a universe, it's laughable at best."
324,Avengers: Endgame,Adventure,2019,r96sk,10,2021-01-25,"What a sensational end to this particular arc of the MCU. Quality film!    <em>'Avengers: Endgame'</em> is all of what I expected/wanted and more. I got goosebumps twice throughout the (masterfully paced) 181 minute run time, I can't say many films have inflicted that on me! Love the ending and the way the Infinity Saga story wraps up.    The action is ultra thrilling, the score is fantastic and the effects remain great. I will say I don't think they nail the screen time for all involved outstandingly - that's not a negative, at all, it's just the fact that <em>'Captain America: Civil War'</em> and <em>'Avengers: Infinity War'</em> did it to an incredibly higher degree previously.    The cast are marvellous, pardon the pun. Robert Downey Jr. and Chris Evans remain superb and are still the most standout, though you also have the likes of Chris Hemsworth, Josh Brolin, Scarlett Johansson, Bradley Cooper and Mark Ruffalo - love the look of Hulk in this one, btw.    I've only become properl"
325,Avengers: Endgame,Adventure,2019,GenerationofSwine,8,2023-01-12,"Walking in, given Marvel's latest publicity, I was expecting, well, I was expecting an absolute cringe fest, and thankfully I didn't get it. In fact, there were only a couple of absolute cringe moments and each dealt with Brie Larson, particularly her appearance in the final fight.    Thankfully though, Marvel showed a lot of restraint with that and as a result the movie really belonged to the characters that we all have invested over a decade of love and loyalty in....and honestly that was a relief. There were times where the film looked like it wanted to go the other way, and put the OG Avengers in the backseat. So, credit for not doing that.    It feels a lot more like Kill Bill 2 in atmosphere than a real Super-Hero movie, all the really fun big fights were reserved for the first film and what's left is a long closing act that is more concerned with tying up loose ends than delivering on over-the-top action. And it works for a send off film after a decade of investment.    So what"
326,Avengers: Endgame,Adventure,2019,The Movie Mob,10,2023-02-11,"**Avengers: Endgame is a once-in-a-lifetime masterpiece that did the impossible by exceeding sky-high expectations and delivering a proper send-off to a beloved cast of superheroes.**    Avengers: Endgame had 21 years of rising fan expectations, the pressure to conclude a saga spanning dozens of films, and the need to adequately resolve one of the most surprising and desperate cliffhangers in history… The Russo Brothers not only delivered on all the hopes and dreams of legions of fans but shattered expectations and box office records. Who would have thought that two guys whose resume was limited to the paintball episode of Community could perfectly balance the MCU’s carefree goofy personality with the hopeless and impossible story of the Avengers’ failure to save half of the universe? Endgame takes the time to tell the story of each original Avenger, showing their growth, pain, and heroism in a way that gives each hero a powerful and satisfying send-off. There are so many moments of th"
327,Avengers: Endgame,Adventure,2019,ARGMAN,7,2024-02-26,"Bitter sweet, not in a very good way. It was the start for marvel to shift to ""woke"", which means inevitable doom."
328,Joker,Crime,2019,Manuel São Bento,9,2019-10-04,"If you enjoy reading my Spoiler-Free reviews, please follow my blog :)    Obviously, Joker is one of my most anticipated movies of 2019. I mean, how couldn't it be?! Besides belonging to the superhero genre, DC has been on a streak of great films within its universe, so an isolated installment definitely excites me, especially about one of the evilest villains ever. It's by far one of the less comic-book-y flicks of the century. It doesn't follow the generic origin story formula, it avoids any cliches associated with the genre, and it's the type of movie that's becoming more and more rare nowadays. It's a character study like we haven't seen in a long time.    I'll simply begin with the person that elevates the entire thing: Joaquin Phoenix. Now, if there's something I'm not going to do is compare his performance with Heath Ledger's. That's the number one mistake people are going to keep making forever. First of all, The Dark Knight and Joker couldn't be more distinct films, even if th"
329,Joker,Crime,2019,ikomrad,9,2019-10-27,"The Joker is similar to the DC Joker character but is not a criminal genius. The movie was a great depiction of how a person who has been mistreated, lied to, and ignored, totally lacking access to human compassion, can snap. The acting is top notch, and it puts a spotlight on the importance of mental health in modern times."
330,Joker,Crime,2019,Sheldon Nylander,7,2019-11-24,"Okay, this film has already been so widely debated that I’m not sure what I can really add to the conversation. So, I’ll just give my thoughts.    “Joker” is a fairly basic character study of Arthur Fleck, a mentally ill man who feels increasingly marginalized by an uncaring and brutal society in Gotham City. To start, the characters, except for Arthur himself, are pretty flat. They seem to have little purpose other than to further Arthur’s story. This includes Thomas Wayne, who in other media is portrayed as a man of many dimensions, wealthy but caring, and instilling these values in his son Bruce. Here, he is portrayed as much more uncaring and elitist. Which gives much less of an impact in the inevitable alley scene we see in everything remotely related to Batman. More on this in a minute. It’s important to the point.    Arthur suffers a condition that makes him burst into laughter at inappropriate times. He also has other unspecified mental illnesses. We’re never given the specific"
331,Joker,Crime,2019,Leno,9,2019-11-30,"*A Masterpiece*.    The movie shows the escalating events that made Arthur become the Joker. Initially an inoffensive poor and sick man, Arthur suffered a tide of unfortunate events that pushed him closer and closer to the edge.     Ignored and despised by everyone, sick and alone in the world, and neglected by the State, Arthur becomes progressively more violent until he breaks.    Much more than one more Super-hero movie, *Joker* uses well-known characters to promote the reflection on the ""ignored"" ones. At least, ignored until they become a Joker."
332,Joker,Crime,2019,Wuchak,8,2019-12-15,"***Not fun, but absorbing, artistic and tragic***    A mentally troubled middle-aged clown (Joaquin Phoenix) who lives with his mother (Frances Conroy) in Gotham City goes from not good to worse when he finally realizes his true identity. Robert DeNiro plays a talk show host and Zazie Beetz the friendly girl down the hall. Brett Cullen is on hand as Thomas Wayne, Bruce’s rich father.       ""Joker"" (2019) is an arty, slow-burn character study of the popular DC Comics’ villain, but it’s more of a psychological crime drama/thriller and tragedy than a superhero flick (or, in this case, supervillain). The movie’s captivating from the get-go and practically everything works for a broodingly superb cinematic experience.     There are several amusing bits, but this ain’t a fun flick. It’s heavy and tragic. But what’s the message? Simply that this is how a quirky man who wanted to make people laugh became The Joker. He’s a little reminiscent of the clown in Steve Gerber’s “Night of the Laughing"
333,Joker,Crime,2019,JPV852,9,2020-01-03,"_Joker_ is a tour-de-force of a movie, not quite like anything I've seen, maybe since Taxi Driver. At its core it's a movie about the breaking point of a broken man, wrapped under the banner of a comic book movie that, take out the Waynes, works on its own.  Joaquin Phoenix truly gives a transformative performance (not unlike Heath Ledger) and will say is deserving of an Academy Award. The supporting cast all did well, though, and it is a small role, Zazie Beetz was great and De Niro had his moments, particularly at the end.    Got to hand it to Todd Phillips, between this and the good, albeit flawed, War Dogs, has proven to be more than those Hangover movies.    No, this isn't a feel-good movie and while it does sit at the top of my 2019 list, not entirely sure when I'd revisit. **4.75/5**"
334,Joker,Crime,2019,Matthew Brady,8,2020-01-27,"the ‘Hangover 2 & 3’, the two most uncomfortable comedies he’s ever directed that felt more crime drama than anything funny. There’s also some dark humor in ‘Joker’ that involves a door chain. It’s silly, yet absolutely terrifying with the given context. A complete departure from his other work and that’s why I think it’s one of his best. I honestly think he made something so unique and meaningful. Seriously, I do.    The score by Hildur Guðnadóttir helped set the tone tremendously. A melancholy tone with a chaotic twist. A representation of Arthur slowly drowning in his own misery and pain. A little fun fact: The score for the film were written based on the script even before the actual filming of the movie started, which I think is the best way to do it, if you ask me. Someone to imagine movie by songs and incorporate their interpretation through music.    The cinematography was gorgeous and there’s a handful of shots that has imprinted into my memory. Lawrence Sher does an excellent"
335,Joker,Crime,2019,Dark Jedi,3,2020-02-19,"This is going to be one of those posts where I go against the mainstream but my reaction when I watched this movie was: You got to be f… kidding me?    The only resemblance to the REAL joker in this movie is the name. As far as I am concerned this movie is an insult to the fans of Batman and the REAL Joker.    The “Joker” in this move is a unintelligent deranged nutcase. There is a sob story in the background about how he became that way which is totally uninteresting.    The REAL joker is a intelligent criminal mastermind. I was waiting for this nutcase to actually become that for the entire movie. Spoiler alert, it never happened! This guy starts as a useless sobbing nutcase and he ends the movie as the same useless sobbing nutcase.    The movie has NOTHING to do with the real Joker. It is a blatant attempt to garner support for a unrelated psychopathic thriller by using the Joker name. If it would have been advertised as such I probably would have, if not liked it, so at least appre"
336,Joker,Crime,2019,r96sk,10,2021-04-12,"Each to their own, as always, but for me: Incredible!    I was fully aware of <em>'Joker'</em> ever since its release, impossible not to be given the extraordinary hype that surrounded it, but it still absolutely surpassed my expectations - a sensational film. I adored every second of this; and I'm not even a Joker/DC Comics etc. 'fan'.    Joaquin Phoenix gives an astonishingly outstanding performance as the titular character, undoubtedly one of the greatest showings that I've ever seen from an actor. I'm not one that takes notice of awards, but he is fully deserving of anything of that ilk that he won due to this. Quality!    Everything else about the film is fantastic. Great score, great cinematography, great pacing... it's all just utterly superb and makes for a spectacular watch. I love that they avoided just going wall-to-wall crazy with this, don't get me wrong things get mad but there's more to it than just violence et al.    I had presumed that I was going to enjoy this, but it"
337,Joker,Crime,2019,AstroNoud,10,2022-02-26,"Carried by a terrific Phoenix, ‘Joker’ leaves an emotional impact as we see a bullied clown slowly transform into someone who enjoys creating chaos. Too bad we don't get to enjoy Phoenix as Joker more, though, because pretty soon after the turning point, the movie ends.    10/10"
338,Joker,Crime,2019,iltnoob,10,2022-05-14,"It was exactly what it wanted to be, and it pulled it off perfectly. The ""slow"" parts add a lot to the atmosphere and it all culminates in a dramatic and unforgettable ending."
339,Joker,Crime,2019,Martha,10,2022-07-26,"I knew it was gonna be super hard for me to like a Joker after Heath Ledger... Cameron in Gotham did awesome, Leto was really insane as Mr. J. But, I wanted a Joker stand alone... And this is what they gave me...    Brilliant. From start to finish i just was on the edge of my seat. This movie pulled at my heart. I saw myself in this character and understand every reason why a series of bad days could make a person ... Snap. Well done."
340,Joker,Crime,2019,GenerationofSwine,10,2023-01-12,"It's not an incel movie, despite what people are saying. And it's no a White Supremacy film either. It's not even a pro T-word president film. In fact, it addresses some pretty heavy left wing issues. Or at least issues that were traditionally on the left before things went...weird and all topsy turvy.    However, it is also NOT a Marvel Film, so of you are walking in expecting a Marvel style movie you will walk out hating it. So don't go in expecting an MCU film.    Instead you get a dramatic, slow moving, intensely building movie that develops it's characters.    And it really develops them, when you start watching the film the Joker was sympathetic... and by the time you walked out you really hated him.    And that is all I feel comfortable saying without spoiling things."
341,Joker,Crime,2019,Andre Gonzales,6,2023-07-06,Really crazy dramatized movie. Slowly watching him go crazy. Pretty shocking ending and I wasn't expecting it.
342,Joker,Crime,2019,Alunauwie,9,2023-10-25,"The scenario told in this film depicts a situation in which we frequently disregard the feelings and situations of others around us, people who may not have the same advantages as us. We can sense the psychological upheaval that Joker is experiencing from his point of view. All disappointment and rage build up and eventually explode. The people of Gotham rebelled as a result of their dissatisfaction and indignation at the injustice they faced.    The Joker is also seen dancing on a car in the midst of the rioting, surrounded by people shouting his name. Making them an embodiment of ""Hero"" in order for them to share their ideas.    Read more for Indonesian review in  http://www.alunauwie.com/2020/07/joker-all-i-have-are-negative-thoughts.html"
343,Joker,Crime,2019,misubisu,5,2025-10-30,"## **Joker (2019) Review: A Stunning Performance in Search of a Sharper Script**    Todd Phillips' *Joker* is a film of immense contradiction. It is a technical marvel, featuring a career-defining performance that is impossible to look away from, yet it is wrapped in a narrative that feels as shallow as it is provocative. It’s a movie that demands to be taken seriously but often substitutes edgy ambiance for genuine substance.    ### The Unquestionable Triumph: Joaquin Phoenix    Let's be clear: Joaquin Phoenix is a force of nature. His physical transformation—the emaciated frame, the haunting, uncontrollable laugh—is only the surface of a deeply committed, Method-heavy performance. He embodies Arthur Fleck's descent with a raw, painful vulnerability that is both mesmerising and deeply unsettling. Every twitch, every moment of silent anguish, is captured with breathtaking intensity. Phoenix doesn't just play the part; he bleeds for it, and for that alone, the film is worth a viewing. H"
344,Parasite,Comedy,2019,SWITCH.,10,2019-06-16,"What makes ‘Parasite’ so satisfying is that it commits neither error. It’s an engrossing, stylish and near perfect movie, and its underlying themes go beyond merely pointing out class exploitation to challenge the logic of capital. Though he is often juggling a mosaic of characters, themes and social issues, Bong never eschews his anarchic impulses and dark humour. It’s a movie that should be seen as widely as possible, if only so that Bong Joon-ho gets more chances to make movies for modern audiences that badly need them.  - Jake Watt    Read Jake's full article...  https://www.maketheswitch.com.au/article/review-parasite-a-bloodthirsty-and-very-funny-look-at-class-warfare    Head to https://www.maketheswitch.com.au/sff for more Sydney Film Festival reviews."
345,Parasite,Comedy,2019,Sheldon Nylander,10,2019-10-19,"The working class and down on their luck Kim family struggle to make ends meet. When a friend of the son, Ki-Woo’s, who is an English tutor for the daughter in the wealthy Park family, has to leave his position, he recommends Ki-Woo for the job. Now having an ""in"" with the wealthy family, the Kims begin plotting the downfall of the current household servants and inserting themselves into those vacant positions, making them all gainfully employed and with money finally flowing into the household. But not everything is as it seems in the Park house or with their previous servants.    This movie starts out as a comedy and quickly goes into social commentary, pointing out the differences between the poor working class family and the wealthy privileged family. The differences are ones that get commonly pointed out with the well-to-do having what usually gets termed as first-world-problems, while the poor family is literally trying to survive and save meager possessions in a flood. It doesn’"
346,Parasite,Comedy,2019,Saru,4,2020-01-12,"This is VERY HIGHLY OVERRATED.   The most part of the movie is foul-playing, most of those scenes seem to have been copied from the 1999/old Vijay’s movie: Minsaara Kannan [IMDB: https://www.imdb.com/title/tt7562630/?ref_=nv_sr_srsg_2], (Warning: This again might be a copy of some other movie as well].   “Morse code” has been used in a much better way in 2017 Ajith’s film: Vivegam [IMDB:https://www.imdb.com/title/tt6878378/?ref_=nv_sr_srsg_0] [Letterboxd: https://letterboxd.com/film/vivegam/]  I just don’t understand what makes this movie so special that it has been appraised so highly. It is not even 10% of the Tamil movies at this level/standard.  People who’re praising this movie must start watching Tamil movies instead of Korean, there are so many gems that have gone unnoticed.  There is really nothing special in this movie that stands out.   Cannot digest that an average movie like this has got so much limelight. Btw: Where does this kinda BS trend start off?"
347,Parasite,Comedy,2019,tmdb39513728,10,2020-01-23,"errbnb    News that Adam McCay is collaborating with Bong Joon Ho to retool Parasite as a Netflix series makes me positively giddy. Parasite is easily the best movie I've seen since the Big Short. Joon Ho's compelling ease of execution alongside the effortless lure of the plot's trappings had me hooked in an instant. I would have been happy watching this family fold pizza boxes for two hours. The story, like the family, takes on a life of its own, rapidly elevating to a setup impossible to sustain. The Bunuelesque occupy-the-rich scheme gleefully, blissfully ascends to lofty heights only, inevitably, to hit the fatal fan. The poor buggers ultimately find themselves literally chin deep in their own sh*t. The hotsy-totsy aristocrats, meanwhile, host a lovely garden party that flips into a tragic Shakespearean bloodbath. It's all fun and games till someone loses a daughter. (Note to the rich: Check the references of new hires and think twice before inviting riffraff to your afternoon func"
348,Parasite,Comedy,2019,Matthew Brady,9,2020-01-27,"""You know what kind of plan that never fails? No plan. No plan at all. You know why? Because life cannot be planned.""    'Parasite' is absolutely fantastic. I'm still buzzing how good this movie is. Unpredictable and nuts. You know, this summer I was starting to get a little worn out with the endless sequels, remakes and soulless crash grabs, so I find it refreshing we get movies like this once awhile.    I admire Bong Joon-Ho as a director, especially his Korean movies. Not to say I dislike his English language films like 'Snowpiercer' and 'Okja', but in my personal opinion those don't match the same quality as his Korean movies and there isn't a sex pest trying to control his work. Anywhere, Bong Joon-Ho is one of the best working directors alive and 'Parasite' proves it.    The movie perfectly blends drama and comedy so effortlessly, it basically breaks the impossible. And the comedy is actually hilarious and well written with the execution being sold on the actors. The thing I love"
349,Parasite,Comedy,2019,Manuel São Bento,10,2020-02-16,"If you enjoy reading my Spoiler-Free reviews, please follow my blog @  https://www.msbreviews.com    Yes, I know. I'm late as hell. I don't really have anything to offer you besides my personal opinion. Theses and video essays are breaking down Parasite at such a deep level that I can't really write anything new. Nevertheless, I'll share my thoughts on it because it would be a massive miss from someone who considers himself as a film critic. I had this movie on my watchlist since last summer, but I kept delaying it, underestimating my time. So, no, I'm not just watching Parasite because it won Best Picture at the Oscars, I always planned on it.    In addition to that, yes, I also love it like most people, and no, I'm not writing this because I'm ""following the pack"". Bong Joon Ho simply delivered one of 2019's best films, and it's definitely cracking a spot in my Top10. I really enjoyed what Bong did with Okja, and I'm a massive fan of Snowpiercer. Therefore, this isn't just another So"
350,Parasite,Comedy,2019,JPV852,7,2020-02-18,"Decent enough dark comedy/thriller, with nice performances and an engaging story, though not entirely sure it was Best Picture worthy though reserving judgment as I've only seen one other nominee, Joker which I loved but not worthy of a BP.    I don't know, maybe I'm a bit disappointed given the awards the film won and my viewpoint would've been different seeing it a couple weeks back. As it is, had some entertaining and thrilling moments, but emotionally can't say I was invested... **3.75/5**"
351,Parasite,Comedy,2019,Stephen Campbell,9,2020-02-20,"**_An uncategorisable masterpiece_**    >_We fat all creatures else to fat us, and we fat ourselves for maggots. Your fat king and your lean beggar is but variable service – two dishes, but to one table._    - William Shakespeare; _The Tragicall Historie of Hamlet Prince of Denmarke_, 4.iii.23-24 (1599-1601)    What is one to make of the utterly uncategorisable and impossible-to-define _Gisaengchung_ [_Parasite_]? Only the third film to win both the Palme d'Or and the Academy Award for Best Picture, after Billy Wilder's _The Lost Weekend_ (1945) and Delbert Mann's _Marty_ (1955), _Parasite_ is one of the best-reviewed films of the century thus far and caused huge waves when it became the first non-English language film to win Best Picture. Co-writer and director Bong Joon-ho also tied with Walt Disney for the most Oscars awarded to one person in one night – four (Best Picture, Best Foreign Language Film, Best Director, and Best Original Screenplay). On top of that, he became the first"
352,Parasite,Comedy,2019,Gimly,8,2020-05-19,"""We all live in the same country... called capitalism.""     _Final rating:★★★★ - Very strong appeal. A personal favourite._"
353,Parasite,Comedy,2019,tmdb92312096,10,2020-07-31,"What starts as a seemingly simple premise quickly unfolds into much more. I didn't expect an enhanced perspective into my own life, but that's just what happened. Parasite is a timely analysis of the ever-increasing divide between rich and poor, all while being witty enough to make for an exhilarating ride."
354,Parasite,Comedy,2019,RustyBoi,10,2020-08-21,One of the funniest and most disturbing films I've ever seen. Probably some of the best cinematography ever. 10/10
355,Parasite,Comedy,2019,r96sk,9,2020-11-01,"Despite hearing about this from day dot, I thankfully managed to avoid knowing anything about this other than it's title, director and subsequent success. Boy am I glad, because it's quite the ride!    No doubt about it, <em>'Parasite'</em> is a high quality film. It wasn't at all what I had assumed it would be like, it has a much more comedic side to it than I was expecting - and that's a positive. Yet, it's still pretty dark. It's a great mix. The plot is one that is very entertaining to see play out - the ending is particularly nuts.    The cast do a fantastic job, especially the main quartet. Song Kang-ho would be my personal standout, I enjoyed watching him throughout. Choi Woo-shik is very good too, as are Park So-dam and Jang Hye-jin. All of the onscreen talent do terrific though, from Cho Yeo-jeong to Lee Jung-eun.    I don't have any negatives for this, it's a brilliant film. From the cinematography, to the dialogue, to the locations, to the humour. You name it, this produces"
356,Parasite,Comedy,2019,Repo Jack,10,2020-11-27,"<i>Parasite</i> is fantastic.     It's clever. It's funny. It's disturbing. And yes, there is a powerful underlying theme of the divide between rich and poor. But the latter is so deftly weaved into the fabric of the story, you really don't think about it much until a fateful scene before the last act.     It fully deserved the Oscar for Best Picture and Director. If only for the peach fuzz fight scene."
357,Parasite,Comedy,2019,fourfridays,8,2021-08-16,Loved it! It's a different kind of movie from your usual run of the mill kind. The twists and turns in the storyline keep you engaged. Recommended!
358,Parasite,Comedy,2019,Alunauwie,10,2025-09-12,"Parasite is a brilliant psychological thriller that explores class disparity through the story of a poor family who deceitfully infiltrates a wealthy household. As their manipulation deepens, the film reveals both the absurdity and tragedy of blind trust and social inequality. With its unpredictable plot and morally grey characters, Parasite delivers a sharp, thought-provoking critique wrapped in dark humor and suspense.    Read the full review here: (Indonesian version : alunauwie.com)"
359,Dune,Science Fiction,2021,RADIO1'S MR. MOVIE!-MAD AMI 🌠,10,2021-10-10,"**FABULOUS 🥇🥇🥇🥇 . . . . And , Oh , Yes . . . . Hans Zimmer's Score's Already Got ""OSCAR"" Written On It 😉 ; & EXPECT A WHOLE "" HOST OF OTHER _MAJOR_ NOMINATIONS - AS WELL ""**    This Is A **- _B I G_ -** Screen - MINI - Review. Picture Viewed Oct. 07, 2021 ; At Vox Cinemas , U . A . E    ______________________________________________________    Paul Atreides : "" Fear is the mind-killer. Fear is the little death that brings total obliteration. I will face my fear, and I will permit it to pass over me. When the fear has gone, there will be nothing. Only I will remain "".    _______________________________________  _______________    **1.** If you're  one of the -Millions- of people around the world who loved Denis Villeneuve's hauntingly riveting 2015 thriller 'Sicario', ( yours truly included ) ; then strap in for 'one hell of an Interstellar ride, with an -{ EQUALLY }- **"" INTERSTELLAR 🌠 ""** CAST . . . . that -literally- presents itself like a Who's-who of Hollywood's ""Best, And Brightes"
360,Dune,Science Fiction,2021,Habenula,1,2021-10-18,The worst movie I've ever seen. Don't waste your time.
361,Dune,Science Fiction,2021,Tsavo,6,2021-10-21,"As a child, I remember catching David Lynch’s “Dune” on TV. I was too young to really understand the plot at the time, but I didn’t care, all I knew was that the worms were awesome. When I got a little older, I read the book for my first time. It was the first “adult” book I read on my own, and I was in love with it ever since. I read it many more times growing up, and when the miniseries came out, I watched and recorded it every night, then re-watched it time and time again. When “Children of Dune” aired, I again devoured it happily. In the case of the Lynch film, as I grew, I of course began to see more and more of the flaws, though I personally hold the “Spicediver Edit” in quite high esteem. That particular cut of the film manages to make the Lynch version into what is a genuinely good film, but still imperfect. The miniseries has, up until now, remained my preferred adaptation. Now we have a new adaptation: Denis Villeneuve’s “Dune”, and it certainly is quite different from the pr"
362,Dune,Science Fiction,2021,Manuel São Bento,8,2021-10-22,"FULL SPOILER-FREE REVIEW @ https://www.msbreviews.com/movie-reviews/dune-spoiler-free-review    ""Dune sets the new standard for epic cinema with eyegamic visuals, powerful sound design and score, and a compelling story told surrounded by an absolutely massive scale.    Denis Villeneuve adds yet another audiovisual masterpiece to his filmography, despite some narrative-pacing issues due to the heavy exposition and repetitive yet crucial dream sequences. Timothée Chalamet and Rebecca Ferguson stand out in a stellar cast, where everyone delivers performances no short of impressive.    From the remarkable character work to the constantly captivating interactions, without forgetting the spectacle of the riveting action/war scenes, the extremely layered screenplay is beautifully translated to the big screen, where every viewer should definitely go to watch this movie.    Finally, don't forget that epic sci-fi/fantasy films are quite rare, so enjoy them as much as you can when they come out,"
363,Dune,Science Fiction,2021,Mex5150,4,2021-10-27,"I'll open by saying I am not a fan of Villeneuve. In fact, I think he's a hack whose only genuine talent is making stupid people falsely think they are actually quite smart. I am also a HUGE Dune fan. They have been my favourite series of books since I first discovered them as a teenager. So although I hoped for the best with this, I was expecting the worst. What I got was somewhere in the middle. It's an OK movie, not great, thankfully not terrible, but OK    It got some things right the 1984 Lynch version got wrong, but still somehow managed to get other stuff wrong (including stuff Lynch got right). It was also a surprise how much Villeneuve just lifted directly from the Lynch film, both visually and auditorily.    The wardrobe choices were a huge disappointment. If you didn't know the time setting, going just on the clothes in the new Dune you'd be forgiven for thinking it was set a mere forty or fifty years (if that) in the future rather than the twenty thousand years in the futur"
364,Dune,Science Fiction,2021,Peter McGinn,6,2021-11-07,"I enjoyed parts of this movie. But I seem to recall that I enjoyed reading the book this is based on (it was decades ago after all). And since I don’t remember the details of the source novel, I don’t know if it is the screenplay that dragged down my overall opinion or the original book.    I can sum up pretty quickly the pieces that disappointed me, and be advised they are probably spoilers.    I didn’t like how long it took to get our first glimpse of the spice worms, and even then they were represented as holes in the sand. Not exactly awesome. I didn’t like how they quickly killed off all the good guys except for Paul and his mom (okay, yeah that is definitely a spoiler). Plus I thought it weird that during the big battle scene we have awesome bombs and complex tracer missiles flying about, but on the ground we have merely well-choreographed hand-to-hand fighting with knives and swords. Couldn’t the folks who invented the missile come up with a pistol? Or am I being picky?"
365,Dune,Science Fiction,2021,badelf,2,2021-11-15,"I read Frank Herbert's book, Dune, when I was in high school and really don't remember it much except that it was great and a little scary. At that age, I probably didn't get the subtext message.    I never saw any movies of it so I decided to watch both the 1984 Dune by David Lynch and the 2021 Denis Villeneuve version sequentially. I'm going to talk about both of them here.    This may not be a popular opinion: Lynch's version is **brilliant** and the Villeneuve Dune is absolute **shit**. Here's why:    First, is the Villeneuve Dune slick? Yes, absolutely. I should hope so considering it's nearly 40 years after Lynch did his, for crissake.    Are the character's in David Lynch's version kitschy and over the top? Yes! That's one reason it's so much better! It's Sci Fi, duh! You watch Marvel movies and suspend disbelief for incredible, imaginary super powers? All of Lynch's characters are downright gritty and believable within this particular surreal fantasy.    By the end of the Lynch"
366,Dune,Science Fiction,2021,JPV852,8,2022-01-07,"This newest adaptation of the classic Frank Herbert novel (which I've never read) has the usual amazing visuals director Denis Villeneuve is known for alongside great cinematography from Greig Fraser (Rogue One, upcoming The Batman) plus the incredible and bombastic score by Hans Zimmer has the technical aspects but void of any real emotion behind the story and, especially, characters.    I couldn't find much wrong with the performances but nobody really wowed me despite having talents like Oscar Isaac, Josh Brolin, Javier Bardem, Jason Momoa and Rebecca Ferguson, I didn't think anybody stood out, and that includes Timothée Chalamet in the lead role. I can't say this was at all bad and have some mild interest in part two, but, and this says a lot about Villeneuve's great career, this is one of his lesser films. I'll probably at some point give this another watch, especially when/if part two comes out (who knows when that will be). **3.75/5** (rounding it, I was debating 3.5 or 4, went"
367,Dune,Science Fiction,2021,Dark Jedi,10,2022-01-30,"I was really eager to watch this movie and at the same time a wee bit concerned because I knew that I would be hugely disappointed if it turned out to be another movie massacring a classic source material.    I have to admit that it was a very long time since I read the Dune books but I have to say that the movie was mostly true to the books, as I remember them, and also reasonably free of agenda driven rubbish apart from the odd replacement of some characters with “gender correct” ones for no real good reason.    There is really not much point in me saying much about the story. It should be well known for any science fiction fan and it is a great story and really good material for a big screen movie despite some “critics” at Rotten Tomatoes moaning about it and calling it unwieldly etc. Probably too big a book with too many words for the small, agenda driven, brains of Rotten Tomatoes “critics”. No surprise there.    The movie as a whole is wonderful to watch, the scenery is oftentime"
368,Dune,Science Fiction,2021,AstroNoud,8,2022-02-26,"‘Dune’s massive scope tends to overshadow its storyline and characters, but in return we get a great cast and stunning visuals, leaving us hoping the second chapter will be able to live up to the expectations.    8/10"
369,Dune,Science Fiction,2021,Nathan,9,2022-07-15,"_Dune_ was a massive undertaking due to the sheer amount of lore and political backstory director Villeneuve had to fit in a two-and-a-half-hour run-time, but I am happy to say it was executed brilliantly.    The story of _Dune_ is incredibly deep, there are so many layers of political factions and relationships that it can get quite confusing at times. I had to constantly be looking up specific individuals and their ties to each other to understand the minor nuances of the story. Despite that fact, Villeneuve is still able to deliver a coherent narrative that will allow the majority of the audience to understand the overarching plot. After the buildup of the first act, the story gets cooking, and I was utterly invested.    There is an incredible atmosphere present in this film. It begins as a Sci-Fi epic, following a house starting anew on a fresh planet and a new industry to conquer. You can feel the optimism and the sense of discovery in the shots due to the interesting angles, ligh"
370,Dune,Science Fiction,2021,The Movie Mob,8,2022-08-19,"**Overall : Dune creates a universe and characters at an epic scale similar to Star Wars. For sci-fi fans, cinema fans, and fans of incredible special effects, Dune is a must-see.**    Probably the most visually stunning movie of the year. I watched it first at home on HBO Max but had to see and hear it again in theaters when I realized this movie required a complete theatrical experience! The cast was top-notch, and the scale that Denis Villeneuve evoked in every scene was breathtaking. From the moment, Dune starts, it demands a sequel through its world-building, acting, and storylines leaving the audience wanting answers (the fact that it literally begins with the words ""Part One"" helps too). I can't wait to see what comes next!"
371,Dune,Science Fiction,2021,tmdb51616167,8,2024-09-03,"My thoughts on the latest Dune movie are a bit mixed. I walked into the theater without much knowledge of the story, which left me a bit confused at the start. However, as the movie progressed, it felt like a mix of Star Wars and Tremors, which was intriguing.    Timothée Chalamet is one of my top three favorite actors, and he didn't disappoint in this film. Alongside him, Rebecca Ferguson delivered a stellar performance, portraying a queen-like character with grace. The movie boasted an impressive cast from various backgrounds, adding depth to the story.    Visually, the film was stunning, with planes resembling dragonflies and captivating scenes. Yet, I found it challenging to follow the plot entirely, leaving me with many unanswered questions. While enjoyable to watch, it lacked a clear setup for a potential sequel, which was a bit disappointing.    Zendaya's role, heavily promoted, turned out to be minimal, which may disappoint fans. On the other hand, seeing Jason Momoa and Dave B"
372,Dune,Science Fiction,2021,Muhammad_Algabrouny,4,2025-10-15,Seems like a glorified prologue to a stunning series not a separate film!    It's a half film as some already said.
373,Dune,Science Fiction,2021,TkA,5,2026-07-30,"**Slow and empty**    Do yourself a favour and go watch the Dune mini series from 2000 and then the Children of dune mini series from 2003. More story, more substance. Unless you are concerned primarily with visuals of course, which is all this movie wins in. The two miniseries are a better depiction of the stories in the books, whereas this film is extremely empty and slow and boring.    Even though part 2 is coming out, pat one was a wasted opportunity to really root the series. Unfortunately that didn't happen here so your best bet is to read the books or go and watch the two mini-series mentioned above between 2000 and 2003."
374,Resident Evil: Welcome to Raccoon City,Action,2021,Dark Jedi,5,2022-07-16,"Well I cannot say that I I had high hopes for this movie but I have watched the other movies in the franchise and I am a bit of a sucker for horror/fantasy/science fiction movies. Especially if one can expect a decent amount of special effects and gore so…    It is not a great movie. Not even a good movie really but it is a half decent B-movie horror flick. It sure as hell is better than that woke piece of trash that Netflix has produced with their TV-show adaptation of the franchise but then that does not really say very much.    The story is rather non-existent and things just happen for no good reason. It is like the writer just took a bunch of zombie and monster encounters and threw them in a mixer to see what came out. Sure there is a resemblance of a background story there but it is not much.    We never get to know why the zombies escaped into Raccoon City, why the experiments where abandoned or anything else that might enlighten us as to why zombies pop up here and there all th"
375,Resident Evil: Welcome to Raccoon City,Action,2021,The Movie Mob,6,2022-08-27,"**The director’s love for the games is apparent, but too many poor decisions ruined what could have been the best and most faithful Resident Evil yet.**    Welcome to Raccoon City marks the first live-action Resident Evil adaptation to stick close to the original games in story and feel. Character costumes looked like they were plucked right from the games. Sets and locations were identical to levels I spent hours playing. Easter eggs and nods throughout the film celebrated hardcore fans. Unfortunately, its flaws overshadow its victories. An overcrowded story with too many characters prevented developing the characters or making the story have any real impact. Forcing two full game stories into an hour and 47-minute run time had consequences. I enjoyed the movie’s attention to the slow descent from human to zombie, which showed the dread and hopelessness as the victims felt their humanity drain away. There is also a fantastic action scene in complete darkness where the muzzle flash pro"
376,Resident Evil: Welcome to Raccoon City,Action,2021,Andre Gonzales,7,2023-08-15,"Not bad, first one without Alice though. Racoon city now has since been destroyed now. They start to find out what's underneath the city."
377,Resident Evil: Welcome to Raccoon City,Action,2021,Dr Nostromo,5,2026-07-24,"50/100    I love all the films in the original movie franchise so I was looking forward to this one. This is a reboot that is supposed to follow the first two installments of the video games much more closely ...to its detriment, me thinks. It could have been a great film as it has some really good bones but many of them were broken with some awfully ludicrous decisions; the Police Chief's behavior was totally ridiculous and entirely unnecessary, some other characters were just bland extras, action was dark and weak and it wasn't well scripted. Cool mutants. Marginally entertaining. - DrNostromo.com"
378,Resident Evil: Welcome to Raccoon City,Action,2021,Sierbahnn,5,2026-09-21,"It is less stupid than the previous movies, but that doesn't make it a great movie. It does lean into the characters established by the video games, and I'm not sure that that's a particularly good thing. It's well acted and it has lovely effect work, but it isn't a fantastic movie and certainly not one of the better zombie movies out there."
379,Spider-Man: No Way Home,Action,2021,Manuel São Bento,9,2021-12-15,"FULL SPOILER-FREE REVIEW @ https://www.msbreviews.com/movie-reviews/spider-man-no-way-home-spoiler-free-review    ""Spider-Man: No Way Home is one of the darkest, saddest, emotionally draining entries in the MCU, surpassing all of my expectations.    Despite a messy, convoluted first half with some pacing issues and occasionally frustrating, poorly placed humor, Jon Watts, Chris McKenna, and Erik Sommers more than compensate these minor issues with some of the best (and brutally violent) Spider-Man action ever witnessed on screen.    In addition to this, the surprisingly coherent narrative packs shocking developments and actually offers enough screentime for the villains to significantly impact Peter Parker's arc. Unbelievably outstanding performances from everyone involved, especially Tom Holland, Zendaya, and Willem Dafoe.    A heartfelt, nostalgic homage to the Spider-Man legacy that fans will rewatch countless times, laughing and crying along for many more years to come.    A memora"
380,Spider-Man: No Way Home,Action,2021,RADIO1'S MR. MOVIE!-MAD AMI 🌠,10,2021-12-17,"**"" THIS IS POP-ENTERTAINMENT; AT ITS FUNNEST,  WILDEST, WHACKIEST, _MOST_ CREATIVE, ""SUBLIME-EST""... _B E S T_  💜 😉 😃 ""**    A **-{ _B I G_ }-** Screen **_MINI_** Review ; Film Seen all of FOUR times( soon to be 🖐 ); as of Dec.15, '2021.     ______________________________________________________     Tom Holland's Peter: { to MJ }: ""What's that thing you always say? ...expect disappointment...""     MJ: ""No, no, no... NO ...we're gonna Kick Some Ass !""     Tom Holland's Peter: ""O.k !""     Toby Maguire's Peter: -{ ""Cure. Cure Some Ass"" }- .     **Ned Leeds: CURE THAT ASS !!!**                                           ______________________________________________________     **Somewhere, ""In An Alternate Universe"",** Spider-Man: No Way Home { to be hitherto referred to as NWH }, is already -Well- on the way to winning the ""Best Motion Picture Of The Year"" Award. { Here on Earth 🌎, incidentally, the Oscar Awards are, ( as things stand as of -_Now_- ), slated to be held on March 27, 2022"
381,Spider-Man: No Way Home,Action,2021,Chris Sawin,8,2021-12-18,"_Spider-Man: No Way Home_ isn’t without its flaws, but it is mostly exactly what it’s advertised to be. The film doesn’t necessarily redefine the, “With great power comes great responsibility,” aspect for Tom Holland’s Spider-Man, but it without a doubt gives the MCU version of Spider-Man his version of that principle.    _No Way Home_ is a nostalgic extravaganza that exceeds expectations and is a perfect and satisfying bookend for the first three Tom Holland _Spider-Man_ movies.    **Full review**: https://boundingintocomics.com/2021/12/18/spider-man-no-way-home-riding-the-nostalgia-train/"
382,Spider-Man: No Way Home,Action,2021,T D Heath,9,2021-12-19,"Long awaited and very conspiricized, **'Spider-man:No way Home'** Lives up and surpasses hype, The introduction of charcters once thought cordened off into the MCU, came both as a shock and as an eventual certainty. The Pleathora of indephth easter eggs creates awonderful viewing for the spider-man fan but alienates the casual none MCU fanatic viewers. The plot is dense not in fault but in advantage, it crams in expectation with suitable comedy and light heartedness. The director created a a comprehensive journey of emotion with several troughs and many peaks leaving a sense of WOAH at the end.    Overall, **'Spider-man NWH'** is a Marvel Maniac's Heaven but can ruin marvel experiences for the uniformed viewers spoiling previous films and enjoyment of them. This is not a stand-alone film and for some this amazing but for many of those seeking to enter the universe this is not at all suitable. This and the poorly grand soundtrack make it 4.5 stars."
383,Spider-Man: No Way Home,Action,2021,sauceopet,10,2021-12-30,"> With great power, comes great responsibility !    Best spider man movie I have ever seen. Literally got chills watching it cinema hall. Cinema hall turned into stadium. The screams, the excitement, the hype - all about it is amazing in it's own way. A total fan service."
384,Spider-Man: No Way Home,Action,2021,r96sk,10,2022-01-07,"Wow! Loved it!    I'd recommend not reading any reviews if you plan to watch it - I didn't and I'm sure glad I didn't! Spoilers inbound!    Where to begin? I was not expecting to love this film as much as I do! It surpassed my expectations in every way possible, to the point that I'd say it beats <em>'Avengers: Endgame'</em> as my favourite production from the MCU. This is a next level superhero movie, it's easily the most I've consistently enjoyed a film in this series and genre - no question.    The cast are all outstanding, it's ace how they work everyone in from previous iterations of <em>'Spider-Man'</em> - even away from the main universe. Seeing Tom Holland, Andrew Garfield and Tobey Maguire together onscreen as Peter Parker is tremendous. The film does it in the perfect way, at no point does it feel forced or needless and the humour between the trio is excellent; in fact, the whole film is funny when it intends to be.    Zendaya, Benedict Cumberbatch, Jacob Batalon (his best sh"
385,Spider-Man: No Way Home,Action,2021,Adriano,10,2022-01-07,"This is the perfect Marvel movie that isn't an Avengers film. It pays off everything thing it builds up, corrects previous misgivings and really gets the character of Spider-Man right. All while setting things up in an interesting way that it's bound to be fresh next time out. Absolutely loved this."
386,Spider-Man: No Way Home,Action,2021,JPV852,8,2022-04-14,Good addition to the Spider-Man franchise and a quasi-reset. Fun seeing the old guard in here with Maguire and Garfield along with their foes and at least their inclusions didn't feel as forced as I feared when this movie was first announced. The relationship between Tom Holland and Zendaya worked better than in Homecoming and even Far From Home. Will be interesting to see where the series goes from here. **4.0/5**
387,Spider-Man: No Way Home,Action,2021,Dark Jedi,5,2022-06-26,"This is another Spider Man for kids which for me is a wee bit unfortunate. I would very much have liked a Peter Parker / Spider Man that behaved like a real superhero instead of this naïve kid who constantly thinks he knows better than the grown ups and, of course, constantly bungles things up.    In addition I was not too thrilled about the story itself where Spider Man right at the beginning is framed as the bad guy. I know, I know, it is rather consistent with the original comics but Hollywood do not hesitate so change things if they feel like it so why not make a good change for once?    The good thing about this movie is the special effects. They are quite cool. Especially the parts in this weird space where Doctor Strange and Spider Man dukes it out. Unfortunately that is pretty much it.    The rest of the movie is really dragged down by the childish and stupid behavior of Peter Parker. Him being a real idiot and constantly trying to change the spell was just cringe worthy. Then"
388,Spider-Man: No Way Home,Action,2021,Nathan,9,2022-06-30,"This movie brings it from start to finish, there is not a dull moment in this film, and we truly see the birth of a new Spider-Man. As a superhero and MCU fan, this is a much watch and breaks open the multi-verse entirely. A welcomed addition to the fresh new phase four of the MCU.    **Verdict:** _Excellent_"
389,Spider-Man: No Way Home,Action,2021,The Movie Mob,10,2022-08-20,"**One of Marvel's absolute best!**    Watching No Way Home felt like my childhood and my adulthood were embracing each other in a warm, friendly hug. The nostalgia was brilliantly balanced with advancing Tom Holland's Spider-man and developing his character. Andrew Garfield's Spider-man also received some long-awaited closure after an abrupt end to his story. The effects, action, and humor all reinforced a heartfelt film focusing on the characters' processing of loss and grief."
390,Spider-Man: No Way Home,Action,2021,tmdb28039023,1,2022-08-28,"Spider-Man: No Way Home is like the proverbial blind squirrel that finds a nut every now and then, except that it doesn’t so much find them as it steals them from another squirrel’s hoard. The massive combined gravitas generated by Willem Dafoe, Alfred Molina, and Jamie Foxx would be enough to save any other movie; the problem is that this film is not theirs to save, and it’s barely a film at all to begin with – it’s more like the superhero equivalent of that Pink Panther movie they made with spare parts from previous Pink Panther movies.    If I want Willem Dafoe as the Green Goblin, why not just revisit 2002’s Spider-Man? Similarly, if I have a hankering for Alfred Molina as Doc Ock, why not just rewatch 2004’s Spider-Man 2? The latter was, according to Roger Ebert, “the best superhero movie since the modern genre was launched with ""Superman""”. How the mighty have fallen. It’s great to see Dafoe and Molina sharing screen time, but once the novelty – or rather the nostalgia – wears of"
391,Spider-Man: No Way Home,Action,2021,EenNederlandseJongen,10,2023-11-07,spiderman no way home is one of the best films ever made. playing in perfectly on nostalgia but in the good way. realising childhood dreams and exceeding expectations while also delivering a good standalone film for the people who never watched spiderman. the hype is real. go watch this very awesome movie!
392,Spider-Man: No Way Home,Action,2021,Dr Nostromo,8,2026-04-24,"79/100    Tom Holland (Peter Parker 1) is solely responsible for this film being made as he went to Sony and Marvel and told them to get their asses back to the table and work out a deal ...much to our benefit. After Spider-Man's identity is revealed and he's accused of murder and mayhem, Parker asks Dr Strange to cast a spell to make everyone forget. This rips a hole into the multi-verse and many of the characters from pre-MCU Spider-Man films show up making this film as nostalgic as it is exciting, action packed and providing countless story branches to pursue. -- DrNostromo.com"
393,Avatar: The Way of Water,Action,2022,The Movie Mob,6,2022-12-16,"**Avatar: The Way of Water follows in its predecessor’s footsteps with stunning effects and a mediocre story.**    It’s a James Cameron film, so it’s impressive. The special effects, camerawork, world-building, and action were all off the charts. But Avatar: The Way of Water struggles like its predecessor in the story and character development departments. In fact, the story of The Way of Water is almost identical to the first Avatar. Instead of humans learning to be Na’vi and then fighting Stephen slang, a family of forest Na’vi learns to be ocean Na’vi and then fight Stephen Lang. But the new movie also focuses on a group of annoying teens that constantly get themselves in trouble and peril over and over again throughout the much too long 3+ hour runtime and sidelining better, more established characters. All the strengths and weaknesses of the first movie are back in this one, with the bonus of being compared to the original at every turn. It really is a visual feast and special eff"
394,Avatar: The Way of Water,Action,2022,Manuel São Bento,7,2022-12-17,"FULL SPOILER-FREE REVIEW @ https://www.msbreviews.com/movie-reviews/avatar-the-way-of-water-spoiler-free-review    ""Avatar: The Way of Water clearly sets itself apart from other blockbusters, building on 13 years of preparation to deliver a memorable CINEMA experience by the one and only James Cameron.    A visually, technically breathtaking adventure, particularly in the truly stunning underwater sequences. Score (Simon Franglen) remains epic, and the genuine dynamics between the characters of the Sully family lead the viewer to strongly, emotionally invest in them - the performances of the cast, namely Zoe Saldaña, are vital for the film's success.    Too bad the recycled, generic narrative doesn't keep up with the creativity, dedication, and innovation levels allocated to the technical elements. Underwhelming to the point of making the three-hour runtime feel heavier than it should, but for fans of the original - which remains supreme - it's far from ruining one of the year's must-s"
395,Avatar: The Way of Water,Action,2022,tmdb45226627,8,2022-12-17,"An exciting return to Pandora: the world of Na&#39;vi. One of the best movies, like 2009&#39;s Avatar, to see in 3D! The characters seem to come out of the screen and it seems to witness the events firsthand. The world of Na&#39;vi has changed and is once again in danger. Man is the cause of evil as in reality. We are destroying our planet that used to be our Pandora. Pandora is our home, we are Pandora. The houses of the Na&#39;vi look like the tents of the American Indians, for me this is no coincidence and recalls the genocide of the American Indians. In my opinion it is a good sequel that deals with very relevant themes such as love, family and mourning. The initial water monologue which then returns towards the end is very poetic and universal! Emotional film that in some parts makes you cry. I recommend viewing in 3D for those who have already seen the previous film and were fascinated by that amazing world and the protagonist&#39;s love and life story."
396,Avatar: The Way of Water,Action,2022,TimeZone,10,2022-12-19,"**My rating: 10/10**  Why? I rate any movie based on a few things. Warning! Potential Spoilers.    **1. Story**. Is the story compelling, does it stick in your mind after the movie, haunting you like a ghost, forcing you to think about it and even your own life? Does it have any positive messages aka moral of the story.    The story of The Way of Water is indeed compelling. The Conflict is multifaceted. Family conflict, Human-Na'vi conflict, Tribal Conflict and most importantly, personal conflict, aka identity conflict. The identity conflict is mostly fuelled by outcast feeling. There are a lot of people including Jake who at some point feel like they don't belong. I believe most people feel this way at some point in life, you don’t need to be in the protected minority groups for you to feel like an outcast. And while we may not be accepted for who we are, defining who are begins with ourselves first. Our world is full of people who want to be identified in one way or another. But have"
397,Avatar: The Way of Water,Action,2022,Chris Sawin,4,2022-12-21,"State-of-the-art special effects, revolutionary underwater cameras, and the resurrection of what is otherwise a mostly forgotten movie theater format can’t hide the fact that _Avatar: The Way of Water_ is basically the same movie as the original with more blue people (some are slightly green now!) that get on your last nerve. The emotion in the film feels forced and the story is like swapping a blue thread for a green one as it threads the same, withered fabric from 2009. This is a special effects extravaganza with nauseating results that only partially impresses and mostly succumbs to being its own biggest fanatic.    **Full review:** https://boundingintocomics.com/2022/12/19/avatar-the-way-of-water-review-mo-navi-mo-problems/"
398,Avatar: The Way of Water,Action,2022,strayndger,8,2022-12-22,"No matter what you say about the story, you can't deny the fact that **James Cameron** managed to make eyes drool for 3hrs and 20mins. A movie that's meant to be watched on the biggest screen!."
399,Avatar: The Way of Water,Action,2022,CinemaSerf,7,2022-12-24,"Well we ought not to have expected ""Jake"" (Sam Worthington) and ""Neytiri"" (Zoe Saldana) to have let the grass grow during the intervening years since we were first introduced to the idyllic world of ""Pandora"". Now with four children and their human friend ""Spider"" (Jack Champion - remember Johnny Sheffield?), they are living life to the full. Until, that is, one night they see a new star in the sky. Star? Well, no - it's the ships announcing the return of the human beings, this time even more bent on the conquest of their planet now that the Earth is finally on it's knees. Armed to the hilt with the latest technology and weaponry, and commanded by the essence of the departed ""Col. Quaritch"" - who also now leads a squad of Na'vi-esque avatars of his own - things look ominous for the ""Sully"" family. Realising that they are front and centre for their persecutors, they relocate to (saddle themselves on) a remote, water-based community where they hope, rather unrealistically, to be able to"
400,Avatar: The Way of Water,Action,2022,Appfel,10,2023-01-19,"I really enjoyed Avatar: The way of water! It's a great second part to Avatar, getting back into the fight, setting a new environment and it actually left me even more thinking, of how we just destroy our earth and how bad humans can get. It is a long movie, but I enjoyed it so much, I didn't care. So, I would really say: watch it, it is worth it, especially when you watch the first part before, to get back into the mood!"
401,Avatar: The Way of Water,Action,2022,Crazypiglady,6,2023-02-05,I rate this 6 out of 10. One of those points is for the special effects and another is because I watched it in 3D IMAX. That means that the rest of it was worth 4 stars. Not that it was actually that bad but the plot was thinner than the first one which wasn't particularly thick to start with. Entertaining enough but I wouldn't recommend it unless you see it in 3D IMAX in which case it's a fantastic feast for the senses. The fact that it didn't feel three hours must also a good sign.
402,Avatar: The Way of Water,Action,2022,MovieGuys,4,2023-03-28,"Fluffy woke nonsense, minus anything that remotely resembles a story. That was my one and only impression of Avatar: The Way of Water.     Dripping with simpering woke cliches, a missing in action script, the only compensation offered is enough special effects ""eye candy"", to give you diabetes.    In summary, vacuous fair, I simply couldn't watch till the end. At a stretch, it might have worked for children but the violence and overall treatment, doesn't lend itself to a more junior viewers."
403,Avatar: The Way of Water,Action,2022,JonathanWiddup,9,2023-03-30,"Like, how am I supposed to watch movies that take place on earth now??     Now that I’ve seen Avatar the way of water… it feels a bit… strange. I expected to be overwhelmed but the scale and scope of the film, I expected to have a good headache. But none of that happened. I have a very different feeling… I feel… Proud. Proud knowing that my faith in this film payed off. Proud that this film was indeed epic. Its not a perfect movie and I do have my flaws. But this film gave me about everything I could ask for when it comes to a movie going experience, this deserves to make serious money at the box. James Cameron said in his interviews that he is the ONLY person that could direct an avatar film, and the internets response was “James… Chill”, here’s the thing, he was right. I cannot imagine another director doing something like this. Everything you love from Cameron is here, Terminator 2, Titanic, etc.   This was the best looking movie I’ve ever seen.. and no other film will match this in"
404,Avatar: The Way of Water,Action,2022,Dark Jedi,7,2023-07-26,"Avatar 2 or Avatar: The Way of the Water came out on 4K Blu-ray a couple of weeks ago so me and the kids finally got around to watch it last weekend. I rarely go to the cinemas nowadays. It’s just too much hassle and way to expensive for four people. But there’s also no way I watch a big movie like Avatar on streaming with their over-compressed images and mediocre sound. Yeah, yeah, I know they claim Dolby Atmos and all that but they use almost one tenth the bit-rate for the video compared to 4K Blu-ray and push the Atmos over a lossy Dolby Digital stream.    Anyway, enough rambling. Avatar: The Way of the Water was better than I feared it would be. I was really worried that it would turn out to be a preachy woke turd. Especially with some of the comments Cameron has made lately.    Sure, it was pretty much a repeat of the first one with the companies bad, humans bad an all that kind of story but at least that was about it. There was not really any of the usual preaching, finger pointi"
405,Avatar: The Way of Water,Action,2022,pimpskitters,4,2024-01-02,"Like star wars, this brand is now more of a religion than a movie. Prophesied to produce canonical content for the next several decades, this patronizing franchise could hundred years from now be shaped into some sort of holy text. Like the marvel movies, this cartoon for adults reduces all symbolism and metaphor to platitudes and manipulative emotional arguments. You can tell this is quasi religious also by the way the fan-base reacts with tantrums when one would insist that the content they like is mindless bullshit. Go ahead and call RoboCop the same thing, ill just laugh to myself and be like, whatever, idiot. Because like zizek says, only a nonbeliever can believe."
406,Avatar: The Way of Water,Action,2022,tmdb69341833,5,2024-08-17,"I don't mind the repetition of the first movie's plot. To be frank, I couldn't care less. I've only ever watched these movies for the visuals.    But the part of the story that rubbed me the wrong way the most in this movie, Is Neytiri. Home girl is basically non-existent and unimportant up until the movie's finale when she, like a boss, battered and severely fucks up some of the human soldiers.     But during the rest of the movie, she is reduced as a character to give room for Jake Sully's ""father of the year"" decision making throughout the movie. Like the writers really wanted to give Jake a ""good father"" story arc; he's the defender, protector, man of the household type shit. Like it's honestly giving 50s housewife and her only job is to bare Jake's kids and raise them while daddy Jake is busy alpha male-ing around. Don't even get me started on that.    Like from the first movie, I still don't understand why they let a literal outsider just be the head of their tribe. Again, Neytir"
407,The Batman,Crime,2022,The Movie Mob,8,2022-03-04,"The reviews and hype for this movie were massive!  Comparisons to The Dark Knight got my expectations high... probably a little too high.  I was expecting to be blown away and was not but even with that being said The Batman is an exceptional film.  The cinematography and visuals are stunning.  Matt Reeves made some genius creative choices among which were the more reclusive rockstar grungy Bruce Wayne and the Riddler being heavily influenced by the Zodiac.  The acting was fantastic as well with Zoe Kravitz and Paul Dano offering some standout performances.  The Batman is driven with psychological and mystery focus as compared to the action comedy style of most superhero movies.  My only complaint is that the mystery felt fairly predictable.  I wasn't surprised by any of the twists and turns.  Ultimately, this was a wonderful addition to the Batman franchise and I can't wait to see where it goes next."
408,The Batman,Crime,2022,Manuel São Bento,9,2022-03-04,"FULL SPOILER-FREE REVIEW @ https://www.msbreviews.com/movie-reviews/the-batman-spoiler-free-review    ""The Batman deserves all the hype it generated and then some. Matt Reeves delivers a distinctly darker, more intense, frighteningly realistic noir thriller than past adaptations, with an aggressively vengeful Bruce Wayne / Batman and a fear-inducing, mysterious, lunatic Riddler.    Greig Fraser's cinematography - bone-chilling ""ins-and-outs"" of Batman and stunning footage of Gotham - and Michael Giacchino's score - genuinely addictive, elevates the entire film - make this adaptation the best-looking and best-scored cinematic version of the Batman ever.    Even with the narrative focus on the detective work, the action sequences are exhilarating and beautifully shot. The entire cast is extraordinary, especially Paul Dano and Robert Pattinson - the latter destroys all skepticism around his talent.    Apart from a short period at the end of the second act, the three hours fly by. It's one"
409,The Batman,Crime,2022,Chris Sawin,5,2022-03-06,"Paul Dano and Colin Farrell are extraordinary, but _The Batman_ is a three hour slog through Gotham that culminates with an over exaggerated riddle that isn’t worth solving. Having Batman and Jim Gordon both speak in raspy, whispery grunts feels excessive as does Gordon’s insistence on calling Batman, “Chief,” every time that they’re together. The film deserves credit for prominently shining the spotlight on the underbelly of crime in Gotham, but the storytelling in _The Batman_ is a lot like Bugs Bunny meaning to have taken that left turn at Albuquerque; a meandering foray down a dark rabbit hole that isn’t entirely necessary.    **Full review:** https://hubpages.com/entertainment/The-Batman-2022-Review-When-is-a-Bat-Not-Quite-a-Bat"
410,The Batman,Crime,2022,jwilliams0511971,10,2022-03-15,"_**""Our scars can destroy us, even after the physical wounds have healed. But if we survive them, they can transform us. They can give us the power to endure, and the strength to fight.""**_    Ever since it was announced that Matt Reeves was going to direct The Batman after Ben Affleck stepped down for personal reasons, I had no doubt he was going to put on one hell of a masterpiece. This is the definitive live-action Batman. An epic 3-hour film noir that delves deep into comic lore of Gotham City.    Robert Pattinson perfectly embodies both Bruce Wayne and Batman. I love the character arc he goes through, realizing Gotham doesn't need vengeance to heal, but hope. Zoë Kravitz plays a phenomenal Selina Kyle, you actually feel her emotions throughout the movie. Another plus is that she actually feels integral to the plot (unlike The Dark Knight Rises). Paul Dano is a terrifyingly realistic interpretation of The Riddler, using the internet to gain a fan base for his sick games. Andy Serki"
411,The Batman,Crime,2022,r96sk,9,2022-03-18,"It's a cracker, no doubt about it!    Matt Reeves did a great job with 2022's <em>'The Batman'</em>. It's difficult not to compare this to other Batman films, though that's DC/Warner Bros. fault for featuring him so much in recent times. I'll get this out the way early: I'd say <em>'<a href=""https://letterboxd.com/film/batman-begins/"" rel=""nofollow"">Batman Begins</a>'</em>/'<a href=""https://letterboxd.com/film/the-dark-knight/"" rel=""nofollow"">The Dark Knight</a>'</em> are superior, not by much, which is a similar case for the character performances too.    Robert Pattinson is a terrific Bruce Wayne, though Christian Bale still edges him out in my eyes. Zoë Kravitz is probably the best Catwoman I've seen, though the rest - from the Riddler to Penguin to Alfred - have been portrayed better; aside from Commissioner Gordon, with Jeffrey Wright being excellent. Paul Dano is the least enjoyable performer, for me, here, I found his showing to be a bit 'meh' - effective, but meh. Barry Keoghan"
412,The Batman,Crime,2022,Tatsky,8,2022-03-27,"I like how Batman is depicted with a naive and loser POV from his rich high tower, a rich trust fund baby called out by both sane (Catwoman) and insane (Riddler) people while he remains oblivious until the consequences are literally flooding the city. While he uses the idea of Batman as a mantle for him to process trauma, his obliviousness to his own celebrity status and image creates unintentional side effects from his parents' death hogging the spotlight away from the people that mattered to his own nebulous idea of ""vengeance"" being co-opted by the goons, a heel-turn realization that eventually changes the rack focus, ultimately leading to a wider perspective and a selfless act of cutting the cord and helping others. Hope is more important than his idea of justice, in the end, empathy being the missing piece throughout. Instead of being a voyeur like Riddler during his master plan (Riddler binoculars on the mayor, Batman binoculars on Catwoman), he switches to being on the ground to"
413,The Batman,Crime,2022,aquiluus,10,2022-04-01,"This film is so intricate, there's so many details, things you can obverse on multiple watches and not have noticed on your first. There's a lot of things that just aren't spoken that give this film so much substance. So many layers and nuanced story telling. Gotham City feels as it should, as it's own character and a visceral cesspool of corruption and just dirt. It feels dirty, unpolished... it's amazing.    There's so many shots in this film that are just simply breathtaking and intentionally dirty. It helps capture this visceral tone and fits substantially well with the universe of Batman.    Being a diehard fan of Batman for, like, pretty much all of my life- I have to say; Matt Reeves absolutely nailed it with a completely faithful adaptation of Batman. Not once in this movie did he do something I felt was completely out of character and Robert Pattinson solidified the performance of both Bruce Wayne and the Batman. I love Matt Reeves went to the extent to make sure this Batman d"
414,The Batman,Crime,2022,Aqueronte72,6,2022-04-02,"> Enormous mass that is per se a riddle. Forget screenplay, it's a comic storyboard; Do you remember Rorschach, from Moore's Watchmen, ruminating in the sewers?, ok, transpolate Batman and it works! No way, here I go-monologue and comic dialogues (effective and practical like instant soup, with 2 percent protein), comic narration, that is functional, utilitarian, Bentham would say, with the ellipses and any speech or reasoning that requires 2 minutes of reflection, at most!, """"this whole city´s gonna come apart"" says a District Attorney, scenic cuts and messy complexity...-entertaining but messy-comic, etc, ...it is a comic turned into a movie by someone who - I'm speculating, any resemblance to reality is purely by chance - was advised or made, or made comics in his life, don't you believe me? Ellipsis of all ellipses: ""Alfred, you're not my father ""At 23 minutes of tape, all the conflict of identity and belonging, as well as the purpose of the hero, under the sieve of the most selfis"
415,The Batman,Crime,2022,CinemaSerf,6,2022-04-04,"OK, shoot me now - but you can tell when you are watching a film at the cinema and the audience start to get a bit restless. Well mine did with this overlong, and frankly rather dreary film. The opening few, somewhat dystopian, scenes reminded me of ""Blade Runner"" (1982) and we do hit the ground running. Amidst an hotly contested mayoral election, a chap in a gas mask (""The Riddler"", we learn later) brutally takes out the sitting candidate enticing the ""Batman"" (Robert Pattinson) to come help his policeman pal ""Gordon"" (Jeffrey Wright) to investigate. Seems that the killer wanted that to happen because he leaves our caped crusader a card with a clue. Soon the great and the good of the city are dropping like flies and a web of corruption and deceit at the top echelons of government is emerging. Personally I found this all a bit dull. It flows terribly slowly, and after a while the relentless darkness and a really pretty soporific, moody, effort from Pattinson just started to bore me. Th"
416,The Batman,Crime,2022,JPV852,8,2022-04-18,"Good albeit not great, this newest incarnation of Batman is well done if not also incredibly dark. I did like Robert Pattinson's portrayal and didn't employ the annoying voice that kind of ruined The Dark Knight and more so, The Dark Knight Rises. As a whole though I did like the plot (parts inspired by The Long Halloween) and a good supporting cast, with Paul Dano giving a creepy performance as The Riddler and looking forward to seeing more from Zoe Kravitz's Selina/Catwoman. **4.0/5**"
417,The Batman,Crime,2022,Horseface,7,2022-04-23,"I am so tired of superhero movies. Still, being down with a mild case of Corona, I wanted something to watch that'd go down easy, and The Batman was available, so I picked it.    I have to say that this, to me, is one of the rare superhero movies that appeal to me. And that's after having seen every other Batman movie since Tim Burton's 1989 one. And, I dare say, even with me being fed up with superhero movies, I think this is the best attempt.    At three hours, it feels like binge-watching a three-part miniseries. And by that I mean both that to the extent that it is three acts, they almost perfectly align with an hour each, and also that the pacing is great, and I never got bored.    The cast is excellent. Also, for the first time ever, I'm not thinking that it's ridiculous that no one recognizes Bruce Wayne as Batman. The half-mask actually makes Bruce Wayne unrecognizable. I'm not sure if they thought of that during casting, but it's really quite impressive.    It's also nice to n"
418,The Batman,Crime,2022,Peter McGinn,8,2022-04-27,"Oh boy, yet another review here on TMDB about this movie. What is it about comic books that garners so much interest? I am no longer a comic hero fan, either in movies or the source comic books. I have seen some of the Marvel series and the only one that I would watch multiple times if it came across my screen in Ant Man and the Wasp, with its wit, action and humor.    I did read superhero comics as a kid, however. I stuck to DC comics. I especially liked the Legion of Superheroes, though I also read the Justice League, Superman and Batman. This was the Silver Age of comics, I believe, before they restarted and complicated the field with reimagining the comic universe (or whatever it is they did).    Anyway, I was a DC boy so I gave The Batman a look see. It is a dark film, both in its themes and its camera work. No wit and humor to speak of here, just grim and introspective comic book noir. But it was intriguing and interesting enough to hold only my attention. There were a couple of"
419,The Batman,Crime,2022,mahmus,10,2022-04-29,"_The Batman_ is the best live-action Batman movie yet. It's the type of Batman film I've been waiting for my whole life.    It's dark and realistic, but also stylish and large-scale. It's not limited by a commitment to realism like the Dark Knight trilogy, nor is it burdened by a shared universe like the DCEU. It is its own thing. A moody, disturbing, visually stunning, David Fincher-inspired, three hour long detective epic with some of the best interpretations of the characters ever put on screen.    Robert Pattinson is fantastic as a younger, moodier, and yes, more emo Batman. Paul Dano is straight up terrifying as the Riddler. Colin Farrell is unrecognisable in more ways than one as The Penguin and Zoë Kravitz is easily my favorite live-action Catwoman. Massively underrated is john Turturro as Carmine Falcone.    This movie kept me hooked all the way through. It's almost three hours long but it feels like two.    This is the best Batman movie. The Dark Knight is good and all, but Re"
420,The Batman,Crime,2022,Nathan,10,2022-06-30,"Batman returns back to its detective roots, and it is a breath of fresh air. Robert Patterson is stunning as Batman. The twists and turns the new Riddler take is a fun ride.    **Verdict:** _Masterpiece_"
421,The Batman,Crime,2022,Dark Jedi,4,2022-08-14,"To be honest, this is a really good movie. Hang on? So why did I only give it 2 out of 5 stars? Well, this is really personal but, to me, it is not a good Batman movie. I really had problems writing this review because it is a very good movie. I just did not like it as a Batman movie.    The movie is really dark, gritty and noir. Not really a problem. It works for some movies. But it is also quite slow at the beginning and the first quarter of the movie was actually boring. Remember, this is a three hour movie so a quarter is more than half an hour of “boringness”.    The “boringess” was broken up by a pretty cool car chase. Some people seem to not really like the batmobile and I have to say that it was not very inspired but it was not all bad either. Unfortunately the movie turned rather boring for a while again after that.    The movie tries to bring out more of the detective part of Batman than the previous movies, which is fine, but there is just too much moping around with Batman"
422,The Batman,Crime,2022,tmdb28039023,5,2022-08-27,"The Batman is not a terribly bad movie, but it would be twice as good if it were half as long. How a film that likes to take shortcuts – especially with the Riddler’s ‘riddles’ – can still take almost three hours to get to where it’s going, I haven’t the foggiest (but then this is a rather strange enterprise that gives us Andy Serkis in the flesh and covers Colin Farrell in prosthetic makeup and a fat suit). Director/co-writer Matt Reeves very wisely avoids origin stories and takes for granted relationships, which have already been well established in a decades-long canon, between certain characters; on the other hand, he allows his movie to become bogged down at the halfway point in a deluge of backstory.    The obvious problem is that there is enough material here for at least two films, and Reeves attempts to cram it all into a single one. Why? We all know there are going to be sequels, so why not save some for the next chapter? Or better yet, why not leave some of it on the cutting"
423,The Batman,Crime,2022,Dean,3,2022-08-27,"This was the worst Batman I have ever seen.     Firstly, Robert Pattinson was the worst choice for the Batman role. In Twilight he was alright, but in Batman he definitely failed. He was more like a sad, depressed goth kid with no emotions. He tried too much to fit the role, but in fact we got this depressive, dead and empty Batman.     Secondly, there were other small things that sucked about this movie, for example, Cat Woman had a very simple and stupid mask. Even older movie versions had a better mask than here. Batman's batmobile also sucked. Looked like a downgraded version. He also rode just a simple bike and lastly, he couldn't even glide with his default Batman suit. Also, don't know why but James Gordon was played by a black actor, while in every movie and even in every game this character is white. Riddler character also seemed stupid, wearing stupid mask and acting stupid and wasn't intimidating at all, but laughable. So, in general cast and acting was disappointing in this"
424,The Batman,Crime,2022,Andre Gonzales,5,2023-06-18,Next too batman and Robin this has to be the 2nd most dumbest batman movie ever made. Robert Patterson made an alright batman but completely sucked at being Bruce Wayne. When he was Bruce Wayne it was like watching the twilight movies. I've never seen Bruce act like that all suspicious and looking like a dam criminal. Like wtf happened on this Batman it was horrible. Also like little to no action really at all. Catwoman was garbage. The penguin looked like a human almost like 2 face. And last but not least the riddler looked like the guy from my bloody valentine. Not only did they completely butcher the film but but they butchered the characters as well. I don't understand why this movie has such good ratings. It was the most boring batman I've ever seen. They should just stop making these. This is the 6th different batman actor and its getting worse. If you can't keep the same batman then just give up already. Obviously everyone hates playing batman since no one ever wants to keep pla
425,The Batman,Crime,2022,mmb95,9,2024-03-30,"The best Batman film since the Dark Knight, and probably the most comic accurate depiction of the character to date."
426,The Batman,Crime,2022,RalphRahal,5,2024-12-23,"The Batman (2022) is a movie that had the potential to redefine the Dark Knight’s legacy on screen. With a talented cast, stunning cinematography, and a noir-inspired tone, it promised a grounded and gritty exploration of Gotham and its shadowy protector. However, while some aspects of the film shine, the final product feels like a collection of mismatched ideas that fail to form a cohesive whole.    The city of Gotham is one of the film’s standout elements. Its rain-soaked streets, oppressive atmosphere, and dark corners are brought to life with incredible attention to detail. The cinematography immerses you in the city’s decay and corruption, making Gotham itself feel like a character in the story. For all its flaws, this is one aspect of the film that deserves high praise.    Robert Pattinson as Batman: Pattinson delivers a nuanced portrayal of a young, confused, and emotionally stunted Bruce Wayne. His lowered head and introspective demeanor highlight a man still struggling to defi"
427,The Batman,Crime,2022,CrazyJekyll,10,2025-07-15,"**_""Fear is a tool. When that light hits the sky. It’s not just a call. It’s a warning""_**    The Batman is an action-packed Neo-Noir Mystery Crime Drama that FINALLY captures the essence and characterization of Batman and the Fictional City of Gotham PERFECTLY.    Batman in the movie is finally shown to be really fucking scary, with criminals and crooks running in genuine terror and Batman beating up every person that stands in his way of vengeance. It makes Batman finally realizing his true purpose at the end much more satisfying. From people going from fearing him to actually following him into the light as a new symbol of hope and justice.    Matt Reeves also does a fantastic job of handling this mystery in the movie. The riddles being solved alongside Gordon and Batman, bring some excitement that has never been seen in any other Batman movie. using action spectacles as a sporadic punctuation mark or an exciting exclamation point to each riddle being solved.    Also, each riddle no"
428,The Batman,Crime,2022,Jstewart2007,10,2026-01-14,"It’s beautiful! With amazing visuals and cinematography, powerful score, fantastic acting, a great script, and a perfect vision from director Matt Reeves, this is an instant classic that immediately became my favorite comic book movie of all time. The action was top-tier, and the three-hour run time didn't ever feel dragged on. This film has so much worldbuilding and connections to the deeper comics lore, but yet never felt overstuffed, overwhelming, or too confusing for newcomers to understand. Any fan of the Dark Knight trilogy will love this dark, gritty, and detective style take on the caped crusader."
429,The Batman,Crime,2022,Dr Nostromo,6,2026-07-05,"63/100    Batman finds himself at odds with the Riddler while having to deal with mob bosses and corrupt city officials. Sorry to say it but this felt like a serious crime procedural that they threw a bunch of DC characters into and called it a Batman movie. Running 3 hours, with no humor, and only a couple good action scenes, this was solidly the most dramatic version of Batman with him coming off more as the Punisher. Acting was exceptional and it kept me entertained but it never felt authentic as a Batman movie and it's already becoming forgettable. -- DrNostromo.com"
430,Top Gun: Maverick,Action,2022,r96sk,9,2022-05-25,"What an excellent sequel - I, in fact, like it more than its predecessor.    <em>'Top Gun: Maverick'</em> is fantastic, simply put. I was expecting it to be good, but it's actually much more enjoyable than I had anticipated. The callbacks to the original are expertly done, the new characters are strong/well cast, it has plenty of meaning, music is fab and the action is outstanding - the aerial stuff is sensational.    The story is superb, with each high stake coming across as intended - parts even gave me slight goosebumps, which is a surprise given I'm not someone who has a connection to the 1986 film. It's all super neatly put together, I honestly came close to giving it a higher rating.    Tom Cruise is brilliant as he reprises the role of Maverick, while Miles Teller comes in and gives a top performance. Jennifer Connelly is another positive, though her role does kinda feel a tiny bit forced in order to have a love interest; given Kelly McGillis' [unexplained] absence.    Monica Ba"
431,Top Gun: Maverick,Action,2022,Manuel São Bento,9,2022-05-27,"FULL SPOILER-FREE REVIEW @ https://www.msbreviews.com/movie-reviews/top-gun-maverick-spoiler-free-review    ""Top Gun: Maverick is the return of pure, nostalgic blockbusters, instantly becoming one of this year's personal favorites. The best aerial action sequences ever amaze even the highest expectations, not only due to the absolutely insane real stunts but largely because of the flawless contribution of all filmmaking elements.    The surprisingly emotional screenplay helps Tom Cruise deliver one of the best performances of his career. Perfect editing is essential to creating such realism, as well as raising the tension levels for one of the best final acts within the respective genre.    And, finally, the memorable score loaded with epic tracks makes the theater experience the only way this magnificent work should be seen.    Superior to the original in every way.""    Rating: A-"
432,Top Gun: Maverick,Action,2022,tmdb20895531,5,2022-05-28,"A lot of things in this movie do not make sense, like ""why not use F-35?"", ""why didn't cruise missiles target enemy air defence and planes in hangars?"" to name a few.     The original movie had some seriousness built into it, the sequel I think is closer to a comic book movie. Very similar to the original star wars, especially the action sequence at the end. Just a tad more realistic than black widow, you can clearly see the action comedy style of Marvel movies.    I think a lot of conservatives reminiscing Reagan years would watch it, that should be enough to make it a hit.    I think that is also the reason of the high score. To me the movie quality is more of 5 ~ 7 out of 10.    Just don't think too much when watching it, but I don't think that is too big a problem for the target audience."
433,Top Gun: Maverick,Action,2022,CinemaSerf,7,2022-05-30,"It seems like I have been watching the trailers for this film for years now - and you know what? Yes - it was worth the wait. The film is all about some truly exhilarating aerial photography that culminates in some super dogfighting and a good old dose of nostalgia. Tom Cruise is very much in his element as the ageing - and frequently not afraid to look it - eponymous ""Top Gun"" pilot drafted in by a rather sceptical admiral to train up a new squad for a very perilous mission to destroy an underground uranium enrichment facility. The team arrive - full of hormones - and he must whip them into shape, a task made more difficult by the presence of ""Rooster"" (Miles Teller) who is the son of his old mate ""Goose"" who came to a sticky end last time out in 1986. He also gets to rekindle his romance with bar owner ""Penny"" (Jennifer Connelly) whilst all under the protection of his former wingman, now the poorly retired admiral ""Kazansky"" (Val Kilmer). To be honest, the story isn't really up to mu"
434,Top Gun: Maverick,Action,2022,Chris Sawin,6,2022-06-02,"_Top Gun: Maverick_ is a sequel that is a leaps and bounds improvement over the original film. There’s better acting from the entire cast, more of an emotional attachment between at least two of the main characters in the film, and subtle humor that actually lands. But the film’s constant need to fly in the same flight pattern as the original film comes off as more of a restraint than a fond recollection.    The sequel seems to highlight many of the shortcomings of the original film, which in retrospect seems like something you’d try to avoid. With its record breaking box office during Memorial Day weekend, _Top Gun: Maverick_ is an enormously thrilling sequel with unparalleled action sequences that has proven to be exactly what fans have been waiting over 30 years for.    **Full review:** https://hubpages.com/entertainment/Top-Gun-Maverick-2022-Review-Dont-Think-Just-Sequel"
435,Top Gun: Maverick,Action,2022,JustEntertainment,10,2022-06-20,"Haven't seen a movie this perfect in decades. It was most obviously written and directed with the audience in mind - no politics, no preaching, no gratuitous sex, no woke, no offensive casting or characters. Brilliant, simplistic screenwriting and thrill rides. The original, if you've seen it, was iconic as it was, and to know it makes the second film here more enjoyable, but even if you're not familiar with the background of the characters it's clearly presented enough to be a stand-alone enjoyable film."
436,Top Gun: Maverick,Action,2022,T,10,2022-06-30,> Loved this movie.  Even had me guessing to the end.  Seems like every cast member picked to play their role was the only person that could pull it off especially for the song of Goose.  9.9/10 sequel never lived up to original this one did. 10/10
437,Top Gun: Maverick,Action,2022,MovieGuys,10,2022-08-17,"This is how American movies should be made.    I have to confess I'd all but given up on Hollywood. The incessant woke indoctrination had led me to the conclusion, the US film industry, had little left to offer and then along came, Top Gun: Maverick.    A simple, well rendered, military action flick that reinvents the formula for success and doggedly sticks to it.     Everything about this film is polished. It comfortably updates the 80's original with style, verve and hands down top shelf acting from Tom Cruise and the cast.    I'm not a fan of NATO or US exceptionalism but this films such quality, it even had me cheering, irrespective.    Entertainment as it should be.....    10/10."
438,Top Gun: Maverick,Action,2022,The Movie Mob,10,2022-08-20,"**Best movie of 2022 so far, and I don’t see what could possibly top it!**    This movie is nearly perfect in every way. Top Gun: Maverick is a masterpiece, from the pacing to the acting to the cinematography to the character development to the casting to the writing. I can’t think of a single thing that didn’t blow me away. The intensity and intentionality of the action were magnificent and balanced with heartfelt moments of character growth and story. Tom Cruise’s best movie in a career filled with memorable and exceptional films."
439,Top Gun: Maverick,Action,2022,KVNNBH,10,2022-08-25,"**Wanna see the real cheesy, very 80s, bloodpumping, blockbuster movie? a movie that can lift your mood without being to complicated? a movie that can make you feel immerse in movie theaters?**    Say no more fam, cuz i presents you one of my favorite in 2022  TOP GUN MAVERICK    _**""Set 30 years after its predecessor, it follows Maverick's return to the United States Navy Strike Fighter Tactics Instructor program (also known as U.S. Navy-Fighter Weapons School - ""TOPGUN""), where he must confront his past as he trains a group of younger pilots, among them the son of Maverick's deceased best friend Lieutenant Nick ""Goose"" Bradshaw, USN.""**_    —Wrathzo    I never thought, a sequel from 80s hits movie would be exceeding its predecessor. tbh i thought this movie would be suck and will be getting the fate like The Matrix Resurrections and RoboCop remake. But boy i was wrong, this movie is the definition of Awesomeness in Cinema.    Let me start with the Story. This movie doesnt have any co"
440,Top Gun: Maverick,Action,2022,Kay Cee,8,2022-09-03,"This was a good movie. It has a pretty generic story, but its filled with a lot of heart and the right music at the right times. It also helps that on the technical side. It crispy clear video and amazing audio keeps you totally immersed."
441,Top Gun: Maverick,Action,2022,JPV852,8,2022-11-25,"Really solid action-thriller with amazing stunts and pulls on the heartstrings without feeling forced. Tom Cruise is great as usual and Miles Teller was fine though didn't feel like he had enough time to shine, but his scenes with Cruise were good. Jennifer Connelly has aged really well and they did nice service for Val Kilmer's Iceman. Really solid, entertaining old fashioned blockbuster. **4.25/5**"
442,Top Gun: Maverick,Action,2022,Nathan,9,2023-01-06,"Top Gun: Maverick had a ton of praise when I finally got around to watching it and it did a relatively good job living up to it.    My main two complaints from the original have been entirely corrected in it's sequel: cheesy dialogue and terrible shot selection in the aerial sequences. The script has been vastly improved upon with updated dialogue just all around better acting than the original. There were not corny lines or interactions that felt awkward. The aerial combat sections are incredible, they are done with such precision and purpose. I could actually understand what was on and where the fighter crafts were in relation to each. These raised the stacks and hade me fully invested.    The overall story is pretty great. I loved how the recruits were training for a final ""suicide"" mission, instead of just graduating from the academy. The dynamics between Tom Cruise and his superiors/students were great and felt witty and genuine. The continued relationship with Iceman was touching"
443,Top Gun: Maverick,Action,2022,GenerationofSwine,10,2023-01-16,"You're not supposed to like this, very literally.  IMDb will block your reviews of this movie if you praise it.  Amazon (owned by the same company) is fudging the like ratio, and Youtube did the same with the trailer.    That makes sense.  It really does.    Maverick is a patriotic action movie with a male lead that doesn't make the male lead look like an idiot.  The white guy isn't evil.  America isn't evil.  It's a sequel that doesn't trash the heroes of the first film or attack the fans.    From start to finish it's just a solid apolitical action movie.    So of course you are supposed to hate it, it literally breaks all the rules of modern Hollywood.    And that was why it was the biggest blockbuster of the past few years.  That is why it had returns that would be a mega-bock buster pre-COVID.  It's the type of movie that people actually want to see, which is why it's under attack on certain sites.  You're not supposed to know that people like it and they weren't supposed to make a"
444,Top Gun: Maverick,Action,2022,cineast78,8,2024-11-12,"**A very good sequel, maybe even better than the first ""Top Gun""**    I enjoyed this movie a lot. It has a straight and simple and yet captivating story and a lot of very good top tier action, and wich was done by using mostly practical effects and filmmaking and was not a CGI overkill, unlike so many blockbuster action movies nowadays.    The movie also stands out as an example for a very good sequel, which might even be superior to the first movie.    If you can see past the blatant and yet relatively sparingly inserted ""US world police"" prop***anda (which was in the first ""Top Gun"" as well), this movie can be a very fun ride for you, especially if you are into a somewhat conservative action movie experience. Thank you, Tom Cruise, for giving us such a movie in the 2020ies!    A very good sequel, maybe even better than the first ""Top Gun""."
445,Top Gun: Maverick,Action,2022,misubisu,5,2025-11-16,"## **Top Gun: Maverick (2022) Review: A Technically Brilliant, Emotionally Hollow Shell - 5/10**    *Top Gun: Maverick* is a film of profound contradiction. It is a breathtaking technical achievement, a masterclass in practical aerial cinematography that viscerally puts you in the cockpit. Yet, beneath the roaring jets and flawless spectacle lies a narrative and emotional core so thin it evaporates upon contact with the air. It is the cinematic equivalent of a perfectly engineered, beautifully polished shell with nothing inside.    ### The FIGJAM Problem    Tom Cruise's Maverick is the embodiment of **FIGJAM** (""F\*\*k I'm Good, Just Ask Me"") without the need for words. The character's entire arc, which the film presents as one of reluctant mentorship and confronting mortality, is undermined by the fact that he is, simply, always right. He is the only one who can fly the mission, the only one who can teach the new generation, and the only one with the mystical, untouchable ""feel"" for f"
446,Fast X,Action,2023,Manuel São Bento,6,2023-05-18,"MORE SPOILER-FREE MINI-REVIEWS @ https://www.msbreviews.com/movie-reviews/mini-reviews-2023-edition    ""Fast X surprisingly pulls me back into a saga I had practically given up on. Jason Momoa is, by far, the MVP of the whole film, transforming an easily forgettable villain into a truly hilarious explosion of charm and *camp*. The cast still holds that enviable chemistry, even though Daniela Melchior and Portugal deserved more screen time.    Considering the previous entries, the energetic action actually turns out to be quite tolerable when it comes to the expected illogical insanity of the franchise - which will please viewers with less patience for absurdity. Despite an overuse of false backdrops and extremely agitated editing, the entertainment levels are well within the acceptable spectrum.    It's clearly the first film in a final trilogy. Interpret this last sentence as you wish.""    Rating: B-"
447,Fast X,Action,2023,CinemaSerf,6,2023-05-22,"Starting off with a bit of nostalgia, this high-octane adventure sees just how ""Dom"" (Vin Diesel) et al become the targets of ""Dante"" (Jason Momoa). The most improbable of robberies from a police station followed by an even less plausible chase through the streets of Rio dragging a ten ton safe behind their cars! Now I was thinking, this is going to be rubbish. Well, it isn't actually. Though it is pretty repetitive and the story is rather episodic in delivery, it's still got just enough of a story to underpin the collection of lively set-piece car chases that trash just about every city in the world - especially Rome. The camp but deadly Momoa looks like he is having an whale of a time with his role and though the ""family"" sentiment of the whole thing starts to grate after a while, the production is high standard, the pace is relentless and the visual effects are put to good use for most of it. The rest of the cast deliver adequately enough - I could have been doing with a bit more fr"
448,Fast X,Action,2023,MovieGuys,2,2023-06-01,"The very definition of moronic.     Loud, obnoxious, cheesy characterisations, idiotic back story  and enough bling to make you wince.      The only vaguely redeeming quality is the polish and money spent on the over the top, at times novel, action scenes but that's not really saying much, in the wider context of awfulness, this represents.    I'm not sure who the demographic for this flick is? I would have thought people were more evolved, as a species but well.....    In summary, just dumb, that's really all needs be said....."
449,Fast X,Action,2023,r96sk,9,2023-06-08,"I can always rely on this franchise to give me what I desire from it.    <em>'Fast X'</em> is a great time. I adore the whole series and have done so since watching the opening entry of it as a teen, sure it has changed tremendously since those halcyonic days of 2001 (OK, I was like 5 then...) but my fondness and enjoyment of these films remains unchanged - quality entertainment!    I love the main cast, particularly those we've had since the beginning or thereabouts - from Vin Diesel and Michelle Rodriguez to Tyrese Gibson and Ludacris (I'm gonna need a spin-off with those two if you're reading, Universal!) to Sung Kang and Jordana Brewster (want more of the latter, but I get it's tricky with the absence of Paul Walker; who is still missed). I'll never tire (tyre?) of watching them together.    Away from those guys, the recurrence of the likes of Charlize Theron, John Cena and Nathalie Emmanuel is pleasant and the additions of Brie Larson and Jason Momoa are highly welcomed. I wasn't"
450,Fast X,Action,2023,TheRealMina,1,2023-07-18,"Even for a Fast and Furious film, this is a total price of crap. You'll hate yourself for watching it."
451,Fast X,Action,2023,Louisa Moore - Screen Zealots,5,2023-08-04,"Writing a review for a sequel like “Fast X” feels pretty pointless. It’s the type of adrenaline-fueled blockbuster that rabid fans will eagerly shell out money to see and want to love, while snobby critics will begrudgingly watch with a chip on their shoulder combined with a predetermined disdain for whatever will unfold. I’m a big fan of the series, even when it veered away from fast cars and leaned into the street superhero action angle. Most moviegoers would expect “Fast X” to be a film that’s packed with big, loud, dumb fun. It’s big and loud (and certainly dumb), but there admittedly is a slight shortage of fun.    The plot is so stupid, but it builds on the best film of the franchise, “Fast Five.” If you don’t remember the movie, don’t worry: the first 15 minutes are a rehash of everything that happened. Even newbies will be up to speed quickly. The film focuses on Dante (Jason Momoa), a formidable foe who is fueled by revenge. He’s ready for blood, and Dominic Toretto (Vin Diese"
452,Fast X,Action,2023,JPV852,5,2023-08-07,"I've more or less enjoyed the Fast and the Furious franchise though with each installment, the writers attempt to go further in its goofiness from the previous movie, it's becoming harder and harder to really be entertained, not to mention care one iota about these characters. I will say Jason Momoa, in whatever he was doing, was a hoot in the cold-blooded villain. And in typical ""Fast"" fashion, there are scenes that don't make a lick of sense. I found some of the action scenes to be well directed I guess by journeyman Louis Leterrier who took over from Justin Lin who left only a week into production.    Given I wasn't that big of a fan of Fate of the Furious or F9, I think I've grown out of this franchise and would be a good thing to bring it to a close. **2.5/5**"
453,Fast X,Action,2023,Dark Jedi,7,2023-11-19,"This was, of course, a totally ludicrous movie devoid of any pretense of realism or intelligence when it comes to basic science and physics from the script writers. It was however, also a quite fun movie.    It is also a movie free from the usual Hollywood far left woke preaching which is, of course, a big plus.    It is a shame that there is always a bunch of trolls around giving movies like this single star reviews. I mean, come on, what the fuck did you expect? It is a movie exactly in the same style as the last movies in the franchise.    Vin Diesel is Vin Diesel which is a good thing. It is loaded with fun, totally unrealistic but fun, action. I really could have been without Roman’s and Tej’s shenanigans but for the rest I liked the characters and it was nice to see Statham in the movie.    What really made the movie though was to finally see a real, rotten to the core, megalomaniac and charismatic bad guy. Jason Momoa is doing a great job of Dante and I suspect he had quite a bi"
454,Fast X,Action,2023,Chandler Danier,5,2024-01-17,"I liked Fast 9 but can't say the same for Fast 10. Was it the recycled footage? Was it Aquaman? Something didn't feel right in this that felt right in 9. Joy? Fast needs to spark joy. This didn't spark joy. Thank you, Fast X."
455,Guardians of the Galaxy Vol. 3,Science Fiction,2023,The Movie Mob,9,2023-05-06,"<b>Guardians of the Galaxy Vol. 3 is the perfect farewell to this quirky group of rogues we never expected to love so much.</b>    Our faith in the Marvel Cinematic Universe waned throughout Phase 4 with films that felt hollow, rushed, and insincere. Guardians of the Galaxy Vol. 3 rekindled my hope as James Gunn and the cast’s love and passion for these characters shined in every moment of this beautiful, heartfelt send-off. Gunn reminded us of the magic of comic book movies when the storyteller cares more about the characters than the box office. Chris Pratt, Bradley Cooper, Karen Gillan, Dave Bautista, and the rest of the cast pour themselves into entertaining and genuine performances. This film is surprisingly emotional and had me wondering how they convinced me to care so deeply about such a zany group of goofballs, but that they did. Vol. 3 is one of the best conclusions to a film trilogy that had me leave the theater full of satisfaction and nostalgia. While Guardians of the Gala"
456,Guardians of the Galaxy Vol. 3,Science Fiction,2023,Ritesh Mohapatra,9,2023-05-08,"**A heartfelt & entrancing closure to our favourite band of misfits from marvel **    GOTG Vol 3 is a fantastic, emotionally immersive product from Marvel which not only made me delighted with the experience but also revived my faith in Marvel Studios. With the vibrant music from the past, hillarious chemistry between the leads , striking action set pieces packaged with an emotive backstory this one is bound to be loved and cherished to glory by all the loyal marvel fanatics. After a long time, Marvel delivers a beautiful and wholesome experience. While everyone from the cast gets their due share of high moments but this film belongs to Rocket. The true MVP of the film. The High Evolutionary's character was unforgiving and brilliant in the context of the story. The screenplay never dissapoints and keeps you engaged even with its long runtime of 150mins. An delightful film by James Gunn who finishes things off at Marvel to focus on DC's future. Overall, GOTG3 is an uproarious, emotional"
457,Guardians of the Galaxy Vol. 3,Science Fiction,2023,CinemaSerf,6,2023-05-08,"What a disappointment! The first one was great fun, the second almost as good , but this film is just a poor cousin that really struggles from a weak storyline that never really gets going. The megalomaniacal ""High Evolutionary"" (Chikwudi Iwuji) has set his sights on retrieving ""Rocket"" after having discovered that our feisty raccoon is a product of sophisticated genetic engineering - and that has enabled him to think and grow as a being; a skill that is hugely valuable to this global-scale cloner. Snag is, ""Rocket"" has been laid low after a rather violent visit from ""Warlock"" (Will Poulter) who is working with his mother to apprehend our ursine pal. ""Quill"" (Chris Pratt) and the others have determined to save him, though, and are soon on the trail of his origins and of a special pass key that could reset him and get him back to fighting fitness. Can the ""Guardians"" put aside their petty differences and unite before it's all too late? This is far too long and it also tries to involve a"
458,Guardians of the Galaxy Vol. 3,Science Fiction,2023,Manuel São Bento,8,2023-05-09,"FULL SPOILER-FREE REVIEW @ https://www.firstshowing.net/2023/review-guardians-of-the-galaxy-vol-3-is-a-satisfying-conclusion-to-gunns-trilogy/    ""Guardians of the Galaxy Vol. 3 is an emotionally powerful, tear-inducing ""farewell"" to James Gunn and his Guardians. Rocket's bittersweet storyline is the soul, heart, and engine running the best MCU film since Spider-Man: No Way Home. It's visually stunning, with exceptional VFX work. The score and soundtrack couldn't be more perfectly matched. Superb performances from the compelling protagonists and even the fun cameos. A better comedy-drama balance than its predecessor, while still offering tons of entertaining sequences. A few minor issues hold it back from standing out as ""one of the greats"", but it was hard to deliver a more satisfying conclusion to this much-beloved trilogy. And also – a final warning to all animal lovers who may find the cruelty displayed on the screen too much for them to enjoy the movie.""    Rating: A-"
459,Guardians of the Galaxy Vol. 3,Science Fiction,2023,Dark Jedi,7,2023-10-22,"I did indeed enjoy this movie but I have to say that I would have enjoyed it even more if it had not been such a comedy superhero movie.    It is full of silly, cringeworthy and, as usual with Hollywood nowadays, not very intelligent attempts at humor. Slapstick at best and mostly just annoying. Certainly not very funny a lot of the time. Sure occasionally I did laugh but that was about one out of three times.    And do not get me started about Quill. He’s a stupid, unfunny jerk. He so drags down these movies.    The movie does deliver when it comes to one very important aspect of superhero movies though and this is of course the action and special effects. I really liked them and most of my enjoyment of this movie came from this.    The story is actually quite okay though and it was kind of cool to get the story about Rocket.    The bad guy, well, he is really one of the best parts of this movie. Finally they managed to put together a real bonafide, megalomaniac, psychopathic and geno"
460,Guardians of the Galaxy Vol. 3,Science Fiction,2023,r96sk,9,2024-07-25,"An excellent way to conclude <em>'Guardians of the Galaxy'</em>.    <em>'Guardians of the Galaxy Vol. 3'</em> is my favourite of the trilogy, it's easily top ten from the MCU as a whole too. There's a ridiculous amount of heart placed in throughout, none more so than with a certain Rocket Racoon; those early scenes are so well done visually. Plenty of seriousness doesn't stop the humour though, of which there is - as one would expect - plenty... that carrot face gag actually got me most.    The cast/characters are such a ragtag team, on paper I don't actually think they all fit together perfectly but in actuality it is a great bunch to follow. As for newcomers elsewhere in the film, Chukwudi Iwuji puts in a strong showing; I enjoyed him in <em>'Peacemaker'</em> so good to see him further here.    All round, a thoroughly entertaining movie and a fitting wrap up... to this set of Guardians, at least."
461,Guardians of the Galaxy Vol. 3,Science Fiction,2023,tmdb51616167,9,2024-09-03,"Guardians of the Galaxy has solidified itself as an incredible franchise within the Marvel Cinematic Universe.    Volume 1: The creation of these characters injected suspense, excitement, and a generous dose of over-the-top comedy into the MCU. Chris Pratt's portrayal of Star-Lord was a fantastic choice, and the characters like Rocket and Groot became instant fan favorites, with merchandise flying off the shelves. While Nebula's transformation from antihero to hero was well-received, Gamora felt underutilized. Drax provided comic relief, but off-screen controversies involving the actor can affect viewers' perception of the character. Overall, the movie is enjoyable and worth watching.    Volume 2: While some may prefer the first installment, Volume 2 offers a deeper dive into the characters and more excitement. The film is wonderfully executed, providing a fantastic adventure that is highly recommended for its magical space journey and character development.    Volume 3: This installme"
462,Guardians of the Galaxy Vol. 3,Science Fiction,2023,Mister BLAQK,7,2025-05-19,"This might be one of the most uplifting endings to a Marvel movie so far, every main character got a lovely send-off. I was amazed by how Gamora was handled as well, and I admired that they didn’t rekindle Quill and Gamora’s relationship. Ultimately the film was about found family, and it never veered off course.    High Evolutionary is by far one of the best MCU villains. No jokes, No quips dude is unrelenting and detestable. ""There is no god, that's why I stepped up!"", was such a great line. Chukwudi Iwuji knocked it out of the park.    I didn’t expect much coming in, and didn’t even watch any trailers, but ended up with so many happy tears.    Fully expected Drax to die but I’m pleasantly surprised that my expectations were subverted and that his ending was not tragic at all.    A fitting end to the trilogy and I'm excited to see what Gunn does with Superman."
463,My Fault,Drama,2023,CinemaSerf,5,2023-10-21,"Someone must have got fed up with the constant slating of the ""After..."" series and thought - ""I know, let's make something that will really make those films look good"". Guess what, they succeeded. ""Noah"" (Nicole Wallace) has had to relocate to live with her mother and her new husband in a palatial home that also happens to be occupied by her rather weedy step-brother ""Nick"" (Gabriel Guevara). Now the two do not hit it off. He's a bit of a cocky git and she's equally no-nonsense about things - so that ought to be the end. Rock and hard place kind of thing. Nope, no such luck. For almost two hours this takes us on the most predictable of romantic dramas that actually manages to incorporate car chases, fist fighting, sex, familial drama, more (beach) sex and a kidnapping. I would say you couldn't make it up, but clearly the series-prone author Mercedes Ron did in her novel. Amazon have early thrown some cash at this, but little of it was spent on the screenplay and the acting - well Wall"
464,Oppenheimer,Drama,2023,Manuel São Bento,8,2023-07-20,"FULL SPOILER-FREE REVIEW @ https://www.firstshowing.net/2023/review-nolans-oppenheimer-is-a-harrowing-tale-of-one-mans-life/    ""Oppenheimer is a true masterclass in how to build extreme tension and suspense through fast, detailed dialogue, an insanely powerful sound production, and an equally explosive score from Ludwig Göransson. Words cannot fully describe Hoyte van Hoytema's gorgeous cinematography.    It's a harrowing, disturbing, genuinely frightening story about how one man's compulsion and political power changed the world. Cillian Murphy, Robert Downey Jr., and Emily Blunt shouldn't miss any awards ceremonies… they're absolutely superb, as are the rest of the exceptional actors involved in the movie.    Pacing, structure, and runtime, in addition to its quasi-documentary style and its narrative complexity, make this a difficult, heavy watch that will, for sure, leave some viewers disappointed, bored, or simply tired. Ultimately, Christopher Nolan justifies the use of the expre"
465,Oppenheimer,Drama,2023,fireheart92,10,2023-07-23,"**OPPENHEIMER IS ""NOT FOR EVERYONE"" AS STATED BY CHRISTROPHER NOLAN BEFORE THE RELEASE OF THE FILM HIMSELF. ** But those who have ample knowledge of physics and chemistry, this film is a masterpiece. The film takes the viewer into the mind of the ""Father of the atomic bomb"" how he thinks, how he feels with much accuracy. Nolan beautifully explains his life both on a private and professional front. The music, the sounds with each scene are top notch. The visuals of QUANTUM PHYSICS, FISSION, NUCLEAR EXPLOSION are mind-boggling.     If possible, watch it in IMAX.     THE MOVIE IS FULL OF DIALOGUES, CONVERSATIONS MOVING BACK AND FORTH IN TIMELINE. It's a historical biography with fantabulous acting by C.M., E.B., R.D.J. and more. The scenes with ALBERT EINSTEIN are just wow. A plethora of scientists(BOHR, FERMI, TELLER, HEISENBERG) of the age can be seen throughout.  There are no action scenes if you are in search of that.     IT IS A CINEMATOGRAPHIC BRILLIANCE. IF U CAN'T WATCH SIENTIFIC"
466,Oppenheimer,Drama,2023,Brent Marchant,9,2023-07-24,"Telling the story of a larger-than-life individual truly calls for a larger-than-life film, and that’s precisely what writer-director Christopher Nolan has come up with in his latest feature outing, handily the best work of his career. Nolan’s three-hour opus about the life of Dr. J. Robert Oppenheimer (Cillian Murphy), director of the Manhattan Project (and more commonly known as the Father of the Atomic Bomb), provides viewers with a comprehensive biography of this brilliant and thoughtful yet often-inscrutable and naïve physicist who took on a patently dangerous venture that left him morally conflicted about the nature of his creation. The story, which spans several decades of the scientist’s life, chronicles his development of “the gadget” and the fallout he suffered as a consequence of his left-wing political leanings and his efforts to keep the released nuclear genie from getting out of control. The film is admittedly a little overlong and probably could have used some editing in"
467,Oppenheimer,Drama,2023,CinemaSerf,7,2023-07-26,"Cillian Murphy offers an assured and considered performance here as the man who is credited with developing the bomb that hastened the end of WWII in the far east. He is the increasingly acclaimed, eponymous, physicist who is made aware by Admiral Lewis Strauss (another strong performance from Robert Downey Jr.) that it just possible that the Russians have the A-bomb. Now Oppenheimer already suspects that the Nazis are also well on their way to weaponising the atom - his earlier education and career had introduced him to some of the prominent minds in the UK and in Germany who were quite capable of taking the theory forward; so he begins to pressurise the American government to begin it's own programme - and the ""Manhattan Project"" is born. Motivated/goaded/galvanised by the ambitious ""Col. Groves"" (Matt Damon) he assembles a formidable collection of scientific minds at a purpose built, desert, location which he christens Los Alamos, and over the next three years - and with $2bn to spe"
468,Oppenheimer,Drama,2023,rsanek,8,2023-08-02,"Cillian Murphy, so hot right now. Film is a little long though."
469,Oppenheimer,Drama,2023,Louisa Moore - Screen Zealots,8,2023-08-04,"The intersection of innovation, science, political bureaucracy, and ethics meet in writer-director Christopher Nolan‘s “Oppenheimer,” a dark, challenging biopic about the father of the atomic bomb, Dr. J. Robert Oppenheimer. This profound epic clocks in at three hours yet never feels too long, even if it’s painfully clear that Nolan is indulging himself in a passion project.    During World War II, Lt. General Leslie Groves Jr. (Matt Damon) appoints physicist Oppenheimer (Cillian Murphy) to work on the top-secret Manhattan Project in Los Alamos, New Mexico. Assembling a team of the brightest scientists the country has to offer, the experts spend years developing and designing the atomic bomb. When their final product is used against Japan on July 16, 1945, the world witnesses its first nuclear explosion in an event that not only ends the war, but forever changes the course of history.    There has been much hype about the fact that Nolan chose to film in IMAX, but the large format feel"
470,Oppenheimer,Drama,2023,Thulan Perera,9,2023-10-02,"The cinematic masterpiece that is Oppenheimer leaves an indelible impression on anyone who watches it. Christopher Nolan has truly outdone himself with this film, delivering a poignant message about the horrors of nuclear war. The superb direction and exceptional performances by Cillian Murphy, Robert Downey Jr. and others draw you into the story, making you feel as though you are right there in the midst of it all. Even though there aren't any action scenes, the movie still manages to keep you on the edge of your seat for its entire 3-hour runtime. Oppenheimer is a biopic that everyone knows the ending to, but thanks to the expert direction and awe-inspiring performances, it is an experience that will leave a lasting impression on you."
471,Oppenheimer,Drama,2023,Sarthak Bharad,10,2023-10-16,"> **Oppenheimer:** I feel like I have blood on my hands, sir.  >   > **Truman:** [takes a handkerchief from his pocket and gives it to him] You think anyone in Hiroshima or Nagasaki gives a shit about who built the bomb?    an incredibly well-written and extremely well-acted piece of dramatic cinema about the very eventful and complicated life of J. Robert Oppenheimer and it is beautiful. I'm actually surprised this is a huge summer blockbuster.    anytime Christopher Nolan releases a film, it's obviously an event all around the world because he's made tons of great films and he's one of the very few film-makers working today who really cares about cinema and values that cinematic experience. he's also one of the very few people who's actually given a budget to support his love for cinema. he shoots on film, does everything practically, he wants as little CGI as possible and he has apparently claimed that there isn't a single CGI shot in this film. if that's actually the case, like if"
472,Oppenheimer,Drama,2023,Peter McGinn,7,2023-11-14,"Well, with ten other reviews on this site, I am not going to give a blow-by-blow assessment of what I like or don’t like. I am sure other reviews have touched upon hinge I might point out.    I will only say that I thought it a really good movie: smartly written and nicely acted. I had some trouble following details in places — not because of the complex time structure (though I admit prefer the straight ahead story style of, say, The Godfather) but rather because I couldn’t get volume up loud enough to hear when the characters spoke softly and/or quickly, and without captions I had to wait for the context of conversations to help fill in what I was missing. It was a shame to have such a little thing in the way of a good movie being great."
473,Oppenheimer,Drama,2023,TheRealMina,2,2023-11-19,"The movie is incredibly overrated and filled with unnecessary dramatized scenes, making it excessively long. It presents Oppenheimer as a cliche, portraying him as the world's smartest man who can learn a language in six weeks, accompanied by aggressively written advanced equations on a blackboard with a loud soundtrack.    In my opinion, this film stands as Nolan's second worst movie, following Tenet. It embodies all his negative qualities, and its duration should not have exceeded 1 hour and 40 minutes, stretching unnecessarily to 3 hours."
474,Oppenheimer,Drama,2023,misubisu,1,2023-11-28,The most inefficient telling of a story that I have ever experienced. Hugely unnecessary character development and unnecessary dramatisation.    I only made it to halfway before dyeing of boredom... jumped forward a chunk... saw the president say that the Russians would never succeed in obtaining the atomic bomb (unsure as to what he based this on). The movie was a strong testament to how much the US feared penetration by communism... and the fact that the US fear themselves losing their grip on being 'the leaders of the free world' [a title that they have never deserved or earned]... and the fact that no one has learned anything from history and being in perpetual war.    Truly a missed opportunity to tell this story in a way that would have any memorable meaning.    No wonder the planet is doomed to self annihilation at the hands of the 1% (The love of money is the root of all evil).
475,Oppenheimer,Drama,2023,Dark Jedi,5,2023-11-29,"I was actually looking forward to watch this movie. Unfortunately I have to say I was rather disappointed when the movie came to an end.    One of the most impressive projects ever undertaken filled with scientifical challenges and performed under immense pressure.    That is what the movie should have been all about. Unfortunately it is not. Instead all the science, challenges and achievements are just glossed over and we are feed three long, boring, hours about political machinations and his sex life.    That is not what I was expecting and it is definitely not what I wanted to watch.    Trust Hollywood to turn science into a bloody soap-like drama.    Christopher Nolan is definitely not a person that should be tasked with making a science or history movie. His Dunkirk was underwhelming to say the least and Interstellar was both a poor movie and a joke when it came to science.    I guess I should have lowered my expectations when I saw they gave the movie to him."
476,Oppenheimer,Drama,2023,badelf,8,2023-12-29,"Honestly too long. This is really two, long films. The first half deals mostly with the science and the scientists. The second half/film deals with the political and moral repercussions of the science.    Outside the story, Nolan has given us a top notch cast performing at their peak, beautiful cinematography, and a delicious score."
477,Oppenheimer,Drama,2023,Amiiae011,10,2023-12-29,"**Oppenheimer may not be for many people, but it was wonderful for me.** This movie does require some knowledge and interest in science, but it doesn't mean that you have to be an expert. I surely recommend doing some research before and after watching the film to better understand it. I also recommend researching about the simple facts of the Manhattan Project, who the people involved in the Manhattan Project are, and who Oppenheimer is before and after watching the movie.    **WATCH IT ON THE BIGGEST IMAX SCREEN YOU CAN FIND, especially if you are interested in science, the true story of the Manhattan Project, and course, other Chris Nolan films. This movie was filmed specially for IMAX screening, Nolan and his crew used IMAX 70mm film and cameras, and they also invented the B&W 65mm film specially for this movie.**    I have watched every single Chris Nolan’s films ever since I was a kid. His movies have been a big part of my life and his movies are the things that helped me go thro"
478,Oppenheimer,Drama,2023,r96sk,9,2024-01-30,"Yep, a quality film.    <em>'Oppenheimer'</em> lived up to the billing to me. Not that that was ever really in any doubt, with Christopher Nolan at the helm and Cillian Murphy in lead alongside all the acclaim that I have seen this receive since its 2023 release. The near 3hr run time is no problem whatsoever, despite more talk than anything else the film simply doesn't hold any slow/uninteresting moments - 'tis all fascinating.    Ever since I found out about his casting I knew Murphy would deliver a sensational performance and that's exactly what he produces here, which is not even a tiny bit surprising - anyone who has seen television's <em>'<a href=""https://en.wikipedia.org/wiki/Peaky_Blinders_(TV_series)"" rel=""nofollow"">Peaky Blinders</a>'</em>, for one, would know that. Loved every single second of him onscreen.    As for the rest of the cast, where do you start?! Emily Blunt is impressive, again not a shock as I'm a fan of her from other things - shoutout <em>'<a href=""https://l"
479,Oppenheimer,Drama,2023,Bishoy017,5,2024-03-12,"The problem with biographies is that you have to make sure not to put your own beliefs & present them as facts to white-wash a person/organization.    Oppenheimer was a brilliant scientist indeed but he was also a COMMUNIST (there is a ton of evidence/articles about it and he even admitted liking communist ideas and social values, was a member of communist fronts, subscriber to communist magazines, sent them money monthly, his brother, wife, mistress and believe it or not many of his students were also known communists).    He was indeed a security risk and some may go further to say that he committed an act of treason but the film presented a false image of Oppenheimer as the ""mistreated scientist"" who had to endure great injustice for the higher cause of stopping a nuclear arms race."
480,Oppenheimer,Drama,2023,Dean,1,2024-03-17,"Movie is extremely slow and boring. I'm not fan of Nolan's movies, but still decided to watch it since this movie won an Oscar and has lots of famous actors inside. I thought it would be good, but boy I was wrong!    First of all, there's this stupid annoying background music all the time during the movie, which is very distracting. Now add to this background music actors that talk almost like whispering. It's just horrible, but what's worst about this movie is that it is super boring and uninteresting and it's very long (3 hours). This movie is a total garbage, but since it's a Nolan's movie and has so many high profile actors it has big hype and high ratings, but don't be fooled. This is a pure trash. I regret I wasted 3 hours on this boredom."
481,Oppenheimer,Drama,2023,Murp,10,2024-05-29,"[MINOR SPOILERS, but nothing major]  This film was unlike any I have ever seen. Let me be clear, it is certainly not for everyone. The daunting 3-hour runtime can steer some away, which I completely understand, but you have the time and patience, give it a chance.    A large portion of the film is consumed by dialogue, yet never once did I get bored. I was kept on the edge of my seat the whole time (it helped that I wasn’t well-versed in the history of Robert Oppenheimer as a person, although I knew the gist of his story).   The non-linear plot format also helped to keep my attention as we see blips of Oppenheimer’s life as a student, working on the Manhattan Project, and the scrutiny he faced afterward. This take on the presentation of his story could’ve easily backfired and been executed poorly. However, director Christopher Nolan constructed it in a way that was both interesting and easy to follow.    Cillian Murphy delivered a convincing portrayal and Oppenheimer’s emotional journe"
482,Oppenheimer,Drama,2023,tmdb51616167,8,2024-09-10,"#MovieReview #Oppenheimer    ""Oppenheimer"" is a lengthy film, clocking in at two hours and 43 minutes, so viewers should be prepared to invest time in the theater for this historical journey.    The initial 30 minutes of the film may feel slow and disjointed as it sets the stage, but as the story progresses, it delves deeper into historical events, offering a captivating perspective on significant moments.    The film features numerous celebrity cameos portraying historical figures, adding an intriguing layer to the storytelling. The acting performances are praised for their excellence, enhancing the overall viewing experience.    While the movie may not be suitable for younger audiences who prefer animated features and superheroes, it offers a compelling narrative for those interested in United States history and significant events.    Overall, ""Oppenheimer"" is deemed an engaging and worthwhile cinematic experience, particularly for those with an interest in historical narratives. The"
483,Oppenheimer,Drama,2023,Dean,1,2025-01-18,"Typical Nolan movie - Super slow, very boring and very long."
484,Spider-Man: Across the Spider-Verse,Animation,2023,CinemaSerf,6,2023-06-04,"Sad night tonight. After 80-odd years, this was the last film to show in my local cinema before it closed down. Doubly sad because it’s also not actually very good. The conceptualisation behind the hybrid styles of animation is spectacular and executed in an highly polished fashion - as you’d expect. The story is all over the pace though, and the proliferation of Spidey’s seemed designed more to allow the narrative to become more culturally inclusive (and bankable) rather than to develop any meaningful characterisations. What personas there are spend their time wallowing in a mire of unrequited and/or confused familial love, or teenage angst more suitable in a soap. The dialogue has it’s moments - assuming you can catch it - and there’s a bit of humour to be found but I found the audio mix made following all that was said became a bit wearisome after a first hour that really does depend on your having watched (and remembering) the first - in my view far better - instalment. This whole"
485,Spider-Man: Across the Spider-Verse,Animation,2023,Manuel São Bento,8,2023-06-05,"FULL SPOILER-FREE REVIEW @ https://www.firstshowing.net/2023/review-spider-man-across-the-spider-verse-is-an-animated-work-of-art/    ""Spider-Man: Across the Spider-Verse is the epitome of incredibly detailed, gorgeously unique, undeniably epic animation within its medium. Separately from enjoying this movie or not, any or all cinephiles should bow to the ridiculously talented artists and animators behind this pure work of art.    That said, the attributes and issues are more or less the same as the original. The various animation styles are overwhelmingly stunning, but also to the point of creating confusing moments. Gwen Stacy stands out from the rest of the pack – both the character and Hailee Steinfeld's voice performance – but everyone on screen is impressively captivating. The voice cast is superb all-around.    An unfinished story – remember, this is the first of two parts – about what it really means to be a hero. The 140-minute runtime isn't exactly heavy, but the necessity to"
486,Spider-Man: Across the Spider-Verse,Animation,2023,Chris Sawin,7,2023-06-08,"And perhaps _Beyond the Spider-Verse_ will retroactively make Across’ story more enjoyable, but for now, the franchise’s flashy visuals are fully in controls of its web-shooters.    As a stand alone feature, _Across the Spider-Verse_ is groundbreaking with its half-a-dozen animation styles and plethora of Spider-Men. The Spot is an insanely cool villain, Spider-Man 2099 is an anti-hero teetering on the verge of becoming a full-time villain, and Spider-Punk oozes overall awesomeness.    But with the film sitting at 162 minutes and a sequel on the way in less than a year, the story ultimately feels like it’s stretched beyond its means.    **Full review:** https://boundingintocomics.com/2023/06/07/spider-man-across-the-spider-verse-review-a-stunning-labyrinthine-benchmark-for-animation/"
487,Spider-Man: Across the Spider-Verse,Animation,2023,GenerationofSwine,10,2023-06-26,"I'm have tempted to give it a low score because they turned one of my favorite Spider-Man's into the nemesis.     I don't know, but in my humble opinion, the punk Spider-Man really needed to look like Johnny Rotten, Sid Vicious, someone from the Sex Pistols. He sort of screamed them in the way he was depicted, right down to the multi-media used around him.    They really missed an opportunity for if not a great pop culture reference, but at least an in-joke for the punk community. I mean, throw us a bone here. He spent half his time mocking us anyway (in a pretty hysterical way) at least give us the laugh when they do the face reveal.    Anyway, it's not bad. Miles is less... boring in this cartoon than he is in the comics where he's developed the moniker ""Mild Morales."" He actually has more depth of character here and is forced to face some serious choices and turning points (Hey Marvel, you could learn a lesson here).    But he also took a bit of a back seat to Stacey, who seemed to"
488,Spider-Man: Across the Spider-Verse,Animation,2023,Louisa Moore - Screen Zealots,9,2023-08-04,"I don’t have that much to say about “Spider-Man: Across the Spider-Verse”, the sequel to the equally terrific 2018 Oscar winning film “Spider-Man: Into the Spider-Verse,” except that it’s easily one of the best films of the year. It’s the type of achievement in animation that’s not only artistically skilled but also wildly entertaining. This is one of the most perfect pieces of animated cinema in years and even better, it’s aimed squarely at more sophisticated audiences of older kids, teens, and adults.    Miles Morales (voice of Shameik Moore) is back for part two, and he’s happily fulfilling his duties as Brooklyn’s friendly neighborhood superhero. Miles finds himself joining forces with Gwen Stacy (voice of Hailee Steinfeld) and a new team of elite Spider heroes (featuring the voices of Jake Johnson, Karan Soni, Issa Rae, and others) from across the multiverse as they work together to fight off a powerful villain.    The plot is complex, but the story is terrific. The parallel unive"
489,Spider-Man: Across the Spider-Verse,Animation,2023,James,6,2023-10-20,“It’s like if The Raid met Into The Spiderverse”
490,Spider-Man: Across the Spider-Verse,Animation,2023,r96sk,8,2025-03-04,"<em>'Spider-Man: Across the Spider-Verse'</em> surpasses the original for me, though there's more to that statement than meets the eye. I watched the first film four years ago (almost to the day, weirdly) and remember enjoying but feeling a little nonplussed by it.    I think the main reason for that is that I don't have any connection or knowledge to the comics and/or the general world of these characters, therefore last time out it was a barrage of information and characters; not much of which stuck. So it makes sense why I only mildly like it.    This time, however, I did have a fair amount of fun. I had more of an interest in the characters that carried over from the 2018 flick, while the new additions worked for me too. The story does feel more conventional than previously, which is a plus to me given the aforementioned.    Other prior drawbacks were the characters of Kingpin, Green Goblin and Prowler; their designs and voices failed to hook me. Here, I did appreciate the characte"
491,Deadpool & Wolverine,Action,2024,shammahrashad,6,2024-07-25,Theres not much of a plot and the villains weren't that great. It was a good laugh though and amazing cameos and fight scenes.
492,Deadpool & Wolverine,Action,2024,r96sk,9,2024-07-25,"Its story may not be the strongest, but the comedy makes <em>'Deadpool & Wolverine'</em> an excellent watch!    There are some top notch gags in there, particularly to do with the recent offscreen changes for Wade Wilson's alter ego. As you'd expect with Ryan Reynolds in this role, the jokes are plentiful and there is barely any time to react to one before another appears. That can sometimes not work as well as intended, e.g. <em>'Deadpool 2'</em>, but here the humour is executed perfectly.    Reynolds himself is quality, it is a quintessential Ryan Reynolds as Deadpool performance. It's real neat to see Hugh Jackman back as Wolverine, he does play second fiddle to the other titular character but still more than holds his own, as you'd expect. Emma Corrin, meanwhile, enters the MCU with a great showing.    As noted at the top, I do think the plot couldn't been superior - but not in a negative way. What is portrayed is still entertaining to watch, it's just not necessarily on the same l"
493,Deadpool & Wolverine,Action,2024,Chris Sawin,8,2024-07-26,"_Deadpool & Wolverine_ is the best the MCU has been since Guardians of the Galaxy Vol. 3. It’s two hours of comic book-driven fan service and delivers entertaining surprises, nostalgic throwbacks, memorable action sequences, and worthwhile performances.    **Full review:** https://bit.ly/WadeLogan"
494,Deadpool & Wolverine,Action,2024,Brent Marchant,6,2024-07-27,"In moviemaking, sadly, there can be a problem with going to the well too many times, and this latest installment in one of filmdom’s better cinematic franchises verges on proving just that. This offering’s predecessors (2016, 2018) significantly distinguished themselves from the kind of fare typically found in the superhero genre with their outrageously bawdy humor, hilarious sight gags and relentlessly maverick attitude. This time out, however, director Shawn Levy’s latest effort is a decidedly hit or miss affair, with an often-incoherent script that feels like it was cobbled together from a collection of leftover parts, some of which work and some of which don’t. I suppose that’s not entirely surprising from a screenplay that was penned by four different writers, making me wonder how much consensus was in place in compiling the finished product. Moreover, this film appears to be intended to fold the Deadpool franchise into the X-Men franchise, an intriguing idea that, regrettably, is"
495,Deadpool & Wolverine,Action,2024,tmdb78465292,10,2024-07-28,"Such a fun watch, maybe one of the best experiences I've had in a theater. I couldn't have asked for a better ending to 24 year old franchise."
496,Deadpool & Wolverine,Action,2024,CinemaSerf,7,2024-07-29,"Well the ""Deadpool"" concept is now well and truly immersed in the Marvel multi-verse and I really did fear for good old ""Dead"". More of the same? Well, no actually. Ryan Reynolds has reverted more to the occasionally quite vulgar humour of the first film (2016) and allowed this trequel to focus more on the personality of this irreverent, immortal, superhero as he tries to resurrect the recently departed ""Wolverine/Logan"" (Hugh Jackman) so he can save his timeline from erasure. To do that, and thwart the comically menacing ""Paradox"" (Matthew Macfadyen), he has to face down ""Cassandra Nova"" (Emma Corrin) - who happens to be the long estranged twin sister of ""Xavier"" who presides over the void. That's a ""Mad Max"" style desert style territory where all the undesirables have been put by ""Paradox"" and his organisation over the years. Initially, there's no love lost between our two heroes. The cocky man in red lycra does not impress his new, booze-soaked and guilt-ridden buddy, but quickly th"
497,Deadpool & Wolverine,Action,2024,TheSceneSnobs,8,2024-07-30,"Deadpool and Wolverine is a movie that I truly believe the Marvel Cinematic Universe (MCU) has needed for a while. After years of lackluster installments, this film is a breath of fresh air. Ryan Reynolds, Hugh Jackman, and director Shawn Levy approached this project with care and a deep understanding of what fans want. The film feels like it was crafted by fans for fans, particularly those who have been frustrated by the recent phases of the MCU.    Reynolds and Levy brought on a team of writers with a strong background in comedy and storytelling. This decision pays off, as the film’s humor and narrative are both sharp and engaging. For example, the meta vibe of Deadpool, familiar from the previous two films, is ramped up significantly. The movie spares no one, making jokes about everything from Hugh Jackman’s recent divorce to Ryan Reynolds' career. However, it’s the MCU that receives the most pointed and critical jokes, which will resonate with long-time fans.    The chemistry betwe"
498,Deadpool & Wolverine,Action,2024,GenerationofSwine,10,2024-08-01,"It feels a bit rushed... but then it was rushed.  It feels a bit neutered, but it's now Disney and they did muzzle it.    The thing is though... it's not woke, which is why you have articles criticizing it for ""Not Being Gay Enough"" and in 2024, that very literally translates to: ""They focused on a story and characters rather than a political agenda and we're mad about it."" Which, in turn, translates to ""Actually entertaining.""    It's amazing how articles complaining about a movie not being Gay enough can guarantee you that the movie is going to be good.    Only.... it's meh.  I mean, when you compare it to most of the movies this year it's pretty epic.  When you compare it to most of the post 2016 movies this is one of the greatest things ever made... but when you compare it to the other Deadpool movies it's rushed.    But... who cares, it literally doesn't have a point other than entertaining you, and that is really all that matters and all that I ask for.    Is it a cash grab? Yes,"
499,Deadpool & Wolverine,Action,2024,JPV852,7,2024-08-05,"Satisfying and 100% fan-service. Hugh Jackman still is awesome as Wolverine and gives it his all, along with Ryan Reynolds, both showing passion for the characters. That said, much like Deadpool 2, I'm not sure if I have much desire to revisit anytime soon. **3.5/5**"
500,Deadpool & Wolverine,Action,2024,Pringo,10,2024-08-05,"I just watched Deadpool & Wolverine, and wow, it was an absolute blast! Ryan Reynolds and Hugh Jackman have incredible chemistry that makes the whole movie work. Deadpool's irreverent humor and Wolverine's gruff seriousness balance each other perfectly. The film is packed with hilarious jokes, epic action sequences, and so many Easter eggs that comic book fans will be thrilled.    The opening sequence had me hooked right away, with a mix of intense fighting and Deadpool's signature humor. The constant fourth-wall breaks were spot-on and kept the laughs coming. It's a fantastic tribute to both characters and their histories, with plenty of nods to past films and comics.    If you're a fan of either character, this movie is a must-see. It's not just a fun ride; it's a love letter to the fans. The pacing is perfect, and the two hours flew by. Whether you're a casual viewer or a hardcore fan, Deadpool & Wolverine delivers on all fronts. Don't miss it!"
501,Deadpool & Wolverine,Action,2024,DonGable,4,2024-08-07,"For devout Marvel fans only.    Here is a test for franchise films: Remove the IP and characters to see if the story, character development, etc. stands on its own without using the IP as a crutch.  If you remove the IP in this case, you have absolutely nothing.    If you've seen a lot of previous Marvel films in this universe, you will be treated with an abundance of fan service. Admittedly, I have not watched a lot of these films. I have, however, watched the first two Deadpool entries. I enjoyed them at the time, especially the first one.    In this third entry, you will find a lot of cameos which are absolutely pointless, except for people to chug memberberries, as they do absolutely nothing with these characters. It doesn't even properly show the backstory of Wolverine.  This film is an almost non-stop barrage of bickering and snarky jokes, but it's never given any time at all to breathe. The few moments where it actually tries to convey emotion, it never truly lands, as all it wa"
502,Deadpool & Wolverine,Action,2024,The Sunset Child,10,2024-08-25,"I went to see Deadpool & Wolverine last evening and boy did it feel refreshing to see Ryan Reynolds making all of these funny jokes on screen as Deadpool. There were a lot of mentions of Marvel, jokes about production companies & about production crew/cast (extras, etc). As someone who's passionate about this industry and is very active in the business, this film is a big success in my opinion. I loved that we got to see Jon Favreau as Happy Hogan in the intro of the film, just sad we didn't get a little Tony Stark (RDJ) appearance, but hey, it's not his movie after all (RIP Iron Man)."
503,Deadpool & Wolverine,Action,2024,tmdb51616167,9,2024-09-01,"Finally, the moment I have been eagerly waiting for has arrived - the new film featuring Deadpool and Wolverine! I am thrilled to share my thoughts on this without revealing any spoilers, so brace yourself for a fairly tame review to keep the surprise intact for everyone.    Marvel is back in its element with this movie, as it takes a playful jab at itself. Deadpool boldly declares that the Multiverse is a mess and proposes putting an end to it - a refreshing take on the superhero genre.    The dance sequence is a hilarious throwback to the 90s, adding a touch of nostalgia and charm to the film. And yes, there is plenty of colorful language, including an abundance of the infamous F word - but then again, what else would you expect from Deadpool?    Prepare to be amazed by some incredible cameos that will leave you jumping out of your seat with excitement, especially if you have a soft spot for certain characters from the past. This movie is an absolute thrill ride that pays homage to t"
504,Deadpool & Wolverine,Action,2024,albuainain,7,2024-09-05,"Not funny as Deadpool 1 & 2, I was expecting something smashing due to the reviews I have read and people hype in social media. The fight scenes saved the movie."
505,Deadpool & Wolverine,Action,2024,Chandler Danier,6,2024-11-27,"I hate gore in big budget films. It looks so cartoonish and trashy. Or do I hate the gore in this film. Stuff's funny and whatever. Good team up. Too friggin' long, bub."
506,Deadpool & Wolverine,Action,2024,liabeth,6,2024-12-19,"It was an entertaining watch but it felt too ""marvel"". Liked the first two much more."
507,Deadpool & Wolverine,Action,2024,watchnrant,8,2024-12-26,"**Deadpool & Wolverine: A Comic Book Dream Realized**    From the very beginning, _Deadpool & Wolverine_ bursts onto the screen with the chaotic energy and irreverent humor fans have come to expect from the Merc with a Mouth. This film feels like a love letter to comic book enthusiasts, seamlessly blending the zany, fourth-wall-breaking antics of Deadpool with the gritty, emotionally charged presence of Wolverine. The movie captures the essence of reading a comic book, where big, crazy choices and wild action sequences keep you at the edge of your seat. The introduction of variants and a plethora of cameos from beloved characters across the Marvel Universe only enhances this feeling, making it a true spectacle for long-time fans.    Hugh Jackman's portrayal of Wolverine is nothing short of iconic, and this film allows him to fully embrace the character in ways we’ve longed to see. The sight of Wolverine finally donning his classic costume and charging on all fours is a visual treat tha"
508,Deadpool & Wolverine,Action,2024,MuhammadRafif1206,2,2025-01-10,"*very disappointing MCU! one of the worst movies of 2024 for me, which only relies on nostalgia fan service, overly brutal gore and no plot point, and the plot is very messy*"
509,Deadpool & Wolverine,Action,2024,CertifiedHuman,5,2025-04-02,I appreciate Deadpool's character arc of being anti-pegging in the first one to pro-pegging in this one.
510,Deadpool & Wolverine,Action,2024,TkA,5,2026-07-30,"**This movie was just overall a terrible experience.**    It relied too heavily on CGI and endless conversations in one room, failing to develop a captivating storyline.\  \  The rushed and uninspiring conclusion left much to be desired. Additionally, the constant call outs to external references only served to further detract from the overall quality of the film.\  \  The lack of depth in character development and the reliance on flashy special effects made for a disappointing viewing experience.\  \  It felt as though the filmmakers prioritized style over substance, resulting in a lackluster and forgettable film.\  \  It fell short of expectations and failed to leave a lasting impression on audiences.\  \  It was a waste of time."
511,Dune: Part Two,Science Fiction,2024,Manuel São Bento,10,2024-02-22,"FULL SPOILER-FREE REVIEW @ https://talkingfilms.net/dune-part-two-review-the-new-generational-epitome-of-sci-fi-epics/    ""Dune: Part Two surpasses even the highest expectations, establishing itself as an unquestionable technical masterpiece of blockbuster filmmaking.    With a narrative that deepens the complex web of political relationships, power, faith, love, and destiny, it not only provides a breathtaking audiovisual spectacle, thanks to the genius of Denis Villeneuve, Greig Fraser, and Hans Zimmer, but it also offers a profound meditation on universal human themes through thematically rich world-building and thoroughly developed characters. The superb performances of the entire cast, led by a career-best Timothée Chalamet and a mesmerizing Zendaya, further elevate this incredibly immersive cinematic experience.    It warrants comparisons with the greatest sequels in history, easily becoming the new generational epitome of sci-fi epics.""    Rating: A+"
512,Dune: Part Two,Science Fiction,2024,r96sk,9,2024-03-01,"As anticipated, a thrilling watch!    I enjoyed <em>'Dune'</em>, though remember thinking it was obviously a complete set-up to a sequel and that this would only improve upon its predecessor - and that's very much the case. <em>'Dune: Part Two'</em> is excellent! My interest did wane slightly at roughly the middle part, as was similarly the case with the first film in truth, but that was a feeling that only lasted for a relativiely short time.    All in all, it's fantastic. The acting is top notch, the visuals are breathtaking <em>(those sandworms tho)</em> and the score is outstandingly hefty - you can always rely on the great Hans Zimmer! Timothée Chalamet stars yet again, as do the likes of Rebecca Ferguson, Zendaya, Dave Bautista & Co. The person I actually enjoyed most on screen was Javier Bardem, who is truly brilliant throughout.     Bring on <em>'Dune Messiah'</em>! On that note, happy to read that director Denis Villeneuve has noted that he won't be rushing that one out - and"
513,Dune: Part Two,Science Fiction,2024,CinemaSerf,7,2024-03-02,"This is certainly a great looking film to see on a big screen with some really effective, almost industrially sounding, audio - but what happened to the story? It's wafer thin and really stretched out for 2¾ hours. We pick up with ""Paul"" (Timothée Chalamet) and his mother (Rebecca Ferguson) trying to convince the ""Fremen"" that they are worth the hassle. Fortunately, leader ""Stilgar"" (Javier Bardem) is convinced of the messianic state of the young refugee, whilst their own reverend mother is on her last legs which might give ""Jessica"" a chance to prove her own worth, and provide an opportunity to peddle some embellished mythology about her son's ascendant propheteering. All of this manoeuvring and politicking is having quite an impact on ""Chani"" (the under-used Zendaya) and on the relationship between her and the increasingly worshipped new Duke. Meantime, now fully reinvigorated and emerged from his bath of recuperative Guinness, the evil ""Baron Harkonnen"" (an almost Zeppelin-like Stel"
514,Dune: Part Two,Science Fiction,2024,Chandler Danier,9,2024-03-05,Great but a little long. Sexier than LotR and no hair. Yell acting. Jabba bathes in black goo and kills women horribly. Walken is hilarious. Zendaya still an addict. Bridges is a bit self-serious. Amazing visuals. Really enjoyed...was glad and a bit bored by the end. Shorter Dunes please.
515,Dune: Part Two,Science Fiction,2024,justhappytobehere,8,2024-03-23,"Saw it on the bigger screen, which was worth it. The worms were quite large. The movie has a great way of passing across the grand scale of the world in a way that michael bay can never understand how to do with his robots movies.    It did stretch on quite a bit, looking back not even sure where all the three hours went. Its just all shaping up for the big battle with a bit of political intrigue here and there. Also, still have no idea how they get off the worms or how they load up large groups of people onto the worms, like, can they stop the worms whenever they want and let people climb on, and then giddy up, but if thats the case why dont they have stabled worms ready to go."
516,Dune: Part Two,Science Fiction,2024,Roberta1970,8,2024-04-02,"I had to watch Dune part 1 because if I didn't, I would not have known what to expect in Dune part 2. The movie was incredible. To see it on the big screen really makes a difference. You need to see every angle possible. I understand why it needed to be that way. I loved the movie. I would watch Dune 1 and 2 over again. I didn't like the scene where Feyd-Rautha died. But it was necessry if they planned on doing a third installment for Dune. The casting for this film was picked brilliantly. It fit them like they were part of the era of Dune itself."
517,Dune: Part Two,Science Fiction,2024,dumasori,7,2024-04-05,"**Not bad**    Overall, a nice movie.    But it was not something extraordinary. The acting and direction were pretty average. There were a lot of editing mistakes. In some scenes, you feel like it was rushed. Some scenes feel like they are missing context. Some scenes are unnecessarily slow-paced.    There were a lot of stupid and logical fallacies. First, they show how dangerous those 'worms' are and run for life. Then they show you can actually 'tame' them like a cowboy, but with immense difficulty. Then you see the whole clan with tents, food, luggage, etc., riding them for traveling. I literally couldn't hold my laughter.    Well, in the end, I was entertained.    Rating: 7/10"
518,Dune: Part Two,Science Fiction,2024,MovieGuys,7,2024-04-10,"I remember the first film, no not the first in this contemporary series but the first attempt to bring the books, to cinema.     In terms of contextual cohesiveness and pacing I feel it did a better job, than its latter day counterpart. I believe with this effort they are going for sweeping epic but somehow it comes across as inexplicably pedestrian.    Yes cinematography is remarkable, as are CGI effects but the pacing is slow and things happen that don't come together all that well or give the sense that they are contributing, meaningfully, to the overall story. Acting is competent but again, its not remarkable, which I think is in part down to a lack of depth, in characterisations.    I know this review probably wont be popular or reflective of the mainstream but I sense they are trying to do too much and as a consequence, achieving too little.    In summary, visually compelling but lacking in a certain intensity and depth. Feels contextually spare and at times redundant, if that ma"
519,Dune: Part Two,Science Fiction,2024,m_u_m_u,9,2024-05-13,"First of all, it just got dark when paul called out chani's rival princess :))  Funny though! The blue thing that they called they called WATER OF LIFE is just so mysterious,,it literally controls them i suppose! I literally enjoyed that part when chani slapped paul after being consious :))) also paul is a whole bloodline bearer ig while the harkonnens are just gay :.>  Also the war parts were amazing. waiting for next part!!!"
520,Dune: Part Two,Science Fiction,2024,Brent Marchant,2,2024-06-14,"As a big sci-fi/fantasy fan, I generally look forward to seeing new releases in this genre. However, when the first part of this story was released in 2021, I was sorely disappointed by this tedious, overlong slog that, despite its stunning visuals and cinematography, never really engaged me. Though, for all my disappointment with the initial installment, it can’t begin to compare to my reaction to “Part Two” – an even more tedious, unengaging, overly complicated offering that had me bored by 20 minutes in. I found myself not caring a whit about the characters or their story (which could have used a scorecard to help viewers sort out everything), and even the supposedly superior visuals of this iteration failed to capture my attention or interest. I can only conclude that I must be missing something, given the generally positive reactions and accolades this film and its predecessor have received, but I’m mystified that I haven’t yet figured out what. By all rights, the elements would a"
521,Dune: Part Two,Science Fiction,2024,TheSceneSnobs,10,2024-07-09,This is the greatest Science Fiction film ever made. Followed by part one.
522,Dune: Part Two,Science Fiction,2024,HappyPagan,10,2024-08-18,This is one of the few movies I've seen where I don't sit down later and start picking it apart. I can't say it's flawless. But whatever flaws it has simply fade into oblivion.
523,Dune: Part Two,Science Fiction,2024,tmdb51616167,8,2024-09-03,"#MovieReview #DunePart2 #DuneMovie    ""Dune"" is a franchise that demands prior knowledge of the backstory and characters from either the book series or previous adaptations to fully appreciate the intricate narrative. While the film is long and dialogue-heavy, it manages to deliver a compelling story despite the limited action sequences.    Timothée Chalamet shines in his role, though at times, his character may feel overshadowed by the ensemble cast. Florence Pugh's character, on the other hand, seems to lack a clear purpose, appearing intermittently throughout the film without a defined role.    Rebecca Ferguson delivers a standout performance as the mother figure, commanding attention whenever she appears on screen. The dynamic between Josh Brolin and Dave Bautista offers a humorous nod to their previous roles, adding an entertaining element to the movie.    Zendaya's character receives more screen time than in the previous installment, but her role remains secondary to the overarch"
524,Dune: Part Two,Science Fiction,2024,Muhammad_Algabrouny,4,2025-10-15,"As I said before, the first part was just a prologue to a big something in the making and here we go!     This is a well-crafted movie. 👌    **It goes without saying that the narrative is intersecting with a lot of islamic beliefs in a suspicious way; Lisan Al-Gaib, Muad’Dib, Mahdi, Fedaykin, the way of Sujud, women chadors and even the Atreides & Arrakis has something to do with the Maturidis & Iraq. If Edward Said still with us, he would have a lot to say!** I found that very unpleasant and that's why the rating."
525,Dune: Part Two,Science Fiction,2024,TkA,5,2026-07-30,"**Pretty much a waste - it's pop-garbage.**    Do yourself a favor and go watch the Dune mini series from 2000 and then the Children of dune mini series from 2003. More story, more substance. Unless you are concerned primarily with visuals of course, which is all this movie wins in. The two miniseries are a better depiction of the stories in the books, whereas this film is extremely empty and slow and boring.    Part 2 was pop-garbage, a rip off exploiting the story and other stories to change it completely, where it only expanded on its wasted opportunity of part 1 to make a complete waste of time. It's very difficult to recommend this film and its prequel for anything but 'nice visuals'."
526,Inside Out 2,Animation,2024,Hotplix,8,2024-06-06,"""Inside Out 2"" is a heartwarming and imaginative sequel that successfully builds on the emotional depth of its predecessor. Directed by Kelsey Mann, the film revisits Riley as she navigates the complexities of teenage life, with her emotions—Joy, Sadness, Anger, Fear, and Disgust—returning to guide her. The movie introduces new emotions, adding fresh dynamics and challenges. The animation is vibrant and expressive, capturing the nuanced portrayal of inner emotional worlds. With its clever storytelling, humor, and poignant moments, ""Inside Out 2"" resonates deeply with audiences, offering a thoughtful exploration of growing up and emotional resilience."
527,Inside Out 2,Animation,2024,CinemaSerf,6,2024-06-17,"I really quite enjoyed the first of these (2015) but I struggled a bit to stay engaged with the one. ""Riley"" is still happily coasting through family life until one day, she embarks on the yellow brick road that is puberty. Towit, her control gallery is no longer the purview of just her lifelong guides like ""Fear"", ""Joy"" and ""Anger"" - now she has also to deal with the likes of disgust, envy, boredom and worst of all - anxiety. It's maybe the latter that the film should be called as we now embark on quite a humourless swipe at the culture of validation that young people must navigate. It's all about being popular. Being liked. Being the best - in the ice hockey team. Old loyalties go under the bus in favour of new aspirations and yes, much of it does ring quite true as an evaluation of the fickleness in all of us. Thing is, though, there's just too much inevitability about what comes next and there's way too much incessant dialogue. ""Anger"" has some fun along the way, and there is the o"
528,Inside Out 2,Animation,2024,Chris Sawin,5,2024-06-18,_Inside Out 2_ is a harmless sequel that is fun for all ages but also absolutely unnecessary. The film recycles three-quarters of the original while introducing a quarter of new characters and ideas.    **Full review:** https://bit.ly/PixarClone
529,Inside Out 2,Animation,2024,heyitsmestoney,7,2024-06-22,This movie is not bad at all. they left to open to more movies and I am good with that they kids haven’t a good franchise since toy store movies so ya I hope they keep making them!!
530,Inside Out 2,Animation,2024,TheSceneSnobs,8,2024-07-09,"When I first heard about the sequel to Inside Out, I approached it with a mix of excitement and apprehension. The original film is a masterpiece, one of Pixar’s finest achievements, seamlessly blending humor, emotion, and a profound understanding of human psychology. Given Pixar’s recent uneven track record, I feared that the sequel might not live up to the high standards set by its predecessor. However, I am delighted to report that isn't the case here.    I can confidently say that Inside Out 2 is a worthy successor to the original. It almost reaches the same level of excellence, taking the story in a fresh direction with a new cast of characters that enrich the narrative.    The sequel introduces a beautifully nuanced character: Anxiety, portrayed by Maya Hawke. Hawke’s performance brings a sympathetic depth to the role, making Anxiety a character that audiences can relate to and care for. The character adds a layer of complexity to the story that resonates on multiple levels. Anxie"
531,Inside Out 2,Animation,2024,tmdb51103537,10,2026-03-08,"Inside Out 2 is one of the rare times where the sequel outdoes the original. Thanks to its improved animation, strong storytelling and themes about puberty, a large cast of memorable characters, and a wholesome bond between its main female human character, Riley, and her friends Bree, Grace, and Val, the movie is arguably the best sequel Pixar ever made and one of the greatest animated movies of all-time. I really hope we get a third one."
532,Moana 2,Adventure,2024,CinemaSerf,7,2024-11-30,"When ""Moana"" learns that the whole of Pacific Island society is under a curse from the powerful god ""Nalo"", she has to recruit a few faithful crew members and go seek out ""Maui"" before she can find the long lost and sunken island of ""Morefutu"". Once there, she hopes to break the malevolent force that has, for centuries, ensured that her people never manage to make contact with any others - despite her finding evidence that they did exist - somewhere, once upon a time! Of course there's ""Heihei"" the chicken and ""Pua"" the pig, but she's gonna need more help than that so up steps pin-up ""Moni"", the knife-wielding engineer ""Loto"" and the glass-half-empty farmer ""Keke"" and off they go. Loads of escapades await them as they again encounter their poisoned-dart firing coconut warriors - the ""Kakamora"", a giant clam and, of course, the winds and the seas as the mischievous ""Matangi"" and her army of bats tries to make life as difficult as they can. Luckily, ""Matangi"" has also had a run-in with """
533,Moana 2,Adventure,2024,andrewtislercinephile,10,2026-09-15,"A lot of people seem to hate this sequel for the sole reason it was retooled from a Disney+ series, but in my opinion, it made more sense to make it a movie versus a streaming service series, and I actually consider it to be an improvement over the first *Moana*. While it is shorter than the first movie, given the stakes, which involves a literal god of storms, a more rushed pacing fits the life or death situation being included. This movie retains all the core traits of the first movie-lush, beautiful visuals, respect for Polynesian culture, lighthearted tone and humor, fast-paced action, and great songs-all while darkening up the actual conflict and giving us one of Disney's most remorseless, powerful villains ever in Nalo. The movie also has strong character growth, especially between Moana and Maui, as their friendship is on full display in this sequel. I also really liked how they gave Moana her little sister, Simea, as it raised the stakes even further by having Moana risk her li"
534,Sonic the Hedgehog 3,Action,2024,CinemaSerf,6,2024-12-24,"So for fifty years, ""GUN"" have kept ""Shadow"" in a gloopy state of stasis deep underground in a top secret facility. All of a sudden he awakens, punches himself out of the place and that means that the director (Krysten Ritter) has to disrupt a family barbecue to engage the services of ""Team Sonic"". Our eponymous blue hedgehog, his best pals ""Tails"" and ""Knuckles"" have settled down to a peaceable life with ""Tom"" (James Marsden) and ""Maddie"" (Tika Sumpter) but realise they have to rise to the occasion so off they go. Imagine their shock, though, when they discover that their new super-fast and super-strong nemesis is another (not quite so blue) hedgehog! Who is he? What's going on? Why does he seem to loath mankind, so? Well that all becomes clear when his puppet-master turns out to be the grand-daddy of all baddies. The ultimate ""Robotnik"" - only with a slightly more rotund belly. Matched, even out-matched, it falls to our intrepid team to try and form an alliance of their own, but how"
535,Sonic the Hedgehog 3,Action,2024,Chandler Danier,8,2025-01-24,"Why didn't Knuckles fall when he traveled over the red tile? Otherwise it's a great world. All the other insanity makes sense. Come on, though. Cut some stuff.    I look forward to Carey in these. This one seems much more airplane than the others but honestly I don't remember anything at all from the previous films. Austin Powers. I was hoping the movie was ending at 1:12 and then so much more crap had to happen. Carey fight was great. Funny death. I skipped a lot at the end."
536,The Wild Robot,Family,2024,Brent Marchant,7,2024-10-09,"There are times in our lives when nearly all of us exceed the limits of our capabilities (and often quite unexpectedly at that). But that can be a tremendous blessing, especially when we’re confronted by circumstances where such aptitudes are called for. So it is for Roz (Lupita Nyong’o), a robot who inadvertently ends up stranded on a remote island when the vessel transporting her crashes without warning. Roz isn’t alone, though; she finds herself surrounded by a diverse array of forest animals who, curious though they might be, don’t quite know what to make of the mysterious metallic stranger. Meanwhile, the somewhat bewildered new arrival is out of her anticipated element, too, expecting to be in the company of humans for whom she’s been programmed to function as a domestic servant. However, the fundamental disconnect between these parties gradually dissipates as they each get to know one another, particularly when Roz needs to grow beyond her innate programming to overcome a series"
537,The Wild Robot,Family,2024,CinemaSerf,7,2024-10-20,"""Roz"" is pre-programmed to help. Whatever it is that needs doing, it is there to make it happen - even when it is wrecked on an island populated by animals whose main desire in life is to eat each other. At least the arrival of the ""monster"" manages to galvanise them into one brief moment of hostile unanimity and so when they are not trying to cannibalise it, they are shunning it's efforts to be friends. After spending a year learning their various languages, there follows a calamitous escapade with a nest, a chase with an hungry fox (""Fink"") and the creation of the most unlikely of family units charged with rearing a particularly timid little gosling whom they name ""Brightbill"". The scene is now set for some entertaining adventures as ""Roz"" has to teach her new-found charge how to eat, to swim and then ultimately to fly away so as to avoid the harsh winter. Each of those tasks comes with it's own hazards but maybe, just maybe, our little team can manage to get project ""Brightbill"" off"
538,The Wild Robot,Family,2024,Manuel São Bento,9,2024-10-27,"FULL SPOILER-FREE REVIEW @ https://movieswetextedabout.com/the-wild-robot-review-balancing-technology-and-nature-in-a-powerful-story-of-emotional-growth/    ""The Wild Robot offers much more than just immersive visuals, inspirational music, and diverse moments of pure entertainment - it's a deeply reflective story that tackles complex, relevant themes with a delicate balance of heart and humor. Through the robotic protagonist's journey of self-discovery, Chris Sanders explores the intersection of technology and nature, touching on topics like identity, empathy, and community, among others.    This thematic depth, combined with astonishing animation and an exceptional voice cast, makes Roz's adventure not only one of the most remarkable movies of the year but also an impactful study of coexistence, adaptation, and what it truly means to live in harmony with the world around us.""    Rating: A"
539,The Wild Robot,Family,2024,FerdinandoLM,9,2025-01-01,"I found myself cleaning my glasses multiple times throughout the movie—not because they were dirty, but because of the overwhelming emotional impact. Truly, this film brought tears to my eyes.    Without a doubt, this is one of the finest animated movies in years. DreamWorks has delivered a masterpiece that resonates deeply. It's impossible not to empathize with the story and characters as they unfold so brilliantly on screen. Prepare yourself for an emotional journey that hits like a ton of bricks.    The attention to detail is remarkable. I was particularly impressed by the animation style, especially the distinct visual approach tailored to some characters. This creative choice truly makes them shine and adds depth to the storytelling.    That said, not every scene felt essential. A few moments seemed like unnecessary attempts to inject action into a narrative that didn't need it. These segments, while visually engaging, slightly detracted from the overall flow of an otherwise excep"
540,The Wild Robot,Family,2024,r96sk,9,2025-07-13,"<em>'The Wild Robot'</em> is b-e-a-utiful. It all makes for a wholesome 102 minutes, which features not only an endearing story but also fair laughs and mighty heart - it hit me in the feels a fair few times. The animation is splendid, while the music and pacing are good factors too.    I did like the moments of relative darkness, in terms of a few jokes and bits that you wouldn't usually see in a flick of this type. As for the cast, Lupita Nyong'o, Pedro Pascal and Kit Connor are all ace, while the likes of Bill Nighy, Stephanie Hsu and Ving Rhames turn out to be solid supports.    There isn't much more to note, simply put: I enjoyed this. A film worthy of hype."
541,Avatar: Fire and Ash,Science Fiction,2025,Manuel São Bento,5,2025-12-18,"FULL SPOILER-FREE REVIEW @ https://movieswetextedabout.com/avatar-fire-and-ash-movie-review-james-cameron-finds-himself-between-technical-brilliance-and-creative-stagnation/    ""Avatar: Fire and Ash leaves me with mixed feelings of technical admiration and creative exhaustion. It's a film that lives off its scale, scope, and technical audacity but fails to take the step forward the narrative required to become memorable on its own merit.    Cinema cannot just be a technology demonstration; it needs characters whose journeys we feel as our own, themes that are explored in depth, and stories that aren't limited to repeating past successes. There are fascinating ideas here, from Neytiri's grief to Kiri's divine isolation and Varang's antagonistic beliefs, but they're lost under a cynical structure and unjustified plot decisions that make the experience truly frustrating. The lack of clarity about the fate of certain characters and the stagnation of some arcs make me fear that the next mov"
542,Avatar: Fire and Ash,Science Fiction,2025,Dean,5,2025-12-20,"I give it 5/10 because, this 5 stars are for technical side. Movie has amazing effects, especially if you're watching it in 3D. It's visually beautiful, however I'm not giving rest 5 stars because of its narrative and agenda. Movie portraits us - humankind as evil, conquering race and simply bad. Yes, sure, we humans made a lots of mistakes in the past and we're not perfect, but we're not that bad and we do a lot of great and kind things as well, but people in Hollywood (those liberals) want us to hate ourselves, to feel guilty, to say how bad we are. Those people who push this agenda, they're obssessed with self-hatred and humilation. They're the one who want to divide people. We even hear in movie how those tribal aliens are calling us ""pink-asses"" and how they hate us. I think we all know what's happening here folks, it's a same leftist narrative and their propaganda."
543,Avatar: Fire and Ash,Science Fiction,2025,goinmental-33,8,2025-12-25,"I thought overall is really good movie which I've come to expect from this series it takes you on a roller coaster ride of emotions. the cinematography and the graphics are exceptional and sometimes to leave you breathless and really makes you wonder if another world like that can really exist it kept me locked in even though it was a bit long-winded. I like the roles the daughter and son played making it more than just a basic war film, kind of a coming of age thing and gave it a little different twist that shakes your emotions up at times. Id definitely watch it again and recommend it. overall great movie you need to see it but take time to watch the first two before this one"
544,Avatar: Fire and Ash,Science Fiction,2025,CinemaSerf,7,2025-12-25,"I suppose when you tell us all in advance that this is only going to be part three of a franchise, we can’t be surprised when the story doesn’t really go anywhere. Well here there isn’t really much of a story at all, just an extension of the last outing with a denouement that almost exactly duplicates “The Way of Water” from 2022. “Jake” and “Neytiri” are having to come to terms with the aftermath of that battle, and she is having quite a bit of difficulty with “Spider” (Jack Champion) whom she would sooner just kill than have hanging about. Meantime, the warlike “Varang” - who could give Boudicca a run for her money, is leading her “Mangkwan” people on a quest to take over the place from the more peaceable elements of the ""Na’vi”. Finally, the avatar of colonel “Quaritch” is doing the bidding of general “Ardmore” (Edie Falco) whilst trying to reunite with his lad (“Spider”). Now Mr. Cameron clearly hasn’t made enough money from these to enable that young man to get some decent batteri"
545,Avatar: Fire and Ash,Science Fiction,2025,mutilator,8,2025-12-28,Liked the film. It was not to long and not to short. I wasn't boread at all. But I think it's just the previous film but with less water. There is nothing new in this film.
546,Avatar: Fire and Ash,Science Fiction,2025,Chloe Jones,9,2026-04-15,"I watched Avatar 3 time: Fire & Ash and I'm giving it a straight A+ 🔥      The visuals? Mind-blowing – Pandora has never looked this alive, every flame and wave feels real 😍      That ending left me speechless – emotional, epic, and perfectly sets up what's next      James Cameron did it again... this is why we go to the movies! 👏✨"
547,Avatar: Fire and Ash,Science Fiction,2025,Dark Jedi,5,2026-07-13,"The three stars out of 5 that I (barely) gave this movie is entirely due to the scenery, special effects and the action. The rest is meh, at best.    First of all, a lot of the movie is really a rehash of the second movie. Sure, they throw in the Ash People but the rest is to a large extent very similar. We’re back to the RDA hunting the Pandora version of whales again and of course the attitude of these “whalers” are so over the top and unrealistic that it really drags down the movie.    It was the usual big companies are bad stereotype taken to new levels. That rubbish is getting old Hollywood.    Second they bring back a lot of the really annoying people that I hoped was actually gone like the colonel, the idiotic manager and, worst of all, the dumbass “whaler”. All of them were just annoying and should have staid away as far as I am concerned. Lazy writing not being able to write in some (good) new baddies.    Well, there was one new baddie. The queen of the Ash People. To be hones"
548,Avatar: Fire and Ash,Science Fiction,2025,Dr Nostromo,8,2026-07-23,"78/100    Pretty much culminates in a 5 army war between the Omatikaya forest tribe & Metkayina reef tribe, the Tulkuns, the Ash tribe and the Sky People. At well over 3 hours long, I'm happy to say that the pacing was awesome and they did not waste a minute. Although there was obviously plenty of eye candy, focusing on the story, the individual drama, the politics and the rising war was a welcome change to just staring at a pretty screen. The action sets were fantastic and exciting and I loved every character in it. Finally, looking forward to more sequels. -- DrNostromo.com"
549,Avatar: Fire and Ash,Science Fiction,2025,"The Fixate & Binge Podcast, w/ Joe Curdy",5,2026-07-29,"Even Shakespeare's Polonius complained to Prince Hamlet that the traveling actors' Greek Tragedy speeches were too long -- and over four centuries later there is still something to be said about testing audience patience.    Cumulatively, audiences have had to sit through over 9-hours on James Cameron's Pandora in his **AVATAR** films -- with its mind-blowing special effects about the indigenous Na'vi trying to preserve their way of life from intergalactic colonialism hellbent on exploiting their resources.    This isn't quite as brutal as Leopold II's actual late 19th century subjugation of the Congolese during the Rubber Trade -- but the environmental messaging was made crystal clear in Cameron's not-so-subtle first film that grossed more than $2 billion at the box office.    2022's **WAY OF WATER** appropriated Maori culture and Pacific Islander teenage slang with its ""cuz"" and ""bro"" -- terms of endearment that Cameron expected his audience to accept as actual common Na'avi sobrique"
550,Dark Nuns,Horror,2025,Yohan Yukiya Sese Cuneta 사요한,6,2025-03-12,"The 2025 Korean supernatural film, «검은 수녀들» («Black Nuns»), is the sequel to the 2015 Korean supernatural movie, «검은 사제들» («Black Priests»). However, anyone who wants to start with the sequel has no need to watch the first as «검은 수녀들» («Black Nuns») is a standalone movie, and the two are almost identical in plots, twists, and execution.    NOTE: The things written below were made in comparison with the prequel «검은 사제들» («Black Priests»).    **¡SPOILER ALERT!**    ## The Good    1. They gave the demon more dialogue.  2. The things the demon said are more in line with what's in the Bible, and more direct.  3. They gave the possession more screen time.  4. Less on the supernatural and more on realism. (No silly roaches; no ""the demon finally started to use its power after it was caught"")  5. Handled well the issue of ""medical vs religion"" when it comes to demon possession.  6. Brought into focus how skeptics handle witnessing demon possession.  7. Balanced relationship between Roman Catho"
551,Dark Nuns,Horror,2025,MovieGuys,6,2025-05-23,"""Dark Nuns"" is a slow burn, demonic horror, thriller.     What works well in this film is the notion of taking on, what increasingly, looks like, insurmountable odds. This is no ordinary possession, its a  Duke of hell, one of Satan's most powerful generals. You get a real sense of the threat and dread presented by this powerful, timeless, evil spirit though its dialogue and its manipulation of people and the environment. Its not to be trifled with.    The concept of two nuns exorcising the heavy duty supernatural baddie as opposed to a priest, is novel too. Its cleverly handled, turning it into a macabre, almost maternal, drama.    What does not work so well the over long length, populated with drawn out asides and sub plots.These unnecessary distractions, water down the films key focus.    In summary, ""Dark Nuns"" would have worked considerably better if it had adhered more closely to its core story and not wandered off script, so to speak. Worth a look but still less than it could ha"
552,Dark Nuns,Horror,2025,patient1,7,2025-10-22,"We jumped right into a possession case, and it looked like the first team was in trouble and needed some serious help. Its the same old story, and the men can't see a woman's true worth simply because of her gender and at the folly of their ignorance.  There is something to be said of the way in which the storytelling is done in Korean films, and especially when battling the forces of evil, their faith feels so powerful and absolute that it's palpable."
553,Demon Slayer: Kimetsu no Yaiba Infinity Castle,Animation,2025,Jenny,10,2025-08-03,"🌟 10/10 – A Visual Masterpiece That Redefines Anime Cinema 🌟    Demon Slayer: Kimetsu no Yaiba – Infinity Castle is not just anime—it's an art form in motion. Ufotable has once again shattered expectations, delivering what is arguably the greatest animation ever seen in anime history. Every frame of Infinity Castle is a painting. Every battle is a symphony of light, color, movement, and emotion.    The sheer scale of the Infinity Castle arc is staggering. Shifting gravity, kaleidoscopic architecture, and relentless pacing pull you into a world that feels boundless and terrifying. And through this madness, the animators create visual clarity and storytelling precision that defy logic. The fights aren’t just flashy—they’re intimate, brutal, and deeply emotional. You feel every breath, every strike, every sacrifice.    Tanjiro, Zenitsu, Inosuke, and the Hashira face impossible odds with a sense of weight and urgency that grips your chest. Character moments hit harder than ever. The Upper"
554,Demon Slayer: Kimetsu no Yaiba Infinity Castle,Animation,2025,dumasori,7,2025-09-12,"Good but not extraordinary     I watched it yesterday, and movies like this deserve no less than an IMAX experience.    Having said that, I walked out with a mixed experience. I felt that they tried to squeeze too many side stories in one movie. In the first 2/3 of the movie, you keep going back and forth from fight scenes to side stories, which breaks the tempo. It was not well executed, and I would have preferred if they just finished one side story and then come back to the fight scenes to finish it. Also, many side stories were finished in rush, which did not add much context of emotions.    Overall, the actions sequences and sound effects were great. I think they have 2 more movies linked up to finale, and hope they conclude the story in a more meaningful way."
555,Demon Slayer: Kimetsu no Yaiba Infinity Castle,Animation,2025,CinemaSerf,7,2025-09-19,"This latest series of adventures sees “Tanjiro” and “Nezuko” drawn into the equivalent of an animated Escher drawing as both they and the Hashira have to face a formidable array of Upper Rank demons as they sink lower and lower into this perfectly detailed, fluid, abyss of a construction. With the ultimate battle against “Muzan” getting ever closer, they must first face the mighty “Akaza” who has not only a remarkable arsenal of quirks and skills, but also something hitherto unseen by our intrepid “Tanjiro” - bit how to defeat it? It’s a film that starts as we are used to, with end to end combat scenes but around the midway point, we flip the vinyl over and enter onto an altogether more informative path. We are being told of the tragedies that touched the life of “Akaza” before his demonic days. We learn of a time when he was capable of love and affection, but was in turn subject to the most heinous of betrayals that left his soul vulnerable to the temptations of a life where revenge o"
556,Demon Slayer: Kimetsu no Yaiba Infinity Castle,Animation,2025,Nick,9,2025-09-21,"Infinity Castle is a breathtaking kickoff to the final Demon Slayer saga, and it wastes no time plunging us into the chaos. The animation is jaw-dropping, with Ufotable pushing their craft to dizzying new heights—fluid battles, haunting visuals, and a sense of scale that makes every frame feel monumental. The pacing is relentless but never empty, balancing spectacle with raw emotion as Tanjiro and the Hashira face their darkest trials yet. While it’s clearly setting the stage for an epic trilogy (with 2027 and 2029 still looming), this first entry stands tall on its own—delivering both tragedy and triumph in equal measure. It ends not with closure, but with anticipation, leaving you desperate for what comes next. A near-perfect blend of heart and spectacle."
557,F1,Action,2025,JPV852,8,2025-06-27,"Entertaining sports drama featuring great racing sequences from director Joseph Kosinski, thrilling score by Hans Zimmer and fine performances by Brad Pitt and Javier Bardem. Not a fan of racing in general but this one was pretty solid. **4.0/5**"
558,F1,Action,2025,Anthony,8,2025-06-28,"A true blockbuster!  Although predictable, and a little long, the movie works from start to finish as Brad Pitt brings major star power."
559,F1,Action,2025,Manuel São Bento,8,2025-06-30,"FULL SPOILER-FREE REVIEW @ https://talkingfilms.net/f1-review-a-high-octane-triumph-of-technical-filmmaking/    ""F1 is a technical and sensory triumph, a cinematic rollercoaster that throws viewers right into the heart of the action with rare intensity.    Despite some narrative stumbles and a familiar structure, Joseph Kosinski's creatively bold and technically dazzling vision, Hans Zimmer's electrifying score, and a fully committed cast turn this blockbuster into one of the most exhilarating, high-energy experiences of the year.    Whether you're a diehard fan or just a curious spectator, this movie races straight into the heart of spectacle cinema - with style, tension, and, of course, a whole lot of speed.""    Rating: A-"
560,F1,Action,2025,sandros,10,2025-06-30,"There is no need to say a lot about the movie, it was very very very nice. If you don't care about F1 but just casually like any competition just give it a go. It is really hard for me to watch a longer video without doing something else too but I watched the entire length of this movie without thinking anything about doing something else or eat or touching my phone. Some more thoughts if you already watched the movie and just want to read things others say but you really should not care about: could it have been better? yes, i missed more info about certain events or characters. not much more, but just a little bit more. the ending? perfect. I expected something else then it still delivered. I don't really know how to say this but you can feel proud watching this, the entire way through the movie. There is nothing to really cringe about and I really appreciate this. This alone makes this movie in the top for me. A lot of new and relatively new movies (especially drama, fantasy, super"
561,F1,Action,2025,CinemaSerf,7,2025-07-02,"With Sir Lewis Hamilton and F1 media veteran Ian Holmes amongst those at the helm of this production, you can be certain that it’s going to be as an authentic story of all things F1 (can’t be bothered finding the trademark symbol) as you’re ever likely to see. It’s all about team “Ruben” (Javier Bardem) whose cars couldn’t beat an egg and so is looking at ending up broke! His remaining driver is British rookie “Joshua” (Damson Idris) but he’s nowhere near experienced enough to make any impact on the problem. For that, he needs to coax back “Sonny” (Brad Pitt) who did drive these cars twenty years ago but hung up his helmet after an accident and then became an itinerant driver eking a living across the USA. Can he be tempted? Well we’d have no film if he wasn’t so the next question is: can he manage to salvage this operation before it’s sold for scrap? True to form with this sport, what now ensues sees all the glitz and glamour of circuits around the world; money no object cars, trainin"
562,F1,Action,2025,Horseface,7,2025-08-29,"I am so glad I'm F1 illiterate.    Even though I know basically nothing about this sport, I can still feel how unrealistic everything is. The opening scene had me going, ""Yeah right. Calm down already.""     But really, it doesn't matter. This has the hallmarks of producer Jerry Bruckheimer, it's dumb and it's fun. It has to be somewhat dumb to be this much fun. Everytime there was a reference made to the '90s, I couldn't help but think that that, too, was Jerry's hayday. Con Air anyone? The Rock?     It's everything that we miss from the ideology-laden racist and sexist pedantic sub-AI-level slop that Hollywood churns out these days, and it's kinda ironic that we're getting it from woke Apple. But I'm not complaining.    Watching this I had flashbacks to Top Gun Maverick, which was also such a breath of uncomplicated popcorn-throwing fresh air, and lo and behold this is from the same director.    Absolutely worth a watch, possibly infuriating if you're not motorsport illiterate."
563,F1,Action,2025,Noah Hart,10,2025-09-30,"Film is great. Top notch acting from all actors. Captures the essence of just how much dedication is need for the sport and how thrilling, exciting and also dangerous the sport is. Would recommend, 5 Stars!"
564,F1,Action,2025,Brent Marchant,6,2025-12-27,"I could beat around the bush about this one, but I won’t: If you’re looking for innocuous, mindless entertainment lacking in substance and riddled with clichés and implausibilities, all supported by admittedly impressive action-adventure cinematography, then this is the movie for you. Writer-director Joseph Kosinski has yet again created a picture that’s the perfect choice for those times when you just want to kick back, turn your brain off and let your consciousness be nurtured on a mind-numbing visual pacifier for a few hours (although, in this case, those “few hours” may go on a little long even for those most accustomed to absorbing this kind of cinematic fare). Essentially “F1” is a shallow dive into the world of Formula One auto racing with cookie-cutter characters playing out narrative expectations that we have seen countless times before, especially in the world of sports movies: an aging veteran who never attained the success he wanted seeks redemption late in his career (Brad"
565,F1,Action,2025,Joogle83,8,2026-07-20,"A Fantastic Encore from Joseph Kosinski - A Love Letter to Speed and Storytelling""Plan C is For Combat"" -Sonny Hayes Watched F1:T With Brad Pitt(Ad Astra) as Sonny Hayes, Damson Idris(Outside The Wire) as Joshua Pearce aka JP, Kerry Condon(Rome,Star Wars:Skeleton Crew) as Kate McKenna, Javier Bardem(Dune Part 2) as Ruben Cervantes, Tobias Menzies(The Way Up) as Peter Banning, Shea Wigham(Kong :Skull Island, Mission:Impossible-The Final Reckoning) as Chip Hart , Kim Bodina(Killing Eve) as Kasper Smilonski, Sarah Niles(Viewpoint) as Bernadette Pearce, Will Merrick(Barbie) as Hugh Nickleby , Callie Cooke(Doctor Who) as Jodie and Abdul Sallis (Mufasa:The Lion King) as Dodge Dowda.After Top Gun: Maverick (2022), I was eager to see what Joseph Kosinski would deliver next-and he did not miss. This film is an incredible encore, echoing the heart and intensity of Maverick, but swapping the fighter jets for the raw, visceral thrill of Grand Prix **** dynamic between Sonny Hayes and his younger t"
566,Jurassic World Rebirth,Science Fiction,2025,griggs79,5,2025-06-25,"_Jurassic World Rebirth_ tries to revive the magic but mostly goes through the motions. The dinosaurs look fine, but the sense of wonder’s long gone. The plot recycles old beats—corporate greed, a betrayal, someone shouting “Run!”—while new characters feel like action figures with catchphrases. A few set pieces land, and it’s refreshing to see a Hispanic family in the lead, even if they feel a bit gimmicky. It’s not bad, just safe. If you want thrills, it delivers. Just don’t expect awe."
567,Jurassic World Rebirth,Science Fiction,2025,Manuel São Bento,5,2025-06-30,"FULL SPOILER-FREE REVIEW @ https://fandomwire.com/jurassic-world-rebirth-review/    ""Jurassic World Rebirth ends up reflecting the franchise's current state. A visually competent product, with talent in front of and behind the camera, but lost in its lack of purpose and narrative ambition.    The cast is excellent, but the characters are hollow. The dinosaurs are still impressive, but their presence no longer holds the same weight. And the themes - once so rich and provocative - have been replaced by modern dilemmas that, while valid, don't truly belong in this universe.    Maybe it's time to accept that life does, indeed, find a way - but that way isn't always through continuation. Sometimes, the best thing we can do… is let go.""    Rating: C+"
568,Jurassic World Rebirth,Science Fiction,2025,MovieGuys,5,2025-07-04,"""Jurassic World Rebirth"" proves, yet again, how fossilised this franchise has become.    The ossification of fresh ideas is glaring, with a tedious, formulaic story, a lack of narrative depth and equally shallow characterisations.Expositions competently done but in isolation, that's not saying much.     In short, this is a superficially polished but nonetheless lazy effort, that adds nothing of value to a creatively exhausted franchise.     In summary, an unoriginal, uninspiring, generally a lazy effort, that moves this franchise ever closer, to cinematic extinction."
569,Jurassic World Rebirth,Science Fiction,2025,JPV852,5,2025-07-04,"Eh, sure better than the last couple outings but also pretty forgettable. Nice everyone involved, including Scarlett Johansson, director Gareth Edwards and the screenwriter David Koepp, got a paycheck but can't say I'll remember this one come next week. Most positive thing I have to say is it doesn't overstay its welcome as it is under two hours when you take out the credits. **2.75/5**"
570,Jurassic World Rebirth,Science Fiction,2025,Brent Marchant,7,2025-07-06,"Sometimes movies have a way of surprising us in unexpectedly pleasant ways. And this latest installment in the “Jurassic” franchise is just such a case. Admittedly, I had more than a few reservations going into this one; I couldn’t help but think that this was a cinematic commodity that had run its course, that it was essentially out of gas to offer anything new of genuine value, and, to a certain degree, that’s true, at least where originality is concerned. However, despite the picture’s expected plunge into familiar territory, director Gareth Edwards’s latest feature offering is nevertheless highly entertaining, even if not particularly groundbreaking. Perhaps that rests with the fact that this is arguably the most Spielbergian installment in the series, in many ways reflective of the iconic production that launched the franchise in 1993. In yet another story involving self-serving agenda-driven characters placing themselves in tremendous peril by venturing into a world of dangerous,"
571,Jurassic World Rebirth,Science Fiction,2025,CinemaSerf,6,2025-07-09,"Well at least there is one scene where huge great dinosaurs walk, accompanied by John Williams’s original theme, to remember - but otherwise this is a really disappointing video-game of a film that offers us nothing at all that the Jurassic franchise hasn’t already. By now, these great creatures have largely been taken care of by Mother Nature and have been reduced to living in small groups in equatorial zones around the world where they just want to be left alone to eat and be eaten, protected from a humanity which is “expressly” prohibited from going there. The grasping “Krebs” (Rupert Friend - Orlando Bloom must have been busy) has a plan to cure heart disease and so recruits special ops veteran “Zora” (Scarlett Johansson) to help him secure the living DNA from three of the greatest of these creatures. They wouldn’t know one if they saw one though, so have to convince the nerdy scientist “Loomis” (Jonathan Bailey) to accompany them and their local fixer “Kincaid” (Mahershala Ali) an"
572,Jurassic World Rebirth,Science Fiction,2025,Chris Sawin,1,2025-07-26,"17 years ago, a group of scientists got the bright idea to mutate dinosaurs. One of those mutations was a Distortus Rex, a Tyrannosaur mutation, also known as the D-Rex. Thanks to a Snickers wrapper, the D-Rex escapes, causing the facility to be shut down.    In the present day, five years after the events of Jurassic World: Dominion, dinosaurs are dying out and can no longer survive Earth’s environment. However, closer to the equator, the tropical atmosphere allows them to flourish. ParkerGenix, a pharmaceutical company, wants to manufacture a drug capable of preventing coronary heart disease. But they need to extract blood samples from three of the largest living dinosaurs: Mosasaurus (water), Titanosaurus (land), and Quetzalcoatlus (sky).    So a group of covert operatives decides to travel illegally to Ile Saint-Hubert to retrieve the samples, where they’ll most likely face certain death and where the D-Rex now roams free.    Jurassic World Rebirth is a lot like smashing the first"
573,Jurassic World Rebirth,Science Fiction,2025,Jenny,8,2025-08-03,"🌟 8/10 – A Thrilling Ride, But Lacking Depth    Jurassic World delivers on the action and spectacle, with thrilling dinosaur chases and jaw-dropping visuals that keep you on the edge of your seat. However, it feels more like a reboot than a reinvention, relying heavily on nostalgia and familiar tropes. The plot lacks the depth and intrigue of the original Jurassic Park, and some character arcs feel a bit underdeveloped. Still, if you're a fan of dino mayhem, it’s a fun, visually impressive ride that’s hard to resist."
574,Jurassic World Rebirth,Science Fiction,2025,patient1,7,2025-10-31,"I do enjoy the interaction between our characters and the dinosaurs, and it's quite fun to watch the drama unfold. I will admit, though, I do enjoy the commradarie and levity in the face of unknown danger and terrifying situations.   The Jurassic Universe still knows how to engage you with having emotions for the characters, as the many horrorific events are unfolding."
575,Jurassic World Rebirth,Science Fiction,2025,Wuchak,6,2025-11-18,"**_More of the same, just with ScarJo and mutated dinos_**    Shot in the summer of 2024, this is the seventh film in the Jurassic Park franchise, which borrows from the iconic first film, but there are also bits reminiscent of the Pteranodon scenes in “Jurassic Park III.” While the Quetzalcoatlus is similar to the Pteranodon in that third part, its wingspan is twice as long, and the creature is over four times heavier.    If you want the horror of colossal creature attacks and jungle adventure in the mold of the King Kong flicks, the movie delivers. ScarJo is a plus, but I prefer curvy Bryce Dallas Howard from the previous three films. My favorite in the series is the compelling “Jurassic World: Fallen Kingdom” from 2018 due to Bryce, the “Raiders of the Lost Ark” vibe, and the cool, gothic chateau in Northern California.    Unfortunately, at 2 hours, 13 minutes, it’s overlong by 30-40 minutes. The proceedings got tedious in a been-there, seen-that manner. Less is more for these kinds"
576,Jurassic World Rebirth,Science Fiction,2025,Dark Jedi,4,2025-12-08,"What a huge missed opportunity. It’s well known that Hollywood denizens are generally not the sharpest knifes around but it is still a disappointment when they give a fairly high budget movie, and a well known franchise as well, to some low IQ writer hack that just ruins it.    The dinosaurs and special effects related to the dinosaurs were actually quite good. I liked the visual aspects of the movie even if they took a bit too much liberties with reality/physics on some of them. Like the absurdly long tails of the Titanosaurs for example.    The story had the usual big-companies-are-bad clichés in it of course but it could have worked. It was not too bad but then Hollywood has been setting a pretty low standard for some time now.    However everything was so low IQ that it was unbelievable and effectively ruined the movie.    Already at the start it was just what the f…? If ignore the pure nonsense of someone actually eating candy bars in a hazmat suit the ide that a candy wrapper can"
577,Jurassic World Rebirth,Science Fiction,2025,kevin2019,8,2025-12-28,"""Jurassic World: Rebirth"" looks absolutely astonishing. The locations are amazing, the photography is luscious throughout, and it is an ideal slice of exhilarating entertainment which is effortlessly diverting. It borrows like crazy from various other films - it actually begins to resemble a 50th anniversary tribute to ""Jaws"" (1975) at one point (and yes, they definitely do need a bigger boat this time) - and it is only genuinely imaginative when it comes to the dependably excellent action scenes which come thick and fast this time around - so fast, in fact, that you barely have time to draw breath. The whole film is an exemplary example of a popcorn movie and you will just want to sit back and enjoy the thrilling spectacle of it all."
578,Jurassic World Rebirth,Science Fiction,2025,daniel_carr,4,2026-01-25,"Well the start of the movies was better than the last one! But yikes, relying on the graphics again the story was sadly lacking and to have 2 families that had nothing to do with each other was just another example of how writers have lost the plot in Hollywood lately. The previous movie at least tied the two groups together quiet well having the old and new people relating to the story even though they only connected later in the movie."
579,Jurassic World Rebirth,Science Fiction,2025,Animal_King,3,2026-05-31,"This movie has almost nothing to do with the franchise, You could have just made it it's own movie and it's just that a hidden island lab used to make dinosaurs or something.    But more to the point the plot is dumb, they need to get dinosaurs DNA to help... with heart conditions? What medicine would you create from reptile DNA that would help mammal heart diseases?    What even worse is the whole B story with the family, literally add nothing to the story except that we are suppose to care about them not dying? Despite never really getting to know their characters, I also hated the reason they are supposed to be upset at the 'bad guy' of the movie. What he didn't save her from falling off the boat when the railing broke off? While getting attacked. No one helped/ or cared when the coworker was yoinked off a few moments earlier. But somehow it's this guys fault he didn't run out onto the deck and somehow pull her back up without falling in?    Also I hated the little dinosaur the litt"
580,Jurassic World Rebirth,Science Fiction,2025,Joogle83,7,2026-07-21,"Watched Jurassic World Rebirth With Scarlett Johansson(Asteroid City)  as  Zora Bennett , Jonathan Bailey (Wicked) as Dr.Henry Loomis, Mahersala Ali (MoonlightAlita Battle Angel)   as Duncan Kincaid, Rupert Friend(Obi-Wan Kenobi) as Martin Krebs,  Manuel Garcia-Ruflo(The Magnifcent Seven)  as Ruben Delgaldo, Luna Blaise(Manifest) as Teresa Delgaldo  , David Iocono(Dead Boy Detectives) as Xavier Dobbs, Audrina Miranda as Isabela Delgado,  and Ed Skrein(Deadpool ,Rebel Moon Parts 1 & 2) as Bobby Atwater.   .I loved it. Does it beat the original? No—but it absolutely holds its own. It’s right up there with The Lost World and Jurassic Park III. For the first time in years, it was clunky at times but  I still felt that same mix of awe and terror the franchise was built on. Bailey and Johansson bring real heart and weight to the story, grounding the chaos with solid performances. And the dinosaurs? Genuinely scary again—especially the T-Rex and D-Rex. It’s a thrilling ride that reminds you w"
581,KPop Demon Hunters,Fantasy,2025,Sejian,7,2025-06-24,"I enjoyed this movie, but boy do I have issues with the storytelling and the glamorizing of K-pop idols' lives.    SPOILERS AHEAD:    1. Rumi was born part-demon, right? Her mother was a demon hunter and her father was a demon, which implies that not all demons are evil, right? Yes? No? We are never told how Rumi's mother died and we are never told what happened to Rumi's father, but I highly doubt that Rumi's mother was tricked into a relationship by a demon long enough to have a child.  2. All demons are supposed to be banished when the Honmoon is sealed, so how the heck is the cat and the crow still there, also, why do we even have a demon cat and crow? They're cute, but what are they? Are there ""true demons"" like Gwi-Ma, the cat and the crow, and ""enslaved demons"" like Jinu and his boy band?  3. Gwi-Ma enslaves other demons and practically tortures them with their shame for all eternity and we end the movie by permanently trapping them all in the demon realm with him? Really? Even"
582,KPop Demon Hunters,Fantasy,2025,MustachedMovieMan,9,2025-08-11,"I don't want to say anything because I don't want to create expectations and this is one of those films where I'd recommend going in as blind as possible.     – But don't sleep on this movie!    Even if nothing about the premise of this movie appeals to you, I would still say it's worth watching."
583,KPop Demon Hunters,Fantasy,2025,Nick,8,2025-08-17,Jinu can Soda Pop me inside out any day of the week.
584,KPop Demon Hunters,Fantasy,2025,tmdb51103537,10,2026-02-22,"This might be my new favorite Sony Pictures Animation movie ever!!!!!!!!!!! KPop Demon Hunters excels from start to finish in every facet, including its animation, music, characters, and story. Sony is definitely showing us, ""how it's done, done, done""."
585,KPop Demon Hunters,Fantasy,2025,CinemaSerf,6,2026-06-15,"OK, so I really am not the demographic - by about forty-five years - for this, but once it got going I didn't hate it! It's all about the ""Huntrix"" - a group of feisty girls whose adoring fans don't realise that they have a double-indentity. By day they are the pop stars with millions of screaming fans - but by night they are fearsome demon hunters. Tired of their successes on both fronts, the demons decide it is time to fight back and so craft an ultimate in manufactured boy bands that might impress even Simon Cowell. ""Saja Boys"" are handsome, floppy haired and extremely skinny boy-next-door types who take social media by storm. They have a more sinister agenda, though, and their leader ""Jinu"" sets his sights on the mentally compromised ""Rumi"" - a woman with quite a secret of of her own - as as way to undermine and defeat the ""Huntrix"" once and for all. As he hones in on his target, we discover that he too has issues - dare one even say ""demons"" - he even has his own lament, so is the"
586,KPop Demon Hunters,Fantasy,2025,Joogle83,8,2026-07-21,"Sony Animation Strikes Gold with a K-Pop-Inspired Blend of Myth, Music, and MagicWatched KPop: Demon Hunters With  Arden Cho(Teen Wolf)  as  Rumi , May Hong (Hacks) as Mira, Ji-Young Yoo(Freaky Tales)   as Zoey, Ahn Hyo-seop(Business Porppsal) as Jinu,  Yunjin Kim(Lost)  as Celine, Joel Kim Booster(Fire Island) as Romance Saja , Alan Lee(Killing Eve) as Mystery Saja, SungWon Cho(God Of War Ragnarok) as Abs Saja, Daniel Dae Kim(Raya The Last Dragon) as Healer Han, Ken Joeng(Community, The Hangover Trilogy) as  Bobby and Lee Byung-hun (Squid Game) as Gwi-ma.   as well incorporated real Divas Ejae,Audrey Nuna and Rei Ami.   I really enjoyed the film — the trio of Huntrix members, Rumi, Mira, and Zoey, were fantastic! I especially loved the underlying theme that fame is often a facade. Zoey was my favorite — her bubbly personality was so infectious. I also really dug the supernatural elements, particularly Rumi literally battling her inner demons while serving as Earth's protector. Mira’s"
587,KPop Demon Hunters,Fantasy,2025,WilhelmVO,3,2026-07-25,"K-Pop Demon Hunters was recommended to me but I am very disappointed. The movie starts and the first thing I see is what looks like AI generated visuals touched up by humans. Not saying that's what it is or isn't, that's what it looks like. Soulless. Next thing I hear is ""this person comes from the United States""... and I was like wait... all the voices are in American English so what are you talking about? I notice every character looks asian but they speak (American) English and everything about them and about the world, the writing, the characters, the story, everything just oozes American. Sure, you can point out that the voice actors all have Korean heritage as well as most working on this film but that doesn't change that what I see and hear on my tv doesn't feel in any way authentically Korean. That's it's written and directed by a woman of Korean descent doesn't change that this is an American production through and through. If this was made in Korea it would have Korean voices"
588,KPop Demon Hunters,Fantasy,2025,Valeria Hoshimiya,10,2026-09-06,It was amazing!! I watched this movie last year and the plot is great and the songs too!! I rlly like how the animation looks and I the umm Huntrix girls defeated the Saja boys at the end of the movie. Pls I recommend this!!
589,Mission: Impossible - The Final Reckoning,Action,2025,amarendra,3,2025-05-21,"The best thing about Mission Impossible films is you watched one - you watched all; and you watched all - you watched one.    It's a typical mindless mild entertainment Mission Impossible film - that is all there to this film. Nothing else, nothing more, nothing less.    PS. Oh and there's no story in it worth writing home about, at all!"
590,Mission: Impossible - The Final Reckoning,Action,2025,Manuel São Bento,8,2025-05-23,"FULL SPOILER-FREE REVIEW @ https://www.firstshowing.net/2025/review-mi-final-reckoning-emotional-ambitious-conclusion/    ""Mission: Impossible - The Final Reckoning may not be the best film in the franchise, but it's certainly a worthy, emotionally satisfying farewell.    Despite some pacing issues and an overreliance on exposition, Christopher McQuarrie and Tom Cruise triumph through their audiovisual spectacle, thematic strength, and unwavering commitment to the saga's legacy. If this truly is the end, then what a beautiful, heartfelt goodbye it is.    Thank you, Ethan Hunt. And thank you to everyone who made this mission possible.""    Rating: B+"
591,Mission: Impossible - The Final Reckoning,Action,2025,Brent Marchant,5,2025-05-25,"Whenever a film playing in theaters is introduced by one of the members of the picture’s creative team, it’s a safe bet that it doesn’t live up to its pre-release hype. (Indeed, in all the years I’ve watched movies theatrically, that’s been the case every time with just two exceptions.) And, regrettably, that’s very much the case in this final installment in this long-running franchise. To put it simply, “Mission: Impossible – The Final Reckoning” is an offering with a lot of problems, the biggest of which being the decision to split the story into two parts in the first place. As it stands, the narrative could have easily been condensed down to a single release. But, if the producers truly wanted to make two films to close out the franchise, they could have readily done so by making two distinct stand-alone pictures instead of trying to tie this offering to its predecessor, “Mission: Impossible – Dead Reckoning, Part One” (2023), considering that the nexus between them is tepid at bes"
592,Mission: Impossible - The Final Reckoning,Action,2025,CinemaSerf,7,2025-05-29,"It might have been a good idea for Tom Cruise to have re-released the first part of this career retrospective a few weeks ago so we could be reminded of just what was in the submarine perched precariously on a subterranean ridge in the Arctic - because I had totally forgotten what happened last time around. Quickly, though, we are reminded that the entity (anyone see the “Forbin Project” from 1970?) is bent on seizing control of the world’s nuclear arsenals and using them to start a process of mutually assured destruction that will eradicate all life on Earth. Luckily “Ethan” (Cruise) has the magic key that might lead to humanity’s salvation, but he also needs the support of his erstwhile bosses, the President of the USA, an aircraft carrier and a nuclear submarine that actually works. Once we have waded through all the recaps the story kicks in with plenty of opportunity for our ingenious hero and his team - largely without Ving Rhames this time - to put together a series of cunning p"
593,Mission: Impossible - The Final Reckoning,Action,2025,JPV852,8,2025-05-31,"Solid entry (final?) of the franchise and while not the strongest in terms of plot (has the same issue that I had with Dead Reckoning), the stunt work (most notably the submarine and airplane sequences) were top notch. Probably wasn't in the budget but would've loved to had cameos of past IMF members. Oh, and the twist of one of the characters seemed a bit of a stretch and probably not what they had in mind when writing/filming MI:DR. **3.75/5**    I do wonder given the box office for this and MI:DR wasn't exactly stellar, at least not reaching the heights of previous entries, if they may try going the Paramount+ route with a TV series with Cruise making the occasional cameo, led maybe by Simon Pegg's Benji."
594,Mission: Impossible - The Final Reckoning,Action,2025,r96sk,8,2025-06-06,"<em>'Mission: Impossible – The Final Reckoning'</em> is up there for being the most I've enjoyed a M:I movie, it's certainly in the top four anyway. It probably is a touch overlong, though I can't say I ever felt bored through the 2hrs 50mins. It's packed with action, so no surprise.    Tom Cruise is, as we've seen across the prior seven installments, excellent in the role of Ethan Hunt. Those with him here are very good, but there's no doubt Cruise is the glue. Speaking of the rest, Ving Rhames gets a nice arc, while Hannah Waddingham and Tramell Tillman have good bits.    It was never* one of my favourite franchises, but I still enjoyed every entry of <em>'Mission: Impossible'</em> to a fairly high level; fwiw, I scored every release at 8/10 - a very consistent series, evidently. Happy I (belatedly) got to see one of 'em on the big screen too.    <i>*assuming this is the end - it probably isn't, knowing how studios tend to be but we'll see</i>"
595,Mission: Impossible - The Final Reckoning,Action,2025,Chandler Danier,4,2025-08-20,"How can we have a final reckoning when the last bit of the movie is dedicated to letting us know that Ethan Hunt is definitely still important and definitely will be back doing stuff. Give it up, Tom.    There are some bad CG effects in here. Unforgivable.    This movie is long and full of dumb shit that doesn't matter. Everyone knows everyone because Ethan is so good at being better than everyone but we need to know this through a bunch of flashbacks.  They had so much time, in fact, we get another bomb, another self sacrifice...wait...3 people sacrifice oh my god. 3 people we've never met and don't care about are going to die by the second bomb...everyone just clipping wires and removing nodes like it don't matter! Oh wait, everyone lives! Thank god. I'm glad that took about 30 minutes of movie run time. Now for 30 minutes of flying.       Don't think I just spoiled the movie. There are about 300 more minutes for you to experience!"
596,Mission: Impossible - The Final Reckoning,Action,2025,MovieGuys,5,2025-08-24,"Generally speaking I've enjoyed the ""Mission Impossible"" films. I believe Tom Cruise has shone in the lead role, with a range of adventurous, action packed stories, worth telling. Its regrettable then that I can't find anything overly positive to say about ""Mission Impossible: The Final Reckoning.""     I found the script for this film incoherent. From a storytelling perspective, it wanders about like a inebriated night clubber on a Saturday night. Its not helped either by a  weak core premise and villains who are, put simply, really none too interesting.    On the upside Cruise does his best and the action scenes are polished, as you would expected from a big budget film.    In summary, to my mind the least inspiring film, in the Mission Impossible franchise. Maybe its time it had its cinematic ""final reckoning"" and was shelved, for the foreseeable future."
597,Mission: Impossible - The Final Reckoning,Action,2025,jackmeat,7,2025-08-29,"My quick rating - 7.2/10. You’d think a 170-minute movie would have plenty of time to waste, but Mission: Impossible - The Final Reckoning sprints out of the gate and doesn’t look back. For something that clocks in at nearly three hours, it’s almost shocking how quickly it moves. The story is intricate, packed with moving parts, but still surprisingly easy to follow. Credit goes to the sharp editing that threads everything together without losing momentum. It’s clear the filmmakers wanted this to feel like the culmination of Ethan Hunt’s thirty-year journey, and in many ways, they pull it off—though maybe not quite as hard-hitting as one might expect from a grand finale.    Of course, the real selling point here is the action. Tom Cruise once again takes every opportunity to play Mr. Show-Off with his stunt work, and honestly, I’m not mad about it. Whether it’s leaping off impossible heights, riding vehicles where no sane person would, or holding his breath longer than a Navy SEAL, Cru"
598,Mission: Impossible - The Final Reckoning,Action,2025,Dr Nostromo,8,2026-01-24,"76/100    The race continues directly from the previous film and, overall, it's pretty much the same ...although this one did have a bit more of the M:I feel to it, even though some of the gimmicks they had to pull off were totally outlandish. The action continues to be the highlight and makes it all very exciting and entertaining despite it ofttimes going on way too long and stepping well beyond what is believable. But that's ok ...they purposely set out to make epic escapist entertainment which I think they pulled off exceedingly well. The emotional beats were awkward but still great fun. - DrNostromo.com"
599,Mission: Impossible - The Final Reckoning,Action,2025,Joogle83,8,2026-07-20,"While Slow Going and A Bit To Many Flashbacks Still Manages To Wrap Up The Series NicelyWatched Mission:Impossible-Dead Reckoning With Tom Cruise(Top Gun:Maverick) as Ethan Hunt , Hayley Atwell(Doctor Strange And The Multiverse Of Madness) as Grace, Simon Pegg(The Boys) as Benji Dunn, Pom Klementieff(Guardians Of The Galaxy Vol.3) as Paris, Greg Tarzan Davis(Good Trouble) as Degas, Shea Wigham(Kong :Skull Island) as Briggs , Katy O'Brian(The Mandalorian) as Kodiak, Hannah Waddington(The Fall Guy) as Admiral Neely , Nick Offerman(The Last Of Us HBO) as General Sidney , Esai Morales(Teen Titans) as Gabriel Martinellli and Angela Basset(Black Panther:Wakanda Forever) as Madame President Erika Sloane.I enjoyed it, even though it was slow at times and had a few too many character flashbacks. Glad it's the final installment. The plane and submarine stunts were insane-you really have to suspend disbelief, but they were excellent and thrilling. It wrapped up the Mission: Impossible story well."
600,Predator: Badlands,Action,2025,Manuel São Bento,7,2025-11-06,"FULL SPOILER-FREE REVIEW @ https://movieswetextedabout.com/predator-badlands-movie-review-dan-trachtenberg-earns-the-franchise-keys-by-flipping-the-hunt/    ""Predator: Badlands is an audacious exercise in reinvention that takes a risk and triumphs. The movie excels in every technical department, featuring a spectacle of creature design and sound work, and offering a new thematic vision for the saga's longevity.    Elle Fanning's superb performance and Dimitrius Schuster-Koloamatangi's powerful physicality ensure Dek's journey — the creature who forgoes the Yautja code of honor in search of a deeper, collective capability — won't leave anyone indifferent. If there were still doubts that Dan Trachtenberg deserves the keys to the franchise, they've been dissipated once again.    It leaves us with the important message that even in the most lethal and solitary of cultures, cooperation and compassion can be the most powerful forms of survival.""    Rating: B+"
601,Predator: Badlands,Action,2025,Chris Sawin,9,2025-11-11,"Predator: Badlands is the first Predator film since 2022’s Prey. It is also the second Predator-related media released this year. Hulu’s animated anthology film, Predator: Killer of Killers, is now streaming. All three titles were directed and/or written by Dan Trachtenberg.    Badlands follows Dek, a young Predator who yearns for his father's approval but struggles to escape the shadow of his bigger and older brother Kwei. Their father, viewing proud Yautja lineage as something reserved for only the strongest, sees Dek as weak and useless—wanting him dead to preserve the family’s honor. Dek’s perceived weakness, being the runt, drives both his father’s harsh stance and Dek’s desperate need to prove himself.    However, Kwei believes Dek deserves a chance to prove himself, hoping Dek can live up to his family's legacy. Predators choose their prey. Dek, eager to earn his father's respect and prove he’s not only a worthy warrior but also superior, selects Genna—a planet with a low surviv"
602,Predator: Badlands,Action,2025,CinemaSerf,6,2025-11-20,"“Dek” is the runt of the “Yautja” clan so his militaristic father has asked his elder brother “Kwei” to get rid of him. Luckily, his brother isn’t so brutal and so with an impossible task on his hands to prove his worth, “Dek” manages to escape to a planet where he seeks to make a trophy from the menacing “Kalisk”. Thing is, this place is riddled with all sorts of flesh-eating monsters and plants so his own survival chances aren’t especially high until he encounters the top half of synthetic “Thia” (Elle Fanning) who is quite hot on keeping him alive and who agrees to work with him to achieve his task. It turns out, though, that she and her mission doppelgänger “Tessa” are on this world for a similar reason and him getting back home is not in their plans, let alone home with a creature that has impressive regenerative powers. What chance the young “Dek” can achieve his task, or perhaps even better - do something his tribe never do and learn to cooperate and maybe even make friends? Now"
603,Predator: Badlands,Action,2025,Dave,8,2025-12-02,"> Director of his 3rd Predator project, I think…3 times a charm…Dan Trachtenburg , obviously understands Alien. I think he brought the “aliens” in Cameron style to this pg13  Disney +  friendly film. So maybe for a  newer audience that wants to understand and identify with the originals. Movies now get “universe” in comic book format is how we lay film work. New normal. So get with the program, ya hard-to-please Treky Boomers. If you watch Badlands with all things considered, you find it delivers well. The originators of Alien and sci-fi alike also started woke back then. The real kind . It was green peace hippie and comic book loving pc building movie magic “woke” nowadays, so it’s not hard to see how the concepts and themes in the Badlands plot and story and character developments blended and balanced together with high energy ramping up music score. Cyberpunk space synth composed like an opera complemented the vibe in place far, far away ; ). Excellent delivery execution with precis"
604,Predator: Badlands,Action,2025,MovieGuys,5,2026-01-08,"""Predator Soy Boy"" shows us all that no matter how wimpy you are, the power of diversity, equality and inclusion, is on your side. Biology be damned.    Suffice to say, this is a rather ridiculous take on the Predator universe. Weird looking Dik oops I mean Dek, is the wussiest of the predators. Dad who dresses like a demonic deer, wants to croak Dek, for this very reason. Of course, he could have done so in infancy, as the Spartans did, if this is the kind of society they inhabit. Anyway for no obvious reason he lets Dek hang around embarrassing him and because its such a hassle to do him in, gets his brother do the dirty, for him. Big brother refuses, dad goes full psycho and kills him, whilst Dek escapes, if that's the right word, to a hellish planet, to take on a creature all the tough, macho predators, are scared of.     You can see where this is going and it doesn't get better but then how could it? Its premise is downright silly, akin to Pee-Wee Herman, taking a starring role in"
605,Predator: Badlands,Action,2025,daniel_carr,6,2026-01-27,"I thought it was a great idea, telling the story of the Predators and their culture! In fact I was hoping for more of that from when ""Predators"" came out. Loved how they tied it in with the ""Alien"" franchise also loved that when they first did it with AVP. But there were a few niggles that killed it for me. Firstly, reading subtitles for too long that really isn't necessary especially when they had a synthetic speaking English anyway, like hello. The idea of Predator has always been the hunt is everything so I can forgive what they did here it was creative but again the story felt off like they were not sure of who the bad guy was. Nice try good ideas just seemed unpolished."
606,Predator: Badlands,Action,2025,Sejian,8,2026-02-01,"""What time is it? It's !@#$% r@ping time!""    Wrong movie in the franchise, I know, but I can't help it. I like me some Walton Goggins!    I really like this movie for finally giving us a different perspective.    I was concerned that this movie would irritate me after Prey (2022)'s ending irritated me, but I was pleasantly surprised, and I am now looking forward to the next entry from this director. I hope he doesn't !@#$ it up somehow.    **MINOR SPOILERS AHEAD:**    Dek, Thia, and Bud, join Dutch, as my favorite characters in this franchise.    Bud is just absolutely adorable throughout the movie. My favorite Bud scenes are:  1. Dek and Thia's first meeting with Bud.  2. Bud mimicking Dek by the fire.  3. Bud waving the severed arm.    Badlands (2025) joins Predator (1987) and Predators (2010) as my favorite movies in the franchise:  1. Predator (1987), Predators (2010), Badlands (2025)  2. Killer of Killers (2025)  3. Prey (2022) -- Should have extended the final fight instead of m"
607,Predator: Badlands,Action,2025,Dean,10,2026-02-15,"Predator: Badlands is a masterclass in subverting expectations while staying fiercely loyal to the primal roots of the franchise. By shifting the narrative lens directly onto the Predator, the film achieves a level of intimacy and world-building we have never experienced in previous installments. It is a bold, visionary move that transforms the iconic hunter from a mere slasher-movie monster into a complex, nuanced protagonist. The storytelling is exceptionally tight, managing to balance the brutal, high-stakes action the series is known for with surprising moments of humor that feel organic rather than forced. Seeing the world through the Predator's perspective adds a layer of tactical depth and alien wonder that makes every hunt feel fresh and earned. The technical execution is flawless, with breathtaking visuals that satisfy the need for high-end spectacle and a story that carries genuine emotional weight. The ending is a particular standout, delivering a powerful and resonant concl"
608,Predator: Badlands,Action,2025,GenerationofSwine,1,2026-02-18,"LOL...I mean, serously.  What is the term the braindead woke zombie goose stepping morons use everytime they trash an IP? Subverting expectations?  Something like that?  Well, they did it again.  Once more they subverted audiance expetations by making a predator movie that's not a predator movie, which, honestly, isn't very shocking.  The last thing Hollywood wants to do at the moment is give the audiance what they want and deliver a Predator movie when they pay to see a Predator movie.    But, whatever, it pushes **_THE MESSAGE_**, which makes it the exact same movie as basically every movie since 2016... and, unfortunately, they FAILED to subvert expectations there.  We knew it was going to be woke trash and they gave us woke trash."
609,Predator: Badlands,Action,2025,Sierbahnn,7,2026-06-01,"This is how you build  That Predator and Alien are part of the same shared universe is a thing since the Dark Horse Comics books in the 90s, and there have been mentions here and there, but this is the first time we see how this integration of two intellectual properties can synergize well.    The story is decidedly predator-focused, with the ""human"" element mostly there as a point of view, but the vision is realized well, the effects, shot-composition, sound and directing works well, and the overall impression is really good. An absolute must for any fan of the predator-franchise."
610,Predator: Badlands,Action,2025,"The Fixate & Binge Podcast, w/ Joe Curdy",7,2026-07-29,"If you crossed the Brothers Grimm's classic 1819 short story ***The Bremen Town Musicians*** with a Klingon Warrior's rite of passage, and set that within the Predator universe -- you end up with writer and director Dan Trachtenberg's **PREDATOR: BADLANDS**.    One cannot argue that Trachtenberg, who is single-handedly ushering in a Predator renaissance beginning with his 2022 **PREY**, followed by this year's animated, gory actioner **PREDATOR: KILLER OF KILLERS** has [(which I reviewed here)](https://letterboxd.com/fixateandbinge/film/predator-killer-of-killers/) pulled off a brilliant Predator hat-trick for fans of the franchise.    In only three years Trachtenberg has brushed away over a decade of accumulated dust on a franchise that seemed destined for the dustbin of ignominious cinema oblivion (hastened, in large part, by those incongruous Alien matchups that tried, and failed, to follow the Universal Studios formula of Dracula versus Frankenstein, Wolf Man, etc) -- and has reint"
611,Superman,Science Fiction,2025,tmdb14343666,2,2025-07-07,"Superman (2025) aims high but ultimately falls flat. While it offers a few flashes of visual spectacle, the story feels disjointed and the pacing drags. Characters lack depth, and the emotional beats never quite land. It’s a disappointing entry that struggles to capture the magic fans expect. Sadly, it’s more forgettable than fantastic. 4/10."
612,Superman,Science Fiction,2025,JPV852,8,2025-07-11,"Just a fun time watching this iteration of Superman. David Corenswet and Rachel Brosnahan were absolutely wonderful together and Nicholas Hoult played a great Lex Luthor. Not perfect by any means, but a solid start to the DCU. This was a delightful time with crowd-pleasing moments. Also my first time watching a movie in one of those D-Box seats, pretty nice but don't need to do it again. **4.0/5**"
613,Superman,Science Fiction,2025,rssp55,7,2025-07-12,"Well, I enjoyed it.     The writing felt a bit all over the place but most of the jokes were on point, the action was very enjoyable, and I think giving Superman a more classic comic feel and less of the apocalyptic Snyder vibe was a good change.    Everyone here does a great job with the acting. Lois and Jimmy are, in my opinion, the standouts. Nicholas Hoult wasn't a great choice for Luthor, with his more manic energy. Personally, I enjoyed Hackman or Cryer's cold, cunning version more.     And, y'all, Krypto is in it. Finally we got a dog!    TLDR: It's good but not great. With that said, I still think you'll have a great time watching it. Also, DEFINITELY SEE IT IN 3D.        ***SPOILERS BELOW***    I have two complaints.     They give us two of Superman's coolest villains: Lex Luthor and Bizarro, but lame versions of both. I was expecting something on par with Iron Man vs Ironmonger circa 2008, but Lex never dons his suit. I was pretty sure the masked villain was Bizarro, and late"
614,Superman,Science Fiction,2025,Manuel São Bento,8,2025-07-12,"FULL SPOILER-FREE REVIEW @ https://talkingfilms.net/superman-review-james-gunn-gives-the-man-of-steel-a-soul/    ""Superman isn't perfect. It struggles with pacing, has too many characters, and offers some clunky narrative solutions. But as the official cinematic introduction to the new DCU, it succeeds where it matters most: establishing the central pillars of the saga, giving us a worthy protagonist, and showcasing a filmmaker with a clear vision.    David Corenswet is the Superman this generation needs: a symbol of kindness, hope, and - above all - conviction-led action. Rachel Brosnahan and Nicholas Hoult round out a high-quality central trio, and even with its flaws, it's hard not to leave the theater satisfied.    James Gunn delivers a clear statement of intent: DC's future is in good hands. Bring on the rest of Chapter One: Gods and Monsters. If this is the path forward, maybe - finally - DC can fly as high as its greatest hero.""    Rating: B+"
615,Superman,Science Fiction,2025,Brent Marchant,4,2025-07-13,"Considerable chatter has been devoted in recent years to the question of whether the movie industry is producing too many superhero/action-adventure films. Much of that talk has specifically focused on whether certain franchises/mythologies have been overdone. That’s particularly true where the “Superman” mythos is concerned, a body of work that has assumed multiple forms on TV and the big screen since the 1970s. And, after viewing this latest iteration involving this storied and much beloved character, I can’t help but concur with the opinion that the man from the planet Krypton needs to be given a serious rest for a while. In my opinion, what has been called the biggest disappointment of this summer’s blockbuster season is an assessment that’s, unfortunately, right on target. In short, writer-director James Gunn’s latest is a hot mess that strains viewer interest not long into its overlong 2:09:00 runtime (a duration that honestly feels even longer than the official tally) and never"
616,Superman,Science Fiction,2025,CrazyJekyll,6,2025-07-15,"First of all i would like to say that this isnt a bad movie by any means. In fact there's actually a lot to enjoy here and is easily the BEST live-action Superman movie since the Christopher Reeve era.    Corenswet as Superman/Clark is fucking amazing and the characterization of Supes would've been perfect if it weren't for that one plot twist (more on that later). I also like that thay made a point but its more on his ACTIONS that define who you are. Hoult is also spectacular, you can just feel his hate and anger and those nasty little evil smirks everytime he wins against our boy in blue. Rachel Brosnahan is also fucking perfect as Lois Lane and her interactions with not only Clark but also the Justice Gang is pure comic Lois. And to top it all of, the action, score, and visual imagery are all very much comic book-esque and just straight up fucking beautiful to see. (Mr Terrific and Metamorpho are both so good and entertaining).    BUT there is one big twist here that 90% of the gene"
617,Superman,Science Fiction,2025,r96sk,9,2025-07-18,"<em>'Superman'</em> is the best Supes film that I've seen - and I highly enjoyed 2013's <em>'Man of Steel'</em>, so that is actually saying something. I was surprised at how great this 2025 edition is, like at no point was I ever doubting what I was seeing - it's a fab 2hrs.    I had seen snippets from a few trailers for this and, in truth, wasn't really vibing with it back then. The lead actor seemed a bit underwhelming, the dialogue felt lousy and Lex Luthor came across over the top. I'm pleased to say, none of those things are true.    David Corenswet is an ace Superman, he fits the role to perfection. Again, I did like Henry Cavill's stint as the eponymous Kryptonian, though I do reckon Corenswet does ever so slightly outdo him. It's silly of me to even compare to be honest, given my appreciation for both.    For me, Nicholas Hoult is just as big a plus. This is the best of him I've seen, given I've never been fully convinced. Don't get me wrong, I've liked performances from him, b"
618,Superman,Science Fiction,2025,MovieGuys,7,2025-07-21,"Putting all else aside, James Gunn's ""Superman"" succeed's because it adopts a comfortably familiar, wholly ""likeable"", approach.    This film borrows heavily from the 70's Superman franchise. Its look, its feel, right down to costumes, harks back to that era. As does, the very simple, down to earth main character, capably played by  David Corenswet. I personally, could not but recall Christoper Reeve, in his performance.    This is Superman as he was mean't to be. No cynicism, no divisive woke politics, just a good guy doing his best. Its this innately appealing character and those around him, that make this film function. Because lets be honest, whilst its an entertaining romp, the script is, in my estimation ""chaotic"". Its literally all over the place, doing too many things at once. That said, if you view those scenes in isolation, a good portion, are both enjoyable and amusing. For example, Lex Luthor, getting his comeuppance, from Superman's cousins, kooky Superdog.     In summary,"
619,Superman,Science Fiction,2025,CinemaSerf,6,2025-07-23,"I know I’m swimming against the tide here, but I just didn’t really rate this. I suppose it was only a matter of time before “Superman” got dragged (literally) into the multiverse. This time it is the DC one that’s being used by the evil “Lex Luthor” (Nicholas Hoult) who has quite a grudge against our red-caped hero. That’s because “Soop” (David Corensweet) recently intervened in a war to assist a small agrarian nation from being invaded by it’s nasty militarised neighbour. With access to his enormous resources, “Luthor” manages to penetrate the secret Antarctic fortress of our well-meaning protector to find not only his deepest secrets but also to kidnap his energetic dog “Krypto” - thus luring his quarry into the aforementioned “pocket universe” where the ultimate super-max prison contains many whom the planet doesn’t know what do do with any more, and a few ex-girlfriends. What chance he can escape through a complex sequence of portals (think “Stargate”)? Well that is largely down t"
620,Superman,Science Fiction,2025,Chris Sawin,8,2025-07-26,"The version of Superman in James Gunn’s film differs from past film iterations of the character. In other films, Superman is a one-man powerhouse. He is the only one who can save the day, and there is no plan B if he happens to lose. Maybe other heroes exist in that cinematic universe, but a major team doesn’t come together until a later film, and those other heroes are busy keeping people safe in their neck of the woods.    In the 2025 version of Superman, the film begins with Superman losing for the first time. The story Gunn wants to tell is how Kal-El faces the challenge of not only losing, but continuing to lose nearly everything that he holds dear. Superman gets his ass kicked throughout the film and barely scrapes by in fights.    Superman reintroduces color to superhero films after what felt like an eternity of a more serious comic book movie era, where everything tried to be serious and washed out in color. Superman feels like opening an old issue of Action Comics or a Superma"
621,Superman,Science Fiction,2025,Atkins,4,2025-09-07,"I walked into Superman with cautious optimism. The cast is strong, and to be fair, not a single actor delivers a bad performance. The problem lies entirely behind the camera: James Gunn.    Once again, Gunn directs as if he only knows how to make one kind of movie. What we get doesn’t feel like a bold reinvention of the Man of Steel — it feels like the same film he’s been making for years, just with different costumes. In every one of his projects, he throws in monsters that look more like oversized pets than genuine threats, stripping away any sense of menace. And instead of focusing on iconic heroes that audiences actually care about, he leans on strange, second-rate characters — names like Mr. Terrific or Guy Gardner — that nobody outside comic-book diehards is interested in. This has been his trademark since Guardians of the Galaxy, when he first turned a group of unknowns into his personal playground.    Let’s be clear: there’s a difference between a director leaving his personal"
622,Superman,Science Fiction,2025,Chandler Danier,7,2025-09-12,"This is a fine vacuous way to spend your time. If you're upset that a Superman movie is just kind of trash, you are not a Superman movie fan.    I don't like that James Gunn is the voice of modern comics.    I do kind of like his humour.    Herzog warned them about the dog. Listen to Werner. He's on instagram now.    I'm on board for a Mr. Terrific feature."
623,Superman,Science Fiction,2025,Dr Nostromo,8,2025-11-12,"75/100    Classic Superman vs. Lex Luthor vehicle where Lex wants Superman dead. James Gunn comes through with a fun, ofttimes humorous and exciting version of Superman which is sorely needed after the string of far-too-serious entries in the previous DC lexicon. Dispensing with the origin story and already having Kent and Lois as an item and getting right to the story was gratefully appreciated ..we've been through it so many times before. The story is intriguing, the casting is brilliant, the characters are a riot and the action is top notch. We loved it! -- DrNostromo.com"
624,Superman,Science Fiction,2025,Jstewart2007,9,2026-01-14,"This is the Superman I've been wanting for a long time. If this is how the DC Universe is going to be, sign me up. All the castings were great, and the score was amazing."
625,Superman,Science Fiction,2025,RealZero,5,2026-03-07,"[This review contains spoilers!]    The movie, like its trailer, started off with interesting thoughts:  How does the existence of superheros influence politics? Can and should they be neutral? Do they represent countries?    An interesting topic one usually sees in darker superhero media.    Sadly, in the end this wasn't used very  much anymore once it was used to imprison Superman.    That aside, most of the movie was average superhero stuff for me, but sadly with few of the ""cool"" things other superhero movies go for.    The movie wasn't ""bad"". The fighting was actually quite cool, and so were some of the side-characters, or, more specifically, Mister Terrific and Green Lantern Guy Gardner.    The movie had two main problems for me:    First off, it wasn't funny. Now, listen, a movie doesn't HAVE to be funny. Thor certainly overdid it. But every time this movie tried, it...didn't work for me.  And Krypto as, as much as I like dogs, a silly gimmick just there for ""haha, silly animal"
626,Superman,Science Fiction,2025,Joogle83,9,2026-07-21,"James Gunn brought his signature sensibilities while capturing the magic of Superman '78, updated with a modern touch. The film had a wonderful Silver Age flair, just like the classic comics. David Corenswet, Nicholas Hoult, and Rachel Brosnahan all delivered outstanding performances — and Krypto was an absolute scene-stealer!While I haven’t always been a fan of Gunn’s more juvenile humor, here it felt like a breath of fresh air and actually worked well for Superman’s world. That said, I still prefer the look and tone of Man of Steel’s Krypton. If you enjoy Man of Steel more — more power to you. Personally, I still lean toward the heart and charm of the 1978 film, and this new one beautifully bridges the gap.With its success, I could definitely see this opening the door to a Flash Gordon remake — which makes me even more excited for what’s next.Rating: 9.1/10"
627,The Fantastic 4: First Steps,Science Fiction,2025,Manuel São Bento,7,2025-07-23,"FULL SPOILER-FREE REVIEW @ https://talkingfilms.net/the-fantastic-four-first-steps-review-marvels-first-family-finally-gets-the-film-it-deserves/    ""The Fantastic Four: First Steps not only introduces a team with the potential to lead the MCU's new era, but also establishes its own distinct identity: heartfelt, visually striking, and emotionally grounded.    Between Michael Giacchino's chilling score and the immersive retro-futuristic aesthetic - not to mention the undeniable chemistry among the four leads - there's a rare cohesion in this origin story, despite a few secondary issues.    The emotional weight in Vanessa Kirby's expressions, the intimate dilemmas faced by Pedro Pascal, and the vulnerability shown by Joseph Quinn and Ebon Moss-Bachrach reveal an uncommon care for human detail.    If these are the first steps, they're sure-footed - and full of soul.""    Rating: B+"
628,The Fantastic 4: First Steps,Science Fiction,2025,JPV852,8,2025-07-25,"Fun sci-fi fantasy that features a solid cast, good visual effects and okay enough story. Not great but well worth the price of admission. That said, can't say I have a desire to revisit for a long while. **3.75/5**"
629,The Fantastic 4: First Steps,Science Fiction,2025,CinemaSerf,7,2025-07-26,"Well good news, after ages and having given up trying “Sue” (Vanessa Kirby) and boffin “Reed” (Pedro Pascal) are going to have a bairn! This is great news for her brother “Johnny” (Joseph Quinn) and the stony fourth member of their gang “Ben” (Egon Moss-Bacharach). The news is greeted enthusiastically by their adoring fans too, but those celebrations are cut short when a mysterious woman descends from what looks like a meteor shower to forewarn them that their planet is doomed. Her (Julia Garner) boss “Galactus” (Ralph Ineson) is on his way, and he is hungry for not just some rare earths, but all of it! Blessed with their array of super-powers, the quartet embark in their warp-capable rocket to meet this chap and he offers them an alternative to global destruction. It’s one hell of a sacrifice for the would-be parents though, but with the fate of humanity hanging on their decision - what will they choose? Perhaps they can think of a scientific alternative? There is a slightly retro-loo"
630,The Fantastic 4: First Steps,Science Fiction,2025,Chris Sawin,8,2025-07-26,"Much of The Fantastic Four: First Steps is built around Reed Richards (Pedro Pascal) and Sue Storm (Vanessa Kirby) getting pregnant and having their child, Franklin. Everything seems to be built around baby proofing and preparing for someone new to enter their lives until The Silver Surfer (Julia Garner) arrives to let everyone know that an enormous cosmic being named Galactus plans to swing by and eat the entire planet.     The superhero film feels like a sci-fi film from the 1960s, which makes sense since Fantastic Four #1 debuted in 1961. Maybe it’s the bright colors or the fact that H.E.R.B.I.E. is featured so prominently, but the first half of the film feels like a multi-episode arc of The Jetsons.    Things are lighthearted and fairly silly until The Silver Surfer shows up. But The Fantastic Four and James Gunn’s Superman seem to be honoring the silver age of comic books, which is a welcome change for superhero films.      Oddly, the marketing makes it seem like the family bond a"
631,The Fantastic 4: First Steps,Science Fiction,2025,dumasori,7,2025-08-06,"**Not bad!!**    Because of the crap Marvel has been pumping overt the last decade, I went to watch this movie with very low hopes.    It was a surprising experience that the movie turned out to be pretty OK. Storyline is not too complicated. It is a simple predictable story without too much twisted plots or surprises. Nonetheless, the storytelling is captivating and you don’t realize how the 1:30 hr passed. Acting is pretty decent, Pedro Pascal shines in his acting. There is no typical Marvel BS in this movie.    If I had seen this movie about 15 years ago, I would have called it an average. But I am so sick and fatigued with crap movies these days, that even a normal movie like this feels good.    Overall it is worth watching."
632,The Fantastic 4: First Steps,Science Fiction,2025,bloucks,10,2025-10-08,Look I am a huge Marval Movie fan and I thought this movie was one of my favorite movies of 2025 and one of my favorite Marvel Movies ever!
633,The Fantastic 4: First Steps,Science Fiction,2025,Dr Nostromo,8,2025-11-08,"80/100    Our 4 heroes must save the world from a being that eats planets. This was a really fun and nostalgic entry in the MCU lexicon. Taking place in the 60s in a different universe, it perfectly blends the 60s feel and aesthetics with advanced technology. The family dynamics were nicely presented with depth, heart and humor. The action is top notch and the special effects were awe inspiring in scale. Galactus made a great omnipotent being and the Silver Surfer was also very well portrayed. We've waited far too long for a good F4 movie and I'm so glad to finally see it. -- DrNostromo.com"
634,The Fantastic 4: First Steps,Science Fiction,2025,Jstewart2007,8,2026-01-14,"Easily the best Fantastic Four film, not that it’s a high bar. Fourth time was definitely the charm (not including the unreleased 90s film)."
635,The Housemaid,Mystery,2025,Manuel São Bento,6,2025-12-24,"FULL SPOILER-FREE REVIEW @ https://movieswetextedabout.com/the-housemaid-movie-review-paul-feig-delivers-a-crowd-pleaser-driven-by-an-unhinged-amanda-seyfried/    ""The Housemaid leans on the undeniable talent of an Amanda Seyfried in her prime and Paul Feig‘s ability to create a crowd-pleaser that knows its limitations. Although it doesn’t avoid clichés and occasionally gets lost in narrative redundancies, its vibrant aesthetics and explosive finale make up for the flaws along the way.    A deliberately chaotic domestic thriller, where the power struggle and the deconstruction of social appearances reveal that the true terror lies in what we choose to ignore in broad daylight.""    Rating: B-"
636,The Housemaid,Mystery,2025,CinemaSerf,7,2026-01-15,"“Millie” (Sydney Sweeney) is on parole and sleeping in her car when she applies for a job housekeeping for the wealthy “Wentworth” family. After her first meeting with the jovial “Nina” (Amanda Seyfried) she doesn’t hold out much hope, so imagine her surprise when she is back in their luxury kitchen with a centrally heated, if somewhat airtight, attic bedroom and a phone replete with a limitless credit card. At this stage, enter hunky husband “Andrew” (Brandon Skelnar) and her slightly stand-offish, ballet dancing, daughter “Cece” (Indiana Elle) and duly welcomed this newcomer is. Next morning, “Millie” discovers an entirely flakier side of her boss, though, and that’s just the start of some curious escapades that do, at this stage, send us into some fairly predictable territory. Thing is, we get to that stage with still an hour to go so we know there will have to be some twists. Twists there duly are and although they are really quite far-fetched, they are actually stitched together q"
637,The Housemaid,Mystery,2025,alaeTR,7,2026-02-05,"This movie was genuinely exciting to watch. Millie is a bold and interesting character, and I liked the idea of her targeting creepy, psychologically disturbed men. There is something satisfying about how brave and calculated she is, and the way the film presents her at first makes you think you are watching a completely different kind of story. The movie feels very professional in terms of direction, atmosphere, and pacing. What I enjoyed most is how unpredictable it is. At the beginning, Millie comes off as cute and almost innocent, and it seems like Andrew and Nina are just part of a normal setup. I expected Nina to be the real problem, but the story flips and reveals Andrew as the true villain, which caught me off guard in a good way. Overall, the vibe of the movie is very mysterious and tense, and it keeps you guessing about who is actually dangerous and who is not. If you like thrillers with twists and morally complex characters, this one is worth watching :D"
638,The Housemaid,Mystery,2025,graeaehorror,9,2026-02-08,"After seeing endless trailers for The Housemaid at recent cinema visits over the last few months I caved and purchased a ticket. And boy that was money well spent!    Based on the 2022 novel by Frieda McFadden, this thriller is an absolute twist filled, psychological nightmare. Think Gone Girl for the Taylor Swift obsessed with some brutal scenes.    We follow Millie (Sydney Sweeney), currently on parole and eager to move on with her life. She thinks she's found the perfect job after interviewing with bubbly, effervescent trophy wife Nina Winchester (Amanda Seyfried). She's offered a live-in position as a housemaid in the spectacular home Nina shares with her husband Andrew (Brendon Sklenar) and daughter Cece (Indiana Elle).     But it's too good to be true. Millie's living in a tiny attic room with a deadbolt lock on the wrong side of the door, Cece goes out of her way to be difficult and there's creepy groundskeeper Enzo (Michele Morrone).    It's clear from the trailer Nina is unhin"
639,The Housemaid,Mystery,2025,msputraa,8,2026-02-17,"This is a masterclass in psychological thriller! Kim Ki-young's 1960 classic is a hauntingly beautiful exploration of class, desire, and madness. 😊"
640,The Housemaid,Mystery,2025,Enes,4,2026-02-20,"The plot of this movie is very ordinary.  I got bored while watching it.  The acting is okay, the effects are good, the script is slow, heavy-handed, and dialogue-based.  I skipped forward through some scenes.  Is it worth watching? If you like this type of production and the subject matter, I recommend you check it out.  Other than that, I don't think it's a production that deserves much time.  I gave it a score of 4 out of 10."
641,The Housemaid,Mystery,2025,Dean,10,2026-02-21,"The Housemaid is a visual powerhouse that deserves a 10/10 rating, primarily due to the captivating lead performance by Sydney Sweeney. She is undeniably the highlight of the film, looking incredibly hot and pretty in every frame. Her fair complexion and striking features are emphasized by the cinematography, making her presence on screen magnetic and aesthetically perfect. Beyond her appearance, the film is driven by a strong, interesting, and great story that keeps the viewer completely engaged. The narrative builds a thick, suspenseful atmosphere that culminates in a truly mind-blowing twist that shifts the entire perspective of the movie. This high-level storytelling and the brilliance of the plot execution make it a top-tier recommendation for anyone who values a sleek, modern thriller experience with a deep and rewarding narrative."
642,The Housemaid,Mystery,2025,Kashifzia,10,2026-03-22,"**The Housemaid** is an absolutely amazing thriller. The environment created in the **first half** is so intense that you are convinced the house owner, Naina, is the one who is **manic and mentally unstable.** It creates a perfect trap where you don't suspect for a second what is coming.    While the trailer might make you think it’s just a simple story about a maid entering a house and a conflict starting, the **twist** here is massive. As the **second half** begins, the mystery unfolds through the background story Naina tells her daughter. You realize how helpless she was and how she was being exploited. The real villain is her **obsessive and mentally unstable husband.** He is a perfectionist who loves his family's antique belongings more than people.    The **maid’s acting** was phenomenal; in the first half, her performance makes you believe Naina is the crazy one. However, the root cause of everything is the husband’s mother and the way she raised him. The climax, where the maid"
643,The Housemaid,Mystery,2025,PeaceMeal,7,2026-05-09,"It was an interesting thriller that could have spent a little more time in the editing room to take out some length.    Positives  - it's got those Thriller moments   - interesting love scenes with Sydney Sweeney    Negatives  - less than believable: young highschool girl jailed for 10 years then gets live-in housekeeper child caregiver job?    The Film's Suggestive Takeaways  - rich people are all twisted and evil  - jailed people are all innocent but tried to do good things  - Italian men are trustworthy, American men aren't    Rating 7/10"
644,The Shadow's Edge,Action,2025,caseymoviemania,8,2025-08-13,A return to form Jackie Chan and a scene-stealing Tony Leung Ka-Fai lead Larry Yang's gritty action thriller.
645,The Shadow's Edge,Action,2025,CinemaSerf,7,2025-10-11,"Right from the outset, this doesn’t hang about as a near perfectly executed crypto robbery is carried out by a gang of young men in Macau. Despite mobilising the police and the several thousand cameras located across the city, the cops are short on clues so they draft in retired “Wong” (Jackie Chan) whose meticulous approach to his work soon leads them to suspect that the legendary “Shadow” is masterminding a group of ninja-esque men who are masters of disguise, martial arts and technology. He decides that the only way to track this man down is to recruit a squad of officers that don’t look remotely like they are investigating and then to embark on the mother of all door-to-door searches. Of course, and maybe a little implausibly, they manage to identify him (Tony Leung) - we know who it is right from the start - and a war of attrition ensues not just between the two men, but amongst their nemesis’s increasingly manoeuvred and conflicted “family” for whom trust and loyalty are soon sev"
646,The Shadow's Edge,Action,2025,MovieGuys,7,2025-11-27,"""The Shadows Edge"" is yet another Hong Kong action thriller starring the actor named number one with movie fans in the region, Jackie Chan.    This film is good but its by no means great. Chan is a cop called back from retirement, when modern policing techniques conspicuously fail to catch, an ageing criminal, an expert in counter surveillance and his talented team of young cyber thieves.    Actions plentiful, with Chan's trademark, creative flair, using the environment and  everyday items, as devices for martial arts action. This is topped off with, at times, intense gun play and spectacular explosions. Taken together, these aspects, of this cinematic experience, represent an engaging romp.    The noticeable downside is this film is overly long. The result is the story, at times, becomes difficult to follow and the characterisations, can feel either drawn out or a bit overlooked.    In summary, a mostly decent action thriller with a, by now, well established, Hong Kong flavour. Would"
647,Thunderbolts*,Action,2025,Chris Sawin,7,2025-04-30,"Directed by Jake Schreier (Netflix’s Beef, Showtime’s Kidding) and written by Eric Pearson (Transformers One, Black Widow) and Joanna Calo (The Bear, Bojack Horseman), Thunderbolts* documents the emptiness surrounding Yelena Belova (Florence Pugh) as she goes through the motions while working for the Ox Group led by Valentina Allegra de Fontaine (Julia Louis-Dreyfus).    Yelena still hasn’t recovered from Natasha/Black Widow’s death and is sick of killing people and doing villainous tasks for money. After a visit with her father figure Alexai Shostakov (David Harbour), Yelena decides to go straight and attempt to be a hero.    Unfortunately for her, de Fontaine is currently being investigated by the government and is on the verge of being impeached. Yelena’s last job is just an excuse for de Fontaine to tie up all her loose ends and appear innocent. Yelena finds herself trapped in a giant incinerator with U.S. Agent (Wyatt Russell), Ghost (Hannah John-Kamen), Taskmaster (Olga Kurylenko"
648,Thunderbolts*,Action,2025,jarry90,8,2025-05-01,"Thunderbolts genuinely surprised me. I went in expecting a fun Marvel team up but got something even better: a fresh story, fantastic humor, and well-rounded characters that made it stand out in the MCU.    The Vault escape sequence was funny and memorable, capturing the chaotic spirit and humorous banter between the team. Valentina Allegra de Fontaine makes a standout villain, she was clever, cunning, and convincingly evil.    The character dynamics were great. Yelena Belova anchors the film emotionally, while Bucky Barnes feels more relatable and likeable than ever. Bob was a fun addition, bringing subtle humor and a few standout moments that added to the story's emotional beats and brought a few moments of intensity. The rest of the Thunderbolts comprising of Red Guardian, Ghost and U. S. Agent also shine, creating a team that's messy, fun, and surprisingly easy to root for.    Director Jake Schreier manages to strike a perfect balance between emotion, humor, and action, giving the"
649,Thunderbolts*,Action,2025,Manuel São Bento,9,2025-05-01,"FULL SPOILER-FREE REVIEW @ https://movieswetextedabout.com/thunderbolts-movie-review-a-refreshing-character-driven-detour-from-multiversal-chaos/    ""Thunderbolts* is an exceptional superhero movie precisely because it focuses on a deep exploration of human fragility. Prioritizing its broken protagonists' internal struggles over pure audiovisual spectacle shows a rare maturity in a franchise often criticized for sacrificing substance in favor of generic scale.    This bold approach allows the cast to shine - Florence Pugh especially, who firmly establishes herself as one of the MCU's core pillars. By exploring themes like depression, grief, abandonment, and reconnection with honesty and care, Jake Schreier transforms a blockbuster into a poignant meditation on shared purpose and what it means to live with open wounds.    In a landscape flooded with recycled formulas, Marvel has delivered something courageously human - making this Phase Five closing piece not only one of the year's bigg"
650,Thunderbolts*,Action,2025,GenerationofSwine,1,2025-05-03,"I wasn't really interested in seeing it, but I was interested in taking my wife to a movie for date night, so we did it and...    ... nothing in the movie made us really interested in the movie we were watching.  A lot happens that the plot demands happen.  There's a lot of conveniences that are nicely peppered throughout the film that the protagonists can use because it's necessary for the plot.    I get the the feeling that the characters are from other Marvel shows, most of which my wife and I never cared to watch or just gave up on after the first couple of episodes.    And we left a little less interested in it than we were when we came in."
651,Thunderbolts*,Action,2025,Brent Marchant,6,2025-05-04,"Superheroes are supposed to be special, gifted individuals, so it logically follows that movies about them should be equally special. However, as has become all too apparent in recent years, that quality has been steadily eroding in these films due to oversaturation in the cinematic marketplace, a circumstance that naturally begs the question, how special (i.e., how different or distinguished) can they really be when there are so many of them? Sadly, that's the key issue weighing down this latest release in the Marvel Universe. Even though the film serves as an introduction to a new slate of Marvel superheroes, the picture isn't particularly groundbreaking given the many similar offerings that have preceded it in this genre. Despite this film's few minor modifications to an otherwise-formulaic and shopworn narrative, in many respects, the picture's story feels like it's been cobbled together from elements in other superhero adventures. For instance, the band of heroes here consists lar"
652,Thunderbolts*,Action,2025,Pratik Ghare,9,2025-05-06,"Just watched Thunderbolts and honestly... I did not expect this at all. Went in with pretty low expectations—thought it’d be just another filler Marvel movie—but it actually exceeded them by a lot. The characters had solid chemistry, the action was tight, and there were a few emotional moments that caught me off guard (in a good way). It’s definitely not your typical superhero team-up; felt a little grittier and more grounded.    I wouldn’t say it’s perfect, but it surprised me in the best way. If you’re on the fence, give it a shot. Way better than I thought it’d be."
653,Thunderbolts*,Action,2025,soumick727,8,2025-05-06,"_**""Thunderbolt"" truly impressed me with its powerful character development and stunning cinematography. Each character was thoughtfully introduced and built up with depth, making their journeys feel engaging and meaningful. The storyline kept a steady pace, allowing viewers to connect with the emotions and motives of the cast.    One of the biggest highlights of the film was the cinematography—it was absolutely top-notch. The visuals captured every moment beautifully, enhancing the overall impact of the story. Whether it was a tense action sequence or a quiet emotional scene, the camera work elevated the experience.    Overall, Thunderbolt is a well-crafted film that stands out for its strong storytelling, character arcs, and visual appeal. Definitely worth a watch!**_"
654,Thunderbolts*,Action,2025,CinemaSerf,6,2025-05-07,"Hats off to Florence Pugh for injecting some charisma into this film, but otherwise I found it to be little different from the latest slew of “save the planet” Marvel adventures that follows a predictable pattern of escaping from the frying pan into the fire a few times before it culminates in a proud declaration that a new franchise has been born. It turns out that “Yelena” (Pugh) has been working for years as an assassin for the “Val” (Julia-Louise Dreyfus) whose director of the CIA seems to have been running unfettered off-the-books projects around the globe trying to impose her own brand of world order. The US Congress is breathing down her neck, now, though - so it is time to eliminate all the loose ends. Of course, that doesn’t quite go to plan and instead of disposing of the incriminating evidence, she merely galvanises an unlikely team of erstwhile employees of the agency to wreak their own vengeance. Meantime, the former “Winter Soldier” has got himself elected to the House an"
655,Thunderbolts*,Action,2025,dumasori,6,2025-05-08,"Just another average movie.    They tried to make it about mental health, but there was no emotional depth or congruity.    It seemed like 1 day story, completed with an awful ending. A lot of plot holes, like how the villain somehow brainwashed in a few hours time?     Pugh had a few good performances. Others were bland and annoying. Forced jokes also felt irritating.    In summary, another Marvel meh, which you have seen 100 times before."
656,Thunderbolts*,Action,2025,DanProwess,10,2025-05-15,"If you're unsure about whether or not this is another Marvel flop, I can tell you that it isn't. Everything is fantastic, from the action, to the message of mental health. I'll break it down...    Action: 10/10 - The choreography is realistic and different for each character. There are many a gun fight, with explosions out the wazoo. The best thing, there isn't a sky beam at the end.    Writing: 10/10 - Nothing feels rushed, it's well paced, and the characters appear to develop throughout the story.    Acting: 08/10 - Yelena and Bob have some of the best and most relatable dialogue, and the actors do a great job portraying the characters emotion.    Casting: 10/10 - Everyone looks like they could be their respective characters. Yelena appears as if she could have come from the Red Room. Red Guardian looks like he's still tough, but hasn't been in the action for a while. The same goes for Bucky.    Humor: 08/10 - The comedy of Red Guardian is something almost no one can surpass, which i"
657,Thunderbolts*,Action,2025,r96sk,7,2025-06-03,"<em>'Thunderbolts*'</em> - a good 36th entry for the MCU. I was expecting this to pack a bit more of a punch in terms of humour, but it is certainly still a movie I'd count as enjoyable. The main reason for that is the cast, all of whom manage to deliver a satisfactory performance.    With that said, Florence Pugh is the clear standout in my opinion. Lewis Pullman is solid in his role, the same can be said about Sebastian Stan. I personally wanted to see more of David Harbour, he is certainly the most amusing of those that make an appearance in thsi 2025 flick.    Julia Louis-Dreyfus is a bit underwelming, mind you. I don't think the character is interesting enough to feature so heavily and to be quite as instrumental in the plot as de Fontaine ends up being. I'm fairly certain I'll struggle to remember Dreyfus' part in this in the future."
658,Thunderbolts*,Action,2025,Chandler Danier,7,2025-07-01,"Homelander is black, baby. Just kidding. He makes people depressed and gives them eternal life in their safe space instead of laser eye slaughter. His black face represents negative emotion! Honestly, I'd be fine to sit in the basement watching TV and playing video games as my dad yelled through the window how I am wasting my life and it's such a nice day outside. Never aging, cutting the lawn, getting skin cancer, missing that catch in little league. Make Homelander black again.    The twist is everyone sucks worse than their counterpart. I thought this movie would suck worse than watching 3 shitty Captain Americas, 1 sexy Nightcrawler and 1 young Black Widow fight crime. But, they support crime while they support each other to face their personal failures and find redemption through positive action! Elaine does well as Vought CEO, the humour well integrated and enough things happen to fill the run time which is short in comparison.    I hope you don't read this glowing review before"
659,Thunderbolts*,Action,2025,gourabix,10,2025-07-12,"Had a fantastic time with this movie. Its witty, entertaining and yet so touching at the same time and serious with human things that really matter. Must watch!"
660,Thunderbolts*,Action,2025,hamfaceman,6,2025-08-14,"It was alright I guess. I laughed a few times, but no crying. Surprisingly did not notice the long running time, so couldn't have been that bad. You can put this ham on your face if you need to kill 3 hours and want to stay up to date with the Marvel universe."
661,Thunderbolts*,Action,2025,Valours,6,2026-01-06,"good  + Some scenes are memorable and well executed  + Vilain/superpower looks cool  + acting is ok/good  bad  - overall treatment of characters is flat as they don't look far enough from already existing characters  - ending is very usual  - no real tension as the treatment of Bob character could never show a growing supervilain menace  - fight scenes / talking scene are not good enough (FX, speech,...)"
662,Thunderbolts*,Action,2025,Dark Jedi,2,2026-05-24,"This could have been a good movie. There are some fun moments in it and the special effects and the action is pretty good.    The biggest problem I have with this movie is that the realization of the story is the typical Pedowood crap where everyone is dysfunctional. None of the characters, with the possible exception of the crazy Russian Red Guardian, are really likable.    I do not want to watch dysfunctional psychos work through their various issues, random outbursts and flashbacks in a superhero movie. Super heros should be just that, super and heroes, the good guys, not some reflection of the psycho Pedowood denizens.    In addition they, deliberately I am sure, made the crooked CIA director look as similar as possible to Tulsi Gabbard. The usual not too subtle messaging from Marvel.    Then we come to the ending. What absolute crap! If not for that slop from some low IQ Pedowood writer hack I would have been prepared to give this movie a meh-average rating but now it gets a this-"
663,War of the Worlds,Science Fiction,2025,MovieGuys,6,2025-07-31,"Its amazing what you accomplish with a creative script, even on a limited budget.     ""War of the Worlds"" isn't going to win any awards but  its nonetheless still quite entertaining.     The notion of the whole alien invasion playing out from the control room of a US NSA surveillance agent, is novel, as is the manner in which everything is nicely brought together. The acting  is decent too, so no complaints there, either.     Perhaps the only limited downside is the special effects, which are only passable. That said, they still function well enough, to make the whole thing enjoyable.     In summary, a simple but watchable sci fi experience. A nice distraction for a wet weekend."
664,War of the Worlds,Science Fiction,2025,Microcosmic,2,2025-08-09,Trash. Uber trash. Worst use of an IP to date.
665,War of the Worlds,Science Fiction,2025,r96sk,2,2025-08-17,"<em>'War of the Worlds'</em>... boy oh boy. I've been out of the film loop recently, but word of this disaster even reached me. I had to check it out for myself to get it watched before I got spoiled. Sometimes the internet piles in to jointly overhate a movie... this is not one of those times.    What a mess, there are sadly no redeeming qualities to it. First and foremost, it takes itself way too seriously. There are (I think) a few jokes scattered in there, though they last for literal seconds - everything else is played straight. It had a better chance of working as a comedy, albeit barely.    The initial novelty of the ""screenlife"" (never knew that was a thing until now) set-up is kinda interesting, though it very quickly wears off completely. It ends up getting annoying, especially the constant calling noises - almost gave me a headache. It'd work as a short, not for 90mins!    The computer stuff looks quite awful too, the most boring and least creative way of utilizing the whole"
666,War of the Worlds,Science Fiction,2025,Chandler Danier,7,2025-08-20,"I once watched Jake Gyllenhalle talk on the phone for 1.5 hours and I hated it. I watch Ice Cube squint at a screen and chat with friends and family for 1.5 hours and I love it.    Data! They're coming for data. They're going to eat all our data! Why not just copy the data? Why not just set up a separate server farm where they just make an infinite RickRoll for the aliens. There is technically unlimited data if you copy that data forever and if the aliens eat the data, does that mean there's space for more data on that hdd? If you could write the read spead of the aliens, you could just give them unlimited data off of some small device. That could keep them eating for a while and while they're distracted, you set up a nuclear bomb inside them that is on a timer and they could prevent it from going nuclear but doing so will cause them to sacrifice themselves for the greater good.    Anyway. I like how this movie is shot. It is ridiculous and stupid. I happen to find it charming."
667,War of the Worlds,Science Fiction,2025,misubisu,1,2025-10-17,"Reports allege that the movie uses clips from real disasters and Middle East conflict zones (bombings, wildfires, military crashes) blended or overlaid with alien‑invasion CGI.    This is seriously fuc%ed up!  What some humans will do to make money from the suffering of others."
668,Zootopia 2,Animation,2025,Manuel São Bento,8,2025-11-26,"FULL SPOILER-FREE REVIEW @ https://movieswetextedabout.com/zootopia-2-movie-review-disney-proves-it-can-still-make-sequels-with-soul-and-purpose/    Rating: A-    ""Zootopia 2 asserts itself as a worthy and even necessary sequel, overcoming the natural loss of the novelty factor with a narrative that dares to dig deeper into the imperfect foundations of its utopia.    Although the mystery doesn't reach the suspenseful peaks of its predecessor, the film makes up for it with dazzling visual evolution, a voice cast in a state of grace, and a mature exploration of the partnership between Judy and Nick. It's a movie that entertains as much as it provokes thought, refusing to offer easy answers to complex problems like historical erasure and social exclusion.    More than just a simple animated adventure, this is a story about the responsibility to remember and correct, inspiring us to believe that building a better world requires the courage to look back so we can, finally, move forward toge"
669,Zootopia 2,Animation,2025,RealZero,10,2025-11-29,"Very short: Zootopia 2 is lovely and has as many little details about the world and everyone within it as the first one. If you enjoyed the first one, you'll enjoy this one.    Longer:  Zootopia 2 basically does what the first one already did: Using the story of a police case to teach people, inside and outside of the movie, that prejudice and stereotypes we learned to believe are often wrong and even more often dangerous. In addition, it also features other themes like stolen land, and that ultimately what makes ""you"" is your decisions in the situations you're dealt.    (Important) moral of the story aside: Zootopia 2 is as beautiful, maybe even more, as the first one. Such beautiful colors, so many moving parts and animals, such great detail on soft surfaces and, of course, fur.  Thanks to that, Judy (and the others) look even more beautiful and detailed with so many individual hairs and such awesome effects when things get wet.  The same applies to stuff like water in general, snow"
670,Zootopia 2,Animation,2025,CinemaSerf,7,2025-12-04,"Things are not looking so hot for this animal equivalent of “Dempsey and Makepeace” after one of their clandestine operation goes especially pear-shaped and the boss threatens to split up “Hopps” and “Wilde”. The former is probably the more professional of the two and after discovering something distinctly scaly at a grand civic reception that goes wrong, allies with her foxy partner to get to the bottom of a secret that might involve a grandma, a patent and a seemingly harmless metal-covered journal. Meantime, the local bigwig lynxes seem determined to thwart these detective activities, so we have to assume that their status as town grandees isn’t what it seems - but with everyone sceptical about our dynamic duo, what chance they can get to the truth? Aside from just being quite an enjoyably paced adventure, this also has a bit more substance as a story that shines some light on prejudice and stereotyping. That’s done in an entertaining and under-the-radar fashion, but it’s still quit"
671,Zootopia 2,Animation,2025,daniel_carr,7,2026-01-13,It's very rare that the 2nd movie is better than the 1st and in this case it's true. Not as good as the 1st but actually it stood on it's own. Had a good story apart from the 1st movie and held it's own. Not as funny or clever plot bit more predictable but enjoyable.
672,Backrooms,Horror,2026,Brent Marchant,4,2026-05-31,"Anointing a young, first-time big screen director as the new filmmaking messiah of his or her particular genre is a risky undertaking, to be sure. Does the fledgling auteur have what it takes to live up to that auspicious title? Is this an ordination that’s truly warranted? It’s serious business, both for box office tallies and artistically speaking. But does the heir apparent truly possess the skills, talent and vision to achieve success on both fronts? That’s something worth considering in light of the debut feature from writer-director Kane Parsons, the force behind this aspiring smart horror release, which is quickly being praised to the hilt and drawing huge numbers in ticket sales. However, I believe that the coronation of this new voice in the genre is far from deserved and entirely premature. While it’s true that Parsons has a keen eye for the aesthetic, that’s only half the challenge when making a movie in virtually any genre. The other part – being an effective storyteller –"
673,Backrooms,Horror,2026,jamesstocks14,8,2026-05-31,"New unofficial Christmas movie unlocked. Far more complex than I thought it was going to be, especially considering it was a combination of trauma based creatures and a touch of sci-fi uncertainty. Overall a good watch, and incredibly impressive from such a young creative mind."
674,Backrooms,Horror,2026,JPV852,7,2026-06-01,"Well, that was interesting. This is a well made horror-drama released by A24 that, to my surprise, nabbed $81 million in its opening weekend. Both Chiwetel Ejiofor and Renate Reinsve give solid performances and while a few moments lost my attention, there are few great scenes particularly towards the end. Don't know where the hype came from but good for this (and Obsession) for capturing the mainstream audiences. **3.75/5**"
675,Backrooms,Horror,2026,CinemaSerf,6,2026-06-02,"Hmmm. Perhaps I just wasn't in the mood, but I really didn't get what the fuss was about with this. ""Clark"" (Chiwitel Ejiofor) is a recently divorced man who has big dreams but who is reduced to running (and sleeping in) his cheap and cheerful ""Ottoman Empire"" furniture emporium in small town America. The electrics in his store start playing up and upon investigation he is intrigued by a glimmer of light that appears to be emenating from beneath the basement wall! Investigating, he discovers that there is a mysterious portal into a construction that has something of an Escher drawing straight from the mind of Lewis Carroll to it. He tries to explain this discovery to his sceptical therapist (Renate Reinsve) but she thinks he's lost the plot so he engages the help of two of his employees ""Kat"" (Lukita Maxwell) and her boyfriend ""Bobby"" (Finn Bennett) to film his next exploration - and that's when they discover that all in this new dimension is not so very friendly. Meantime, his shrink"
676,Backrooms,Horror,2026,Alejandro Merino Ortega,5,2026-06-06,"I'll start by saying I'm not a hater; I wanted to enjoy it, I really did. But I think some scriptwriting decisions were made that really hurt the final result.  I'll begin with the scene where they discover the backrooms. While the opening scene is interesting, the scene where the protagonist finds them is not. Having a clear exit point significantly reduces the tension for him. He controls the space, he's oriented, and he doesn't seem lost or confused by having to take paths he wouldn't choose if fleeing the creature. He quickly finds his way back. This sequence evokes so little fear that the protagonist even goes back to grab a stool. (He's not afraid of the place; he controls it.) For the viewer, this provides a certain sense of reassurance, since this is the character we've been following since the beginning of the film, and he's the one we fear or worry about as viewers.    Regarding the character's development, it's true he displays a certain amount of resentment and simmering an"
677,Backrooms,Horror,2026,Sierbahnn,7,2026-06-27,"This is genuinely unsettling.  It's a lovely premise and it is well executed. It is creepy and unsettling and weird. It's the things you want out of this kind of horror and this movie pulls it off well. The cast is superb, the direction is great, the use of this concept and its associated effects is executed flawlessly. For what this is, it is just great."
678,Backrooms,Horror,2026,databear,4,2026-06-30,"humm well. The epilouge spoils any surprise of what the backrooms is, the therapist patient thing is kind of naff. its unclear who the main character is.  I think they tied the Clark character too much to the backrooms, where it should have been its own character. some unsettling moments, but overall the writing let it down. some nice creppy surreal imagery, but the imposed story of Clark took over.  Would have been better as pure horror atmosphere,  where the mysteries of the backrooms reveal themselves as the characters travel through them. Clarks family drama just detracted from this.  Its a pity,  could have been  better Im afraid..  The therapist back story was so unclear what it actually meant.  I didn't really care for them."
679,Backrooms,Horror,2026,misubisu,5,2026-07-22,"**Score: 3/10 — An Engaging Walk to Nowhere**    I don't like movies that go nowhere, don't make any sense, or lack an actual ending. And *Backrooms*? It's the poster child for all three. I feel like I've wasted a part of my life that I will never get back... time that could have been better spent watching a different movie.    The concept is solid. Kane Parsons, the 20-year-old director behind the viral YouTube series, brings the internet's favourite liminal space nightmare to the big screen. Chiwetel Ejiofor plays Clark, a failed architect and struggling furniture store owner who discovers a doorway in his basement to an infinite labyrinth of yellow walled, fluorescent lit rooms. Renate Reinsve plays his therapist, Mary, who follows him in. The production design is genuinely impressive the Backrooms feel unsettlingly real and deeply disorienting.    But that's where the praise ends.    **Having said that, the movie was engaging and I didn't realise that I didn't like it 'til the cred"
680,Backrooms,Horror,2026,>jaws_,4,2026-07-22,"**3/10** - Maybe if it was a YouTube video it would've been respected more.     Not sure why some reviews say that this is ""faithful"" and ""not just jumpscares"", because that's not fully accurate; It very much operates like a standard A24 horror movie.  That's not to say that they do a bad job, but you can tell that this was made by, and made for, people that grew up with FNAF and the backrooms themed cheap game adaptions.  It's pretty unrelated to the concept of the backrooms from the original 4chan postings.  Sure, the writers may have tied in some deep easter eggs here and there that somewhat show that they did their pop culture ""research"", but even that is a depature from the source material.     You can just skip around and watch the found footage parts for the scenary and visuals which is mostly pretty great, save for the injection of fnaf vibe monsters.    If you appreciate the scenary, concept and vagueness of the original source material from 4chan, you can probably just find a"
681,Backrooms,Horror,2026,the_original_crt,5,2026-07-24,"Starts out good but gets weirdly bad, at least to me. Concept is interesting but it was unexpectedly slow and I lost interest in the plot."
682,Backrooms,Horror,2026,Cheeziepoof,10,2026-08-03,Very good movie! I thought it was going to be more of a scary film. It is more phycological than a jump scare. Really makes you think what your mind can do. Definitely worth a watch.     Well written and acting is quite good.
683,Backrooms,Horror,2026,s_for_short,4,2026-08-04,"While this movie has some truly great segments and undoubtedly boasts one of the greatest custom-built sets of any modern movie, the extremely slow pacing and simply boring scenes unfortunately held it back from being something I could enjoy watching."
684,Backrooms,Horror,2026,Vinicius Monteiro,7,2026-09-18,"Translating an internet legend to the big screen is a huge challenge, but A24 and director Kane Parsons managed to nail the creepy aesthetic of the famous ""Backrooms."" By relying heavily on practical effects rather than just green screens, they made the endless yellow maze feel incredibly real, dirty, and deeply claustrophobic. The visual design is the true star here, perfectly capturing that weird liminal space vibe where everything looks familiar but feels fundamentally wrong. Parsons shows surprising maturity as a young director, using steady camera work and patience to build a genuinely oppressive atmosphere right from the opening scene.    The movie’s unsettling vibe is heavily boosted by its brilliant sound design and strong lead performances. The constant, annoying hum of the old fluorescent lights slowly chips away at your sanity, and when the movie suddenly shifts to dead silence, the tension becomes almost unbearable. On the acting side, Chiwetel Ejiofor does some heavy lifti"
685,Disclosure Day,Science Fiction,2026,Manuel São Bento,8,2026-06-10,"Check out my full review @ https://www.manuelsbento.com/disclosure-day-2026-a-breathtakingly-human-paradigm-shift-in-modern-sci-fi/    Rating: A-    DISCLOSURE DAY is a fascinating, deeply hopeful return to sci-fi for Steven Spielberg, beautifully championing the concept of truth as a fundamental human right. Subverting the destructive tropes of typical alien invasion flicks, it favors radical empathy and genuine human connection over blockbuster chaos. Emily Blunt delivers a sensational, potentially career-best performance that anchors a truly incredible ensemble cast. Driven by exceptional camera work and a sweeping pace, it stands as one of my favorite films of the year so far. I cannot wait to see it again!"
686,Disclosure Day,Science Fiction,2026,Brent Marchant,10,2026-06-12,"Director Steven Spielberg’s filmography is legendary, to say the least. Movies like “Jaws” (1975), “Close Encounters of the Third Kind” (1977), “Raiders of the Lost Ark” (1981), “E.T.: The Extraterrestrial” (1982), “Schindler’s List” (1993) and “Jurassic Park” (1993) have gone down as classics in the annals of filmmaking. And, even though some of his works in more recent years haven’t quite lived up to the quality of past efforts, it’s comforting to know that he’s still got what it takes when he gets behind the camera. This is where his latest release, “Disclosure Day,” comes into play, easily his best picture in years. This sci-fi/conspiracy theory/personal discovery thriller sports a multifaceted narrative that’s probably too complex to detail here, but that’s likely to be beneficial to viewers who walk into the theater knowing little, if anything about it in advance. In fact, I’d actually recommend approaching this offering from that standpoint to allow it to wash over you organical"
687,Disclosure Day,Science Fiction,2026,Andrew Herzman,5,2026-06-13,"If this film was released in 1979-85 I probably would have loved it. Now that I'm 61 instead of 14, I see the world much differently. I really wanted to like this, since CE3k is one of my all-time favorite movies and Spielberg has never let me down so far. The production was terrible. JJ Abrams style lens flares all over the place that were nothing but distracting. The CG animals looked fake. The scenes that were supposed build tension, were boring and predictable. Who could have guessed the aliens would look like that? (Sarcasm). Since I worked at NBC's 30 Rock, I just had to laugh at how fake that was. Even John Williams' sound track had no ooomf."
688,Disclosure Day,Science Fiction,2026,dumasori,2,2026-06-13,"**A Movie Made by Dinosaurs, for the Dinosaurs**    I wanted to like Disclosure Day. The premise—a government agent racing to expose classified alien contact—should be tense, urgent, relevant. Instead, what we get is a film so divorced from how the actual world works that it feels like it was written by people who've been in a bunker since 1987.    The core problem: when your protagonist needs to leak classified information in 2026 or whenever this is supposed to happen, why in God's name are we watching them scheme about getting it done through a news room? The movie shows thumb drives, AI, all this modern tech—and then treats a television newsroom like it's the only lever that matters. It's nonsensical. If you want to burn a government secret to the world, you don't need Walter Cronkite anymore. There are better platforms on the internet. The infrastructure exists. The filmmakers simply have no clue how modern information systems work.    And then there's the blandness. The villains"
689,Disclosure Day,Science Fiction,2026,Chris Sawin,3,2026-06-14,"The filmmaking aspects of Disclosure Day are impressive, and they should be, considering Steven Spielberg’s illustrious career and the people he continues to work with, but the story feels so elongated for no reason, with no real conclusion, and the dialogue and humor are so awful when there is so much of each.    https://bit.ly/DiscDay"
690,Disclosure Day,Science Fiction,2026,GenerationofSwine,1,2026-06-18,"So.... the disclosure is an information dump and really is nothing.  Everyone is an idiot.  The special effects are poorly done CGI which is disappointing for Speilberg.  It misses all the conspiracy theory beats that Close Encounters had.  Everything that the movie should show you, that you want to see comes in the form of an information dump and everything that could have come in an information dump is what you see.    Movie sort of sucks... sort of really sucks."
691,Disclosure Day,Science Fiction,2026,CinemaSerf,6,2026-06-18,"I blame Christopher Nolan: this film is far, far, too long. The concept is quite interesting and complex, and the first half hour tees things up intriguingly but thereafter it just disappoints with a surfeit of dialogue and very little menace before delivering a conclusion that for someone who worked in live television for thirty years is implausible bordering on the downright preposterous. ""Daniel"" (Josh O'Connor) has a narrow escape from the nasty ""Noah"" (Colin Firth) who wants to get back a mysterious glowing device that he has pinched. Meantime, television weather forecaster ""Margaret"" (Emily Blunt) takes a bit of a turn. Inexplicably, she can now speak fluent Korean and then passes out at the prospect of telling Kansans that hail is looming. How could these two events possibly be connected? Well that's what we find out as the mother of all, very extended and somewhat repetitive, car chases gradually fills us in on a plan being co-ordinated by ""Hugo"" (Colman Domingo - the only man"
692,Disclosure Day,Science Fiction,2026,Nick,9,2026-06-21,"Spielberg still has it. Blunt delivers a career-best turn as a meteorologist whose encounters spiral into a paranoid conspiracy chase that splits the difference between Minority Report and Close Encounters. Williams' score soars, the blocking is gorgeous, and the back half genuinely got me. Loses half a star for a baggy script and a finale that pushes too hard for tears. Still one of his best in years."
693,Disclosure Day,Science Fiction,2026,Sierbahnn,7,2026-07-25,"This is ET. If you saw ET in 82 or later when it came out on VHS, DVD, Blu-ray or streaming, then you know how this goes.    This does not have the kids though, but replace them with less engaging and a lot less fun people, to make it more believable. It also gives a face to the villain, which is nice, and keeps the alien hidden and in the background for most of the movie.    Much like in Starman (1984) there is a greater emphasis on what items the aliens have, and more about what they want, rather than the more straight-forward plot of ET.    This isn't a bad movie, far from it. It is long, though, and if you have seen ET then you know how this goes, and this isn't quite as fun a ride."
694,Disclosure Day,Science Fiction,2026,MonksFilms,5,2026-07-30,"I feel like i'm rating this film lower if it wasn't a Steven Spielberg production. For the most part it features his usual polish which is above average in most cases. The camera movement and staging is as good as ever. There's even some car chase sequences thrown in to break up the pacing and give this film a jolt of energy and remind us of how much fun Spielberg's action can be.    My biggest complaint is my disconnection with the characters. Everyone of the cast members do a great job with what they have to work with. Unfortunately there's not much to them. Perhaps Jane (Eve Hewson) is the character with the biggest arch but we don't get a lotta time with her. It makes the whole thing run like molasses at times in the middle as they just seem to be checking off the boxes of plot exposition. I also didn't like the cat and mouse play between Noah (Colin Firth) and our two main characters Margaret (Emily Blunt) and Daniel (Josh O'Conner). It's confusing at first, then it makes sense, a"
695,Disclosure Day,Science Fiction,2026,misubisu,3,2026-07-31,"**Score: 3/10 — A Fictional Misstep in a Moment Demanding Truth**    For the average movie-goer, this film would probably gain a higher score. It has the Spielberg pedigree, a solid cast led by the fantastic Emily Blunt, and a chase-thriller structure that delivers some entertainment. But for those of us who sit where we do on the precipice of actual disclosure, deeply invested in the reality of UAPs and Non-Human Intelligence (NHI), this film is an extremely flawed and very disappointing experience.    The most frustrating part is its premise. The film explores a ""what if"" scenario of a public unveiling of alien secrets, but given where we are in the world today, this is not the right time for a fictitious movie on this topic to be released. **Half the population of the planet believes that we are not alone, and are looking for answers.** The real world conversation is finally shifting, driven by congressional hearings, whistleblower testimonies, and a slow trickle of government ackno"
696,Disclosure Day,Science Fiction,2026,Martin Oaks,4,2026-08-06,"**Spielberg’s fade to black**    Daniel (Josh O'Connor) is a cybersecurity analyst who stumbles upon classified video files proving the government has been capturing and torturing non-human beings ever since the Roswell incident. After becoming a digital fugitive, he joins forces with Margaret Fairchild (Emily Blunt), a TV meteorologist experiencing strange perceptual phenomena. Together, they launch a race against time to expose the existence of alien life to the world, all while escaping the clutches of an implacable government contractor played by Colin Firth, who is hell-bent on stopping the uncontrolled leak of these files.    ""Disclosure Day"" marks Steven Spielberg’s long-awaited return to alien-contact sci-fi—a genre where he previously gifted us absolute masterpieces like ""Close Encounters of the Third Kind."" Unfortunately, this piece of work feels way more like an exercise in self-indulgence than a fresh, modern take.    The first hour of the feature film works quite well as a"
697,Disclosure Day,Science Fiction,2026,asargonv,7,2026-08-08,"Pretty decent and imo hopeful movie with a message I can stand behind.   Acting felt sometimes lacking, given the big shots in it, and a little vit too much cgi was used (without much spoiler the train scene as prime example).    Superb music and classic mystery Spielberg vibes.    I would recommend watching it if there is no better movie in your watch list."
698,Evil Dead Burn,Horror,2026,khadaam,10,2026-07-10,"The marketing campaign for Evil Dead Bait has been strategic and effective, leveraging the film's unique selling points to generate significant buzz. Trailers and promotional materials focus on the film's innovative approach to storytelling and its commitment to practical effects, appealing to both longtime fans and new viewers. Social media engagement has been high, with clips and behind-the-scenes footage going viral and sparking discussions about the film's themes and visuals. This organic promotion has helped build a sense of anticipation and excitement, positioning the film as a must-see event for horror enthusiasts."
699,Evil Dead Burn,Horror,2026,MovieGuys,5,2026-07-14,"By far the weakest of the ""Evil Dead"" franchise films to date. A lack of pacing, overlong pauses in action/horror, an anticlimactic ending and a pervading sense of ""seen it all before but better"", for me at least, defines this production.     Acting is reasonable, as are special effects but its not enough to really make this film an engaging experience.     In my opinion, a lack of direction in the script, in particular, notably sluggish pacing and the absence of innovation, result in an unremarkable action/horror experience. 5/10 from me."
700,Evil Dead Burn,Horror,2026,Leno,8,2026-07-15,I was in one of the test groups who watched this movie 6 months before the release and they actually implemented a bunch of suggestions I have and it ended pretty good!    All evil dead movies are similar so I will just say in my review it follows the style of the last movies but with a better back story for the characters (it's independent from all other movies so in theory you could watch it even if you never heard of evil dead). The best movie from the remake trilogy
701,Evil Dead Burn,Horror,2026,Dean,7,2026-07-18,"As a massive horror fan, I give this latest installment a solid 7/10. While I still thoroughly enjoyed the experience and highly recommend catching it in theaters, it didn't quite reach the perfect 10/10 heights of the previous entries for a couple of specific reasons.    **What Held It Back:**  - **The Shift in Demon Behavior:** In the previous films, the Deadites felt like pure, primal, uncompromising evil. There was no negotiating or reasoning with them—their sole purpose was absolute destruction. In this movie, the demons feel a bit too humanlike. They talk and interact in a way that shifts the tone away from that relentless, otherworldly terror of the earlier films.  - **Out-of-Place Ending Music:** The choice of closing music was a major misstep. Ending a gritty horror experience with a silly French rap song completely broke the atmosphere. A film like this demands an intense, dark, and brooding sonic backdrop—genres like dark ambient or black metal fit this aesthetic perfectly,"
702,Evil Dead Burn,Horror,2026,CinemaSerf,6,2026-07-20,"Things don't exactly get off to a great start for ""Alice"" (Souheila Yacoub) when her drunken bully of an husband takes off in his car on her birthday and wraps it round a tree. No great loss, you might think, but his dad ""Edgar"" (Erroll Shand) seems a little upset and so goes to say farewell before he can be cremated. Big mistake - for the not quite deceased ""Will"" (George Pullar) is determined not be crisped up just yet. You see he is now possessed by an evil that knows that his drippy brother ""Joseph"" (Hunter Doohan) has inadvertantly discovered the only weapon on Earth that can consign him and his kind back to Hell. Using his dad as a conduit, he now returns to a home where his now widow feels a little unwelcome in the company of his mother ""Susan"" (Tandi Wright); his brother's gal ""Thya"" (Luciane Buchanan) and his cantankerous, wheelchair-bound, grandma ""Polly"" (Maude Davey). The question is, will ""Alice"" and ""Joe"" conclude quickly enough what the menacing monster that has invaded"
703,Evil Dead Burn,Horror,2026,Sierbahnn,7,2026-08-05,"This is a worthy successor to the franchise, and it does a lot of fun with the source material. The characters are fun, which means that you get to engage with them and feel something when they meet their gruesome demise, which is way better than having interchangeable teens just being lost instantly when in some cabin somewhere. The movie has plenty of fun gore and intricate kills and does not lose sight of its core narrative. It's claustrophobic and very tightly shot, and the post-credit murder is fantastic, calling back to Evil Dead Rise."
704,Evil Dead Burn,Horror,2026,RetroWill,8,2026-08-07,"The film strikes a great balance, delivering clever narrative tie-backs to Evil Dead Rise alongside a subtle, underlying connection to the lore of the original films. Rather than resting on nostalgia, it uses those classic elements to build a story that feels fresh while remaining distinctly true to the franchise's roots.     The shift in setting works brilliantly here. Moving the terror out of Rise’s cramped city apartment block and into a sprawling, secluded farmhouse gives the film a completely different kind of claustrophobia. The rural atmosphere and isolated location gave off massive Resident Evil 7: Biohazard Baker family vibes. That uncomfortable sense of being trapped with a deeply unhinged, hostile family dynamic long before the supernatural madness even takes over.     When the Deadites do unleash, the film delivers in spades. Modern Evil Dead entries have really amped up the brutal, relentless nature of the gore, and Burn is no exception. What makes it work so well is the s"
705,Evil Dead Burn,Horror,2026,Gordon,4,2026-08-08,"Let me start by saying I LOVED 'Evil Dead Rise'.    This was BAD. I was truly let down as I had high hopes from the 2023 installment.    The acting was meh, the story was blah.     Where was ANY Necronomicon? They said there was to be three different stories about three different books. I saw no Necronomicon in this movie...?    The surprise cameo made no sense.    I am hoping this will be the worst of the three movies as the next one is supposed to be a prequel of sorts."
706,Evil Dead Burn,Horror,2026,kingpinkain,6,2026-08-10,"The entire Evil Dead scenario seems to be losing its continuity at this point.  I wasn't impressed with this film as a Evil Dead movie, however I understood the themes of trauma, abuse and healing that were present throughout.  It kind of felt like someone wrote a different film then slapped the Evil Dead moniker on it.  The Evil Dead lore has jolted around in so many odd directions over the years, but I suppose that's to be expected from a franchise that had Army of Darkness in it.\  \  The main cast was forgettable, outside of [Souheila Yacoub](https://www.themoviedb.org/person/2037046-souheila-yacoub) as our last girl and [Eroll Shand](https://www.themoviedb.org/person/150396-erroll-shand) as the Deadite Edgar.  Hunter Doohan needs to get some roles where he's not playing the slimy, cowardly cretin.  It's becoming a typecast at this point.\  \  On the whole I give it 6/10.  Unimpressive, but not bad."
707,Evil Dead Burn,Horror,2026,druscilla_of_old,3,2026-08-19,"If you thought the era of Hollywood horror filmmakers using over-the-top gratuitous and totally uncalled for gore and violence on women and girls to cover up for shallow scripts and  lack of creativity, well, you were wrong. This is exactly what Sam Raimi (producer), Sébastien Vanicek (writer-director), and Florent Bernardand (writer) did with this unbelievably bland latest entry into the Evil Dead film series. I've seen lots of B-rated horror flicks with much lower budgets delivering much more creative and substantial scripts and entertainment than what I got from this. Yet the sheer amount of gratuitous violence and gore meted on women (and a girl) in this movie are such that one wonders whether one or more of the men (and yes, it's all men) behind the production of this movie was going through a harrowing divorce with a woman when they made it. This, or they just straight up hate women, viscerally. It doesn't help at all that all this violence is wrapped up under a thin veneer of th"
708,Evil Dead Burn,Horror,2026,tedsbruh,1,2026-08-24,"This did not feel like an Evil Dead movie at all. It tried to make you care about the characters with the themes of family trauma, but it just didn't work. The movie was cruel for the sake of being cruel (I realize the irony when saying this for an Evil Dead movie). We simply have NO ONE to root for, so all the excessive gore on display just doesn't have any impact. After enjoying Evil Dead Rise quite a lot, I went into this with high expectations, and I'm mad at the movie we got."
709,Evil Dead Burn,Horror,2026,dumbledoredaybreak,6,2026-09-22,"Complete waste of time. Honestly the plot was stupid as hell. You could have eliminated the entire first third of the film and cut like 30 minutes off the run and still have a movie that was gory and made no sense. The gore was... mehhh.... to say the less. The only thing that pissed me off was the stabbing of the dog, did they really need to do that. Everything else about the movie was more annoying than cool. None of the character were good so to speak. Both sons were the biggest POS ever and deserved the deaths they were given. All and all, if you saw the trailer, you saw the best parts of the film. Nothing about this is original. After about 20 minutes I watched the thing on 1.5x speed just to get through it."
710,Lee Cronin's The Mummy,Horror,2026,Chris Sawin,4,2026-04-17,Lee Cronin’s The Mummy isn’t scary or memorable; it’s raunchy exploitation and over-orchestrated expired cheese. It is a horror film that reeks of nothing but ridiculousness. The sad part is there’s a decent enough concept buried somewhere within this vomit-drenched monstrosity and a killer ambiance that is borderline spine-tingling.    https://bit.ly/MummyBarf
711,Lee Cronin's The Mummy,Horror,2026,CinemaSerf,6,2026-04-24,"I had high hopes for this, but boy was I disappointed... Instead of getting Christopher Lee, Boris Karloff or even Arnold Vosloo - we get a modern day ""Carrie"" with a few bandages and a rehash of the ""Azazel"" story - only this time with a sarcophagus and lots of rusty chains. We begin when the young daughter of ""Charlie"" (Jack Reynor) and ""Larissa"" (Laia Costa) is abducted by someone at the bottom of their garden who has been grooming her with candy bars at their Cairo home. Despite the best efforts of the police, there proves little that can be done and so the family relocate back to the USA and get on with raising their other two children. Then, out of the blue, ""Det. Zaki"" (May Calamawy) calls to say she has been found after an aeroplane crashed in the desert. Catatonic, the young girl (Natalie Grace) is brought home but swiftly we realise that all is not well and that when things begin to go bump in the night, some malevolence becomes apparent. What could possibly happen next? Well"
712,Lee Cronin's The Mummy,Horror,2026,Sierbahnn,5,2026-05-08,"We can all just say that this is Evil Dead, right? I mean, it is, in everything but name, with some flimsy other story tacked on over it. It is shot like Evil Dead, its dialogue fits the Evil Dead, the narrative is Evil Dead. It just happens to not be Evil Dead.   And it is all the worse for it. Because it is NOT Evil Dead, and instead tries to say something else, but gets bogged down in its format, and becomes this bland, uninteresting goop. It is proficient, sure, but it is almost desperate, and it is not engaging, and certainly not fun."
713,Lee Cronin's The Mummy,Horror,2026,Daniel,5,2026-05-19,"Partially entertaining possession flick. Going into it blind, I was expecting more focus on the mummy aspect of things, but that turned out to simply be a surface-level harness around a possession story, that is ditched as fast as it appeared. The plot gets lost in itself towards the 2nd half of the movie and it ends up wishy washing around with classic possession tropes and inevitably ends up falling flat. Overall I was entertained for a good bit, but also bored and annoyed for a significant portion of the movie."
714,Lee Cronin's The Mummy,Horror,2026,Dean,8,2026-05-23,"Blum House never disappoints. Lee Cronin’s The Mummy (2026) takes a fascinatingly different route by treating the monster mythos as a slow-burn, atmospheric tragedy. Instead of relying on jump scares, the film builds a heavy, suffocating sense of dread around a grieving family whose returned daughter is clearly no longer human, wrapped in a terrifyingly realistic, decaying state.  The movie shines brightest through its phenomenal sound design—every raspy breath and dry, rustling movement amplifies the isolation of its modern desert setting. It hits a few bumps in the middle when trying to tie its intimate story back to broader ancient hieroglyphic lore, and anyone hoping for a high-octane adventure will be disappointed. However, as a grim, psychological exploration of an ancient curse infecting a household, it is a beautifully shot, incredibly memorable piece of horror filmmaking."
715,Lee Cronin's The Mummy,Horror,2026,Zeus,9,2026-05-28,"#Mymuvir3 #LeeCronin'sTheMummy2026 #687  9/10 stars review ratings    #JackReynor #LaiaCosta #MayCalamawy    At first was about to quit watching since it have that pale effect, on top of that the story do back and forth of flash back.. for their overall story telling.      A different story  telling from the normal Mummy movie franchise. Just happens to share the same tittle and that is all.  Instead of journeys and adventures its more into jumpscare  and  revenge curse of some sort."
716,Lee Cronin's The Mummy,Horror,2026,Moviewoof,8,2026-06-02,"**Feral Folklore, Not Splatterhouse: Lee Cronin Unwraps a New Entity**    Don't listen to the lazy internet echo chamber claiming this is just Evil Dead Rise in a tomb. It isn't. Aside from a couple of energetic, stylized camera movements and quick edits that feel like a subtle, affectionate homage to Sam Raimi's Evil Dead 2, this movie is entirely its own entity.    Instead of copying his own recent homework, Lee Cronin delivers a completely different kind of monster movie. It is a slow-burn, atmospheric, and genuinely unsettling take on the mythology that ditches the non-stop, hyper-violent splatterhouse energy for deep, creeping dread. It takes real directorial confidence to trade cheap jumpscares for a heavy, ancient family nightmare, and the result is a massive win. It is a refreshing, distinct horror film that proves Cronin has way more tools in his kit than casual fans give him credit for. Absolutely loved it-the perfect solo Saturday night watch."
717,Lee Cronin's The Mummy,Horror,2026,the_original_crt,7,2026-07-24,"Interesting premise that combines Egyptian folklore, involving curses and mummies with western ones like possession, unholiness. I enjoyed the movie."
718,Masters of the Universe,Action,2026,JPV852,7,2026-06-06,"Just a fun, light-hearted sci-fi actioner that harkens back to my childhood most of the time. Nothing groundbreaking in terms of story but I thought Nicholas Galitzine did a solid job as He-Man and shared good chemistry with Camila Mendes. Idris Elba as always was charismatic no matter what he's in. Not sure why they paid Jared Leto as it doesn't sound nor look like him. The action scenes were well done and special effects were quite good. I'll probably watch again once it hits home video (  4K). **3.5/5**    Side note: I saw this at the Cinemark Screen X (guess their version of IMAX). Interesting concept with not only the giant screen but visuals on the sides for certain scenes. Not sure I'd pay for that upgrade but I have become accustomed to the D-Box seats if only to have some separation from people beside me."
719,Masters of the Universe,Action,2026,GenerationofSwine,10,2026-06-06,"It's so woke, stay away stay away.... just joking, it's not woke at all.  The ""Girl Power"" moments are when He-Man was Adam before he became He-Man and fit well with the plot, the crazy cultist actually did a great job as skelator... like he actually did a great job.  It paid homage to the cartoon.  It was colorful, I mean it seriously popped and I appriciate that, it made it look fun and drew me in. It respected the cartoon, it respecte the IP, it respected the fans, it really didn't shout politics, it didn't pull a Kevin Smith and insult He-Man for being masculine....    ... in short it was just a fun and entertaining film that was made for the nostalgia seeking fans.    However, some of the jokes didn't work, they didn't fit, they felt too MCU, especially in the first half.  It was a little too long, especially for what it was, and took forever for the plot to really set in.      But who cares, He-Man seems like a PRIME target for the anti-male, anti-white, anti-straight, anti-every"
720,Masters of the Universe,Action,2026,CinemaSerf,6,2026-06-07,"We learn quite quickly that the weedy ""Adam"" has only just escaped with his life and the sword of power as ""Skeletor"" (Jared Leto doing his best impersonation of the deceased Alan Rickman) invaded and seized ""Castle Greyskull"". He (now Nicholas Galitzine) didn't manage to keep hold of the sword for long in his new world, and indeed just ended up in the USA working in HR whilst constantly surfing the internet to track it down before the nasty ""Evil-Lyn"" (Alison Brie) manages to secure it for her menacing boss. Luckily, and somewhat comedically, ""Adam"" does manage to find his artefact and then luckily for him his childhood friend ""Teela"" (Camila Mendes) shows up just in the nick of time to get him back to ""Eternia"". This is now a decimated world crying out for him to restore the sorceress and the equilibrium of the kingdom. His chances don't look good. His chief enforcer ""Duncan"" (Sir Idris Elba) has succumbed to the bottle and somewhat neutered his battle robot so it's more adept with a"
721,Masters of the Universe,Action,2026,Nick,7,2026-06-08,"Travis Knight's reboot easily becomes the highest-rated entry in the franchise's film history, and it earns it. Jared Leto's Skeletor steals the show, balancing humor and villainy in a way that lives up to the memes, and Galitzine nails He-Man's heroism and Prince Adam's emotional core. Daniel Pemberton's score embraces the '80s roots with glee. The fun is undeniable — the comedy and action-packed sword-fighting land for critics and audiences alike. It's just 40 minutes too long and leans too hard on self-deprecating meta-humor where sincerity would've hit harder."
722,Masters of the Universe,Action,2026,Sierbahnn,6,2026-06-25,"This is not a great movie, but that doesn't make it less fun.  This is nostalgia bait and anyone who tells you different has fallen for it. It is well produced, obviously. A lot of money has gone into it. The casting is great, the story does what it needs to. The bad guy is comedically comical. The line deliveries are hokey. All of these things that you expect from a Saturday morning cartoon from the 80s. The music stings remind me more of Flash Gordon than it does He-Man. And that's a shame, because Flash Gordon was a far superior movie in that it was hokey but it took itself seriously. This does not. It tries to be both earnest and self-referential, and it comes off as disingenuous and pandering. It's not a great movie. It's a fun watch, but it is utterly forgettable. And the inclusion of Dolph, while appreciated by the older fans I'm sure, does not mitigate the fact that this movie is just another cash grab."
723,Masters of the Universe,Action,2026,HaremCinema,3,2026-07-27,I expected it to be a children's movie going in so I was already giving it a lot of leeway. I watched it to see if it was something that we'd recommend to our nieces & nephews....there is zero chance that any of us would feel comfortable sitting our nieces down in front of a children's cartoon-movie that doesn't seem to realize that sexual inuendo is not appropriate for kids.
724,Masters of the Universe,Action,2026,Vinicius Monteiro,5,2026-07-31,"Watching modern cinema try to resurrect 80s franchises has become an exercise in patience and, usually, pure frustration. When a new *Masters of the Universe* movie was announced, the promise was to bring back the grandeur of that world using today's technology. But instead of honoring the original, the studio delivered an exhausting, soulless adventure that feels ashamed of its own roots. Rather than embracing the colorful, campy fantasy of Eternia, the film constantly hides behind worn-out, self-deprecating irony. It’s terrified to take its source material seriously. This heavy reliance on cheap nostalgia and easter eggs might try to pander to older fans, but it leaves newcomers completely lost, resulting in a movie with a massive identity crisis.    Director Travis Knight usually brings a lot of heart to his projects, but he really struggles with an epic of this scale. The direction feels messy, and the shaky camerawork during action scenes makes it almost impossible to tell who is"
725,Masters of the Universe,Action,2026,RealZero,7,2026-08-05,"At the beginning of the movie I was really not happy that it was that silly from the get-go. I personally would've really wished to get a ""real"" in-Eternia movie and not a ""real world"" thing.    But relatively quickly, the movie did start to work for me. I really enjoyed how fitting the outfits of the named characters were done, especially Trapjaw, Man-at-Arms, Beastman and Mekaneck.    While the ""real world"" humor was okay for me but not something I would've needed, the humor about some ridiculous parts of the franchise, like how the characters got their names, poses imitating the TV show poses and such, were really done well.    Despite the differences to the cartoon show, it really feels like the people who did the movie actually enjoyed working with the franchise.    The story is fine, a typical ""origin story"" with some plot-armor and deus-ex-machina events, but contrary to some other movies, these actually fit the ""stereotypical warriors of light"" theme that He-Man ultimately is."
726,Masters of the Universe,Action,2026,Manuel São Bento,6,2026-09-06,"Check out my full review @ https://www.manuelsbento.com/masters-of-the-universe-2026-nicholas-galitzine-powers-a-gleefully-silly-slightly-overstuffed-return-to-eternia/    Rating: B-    MASTERS OF THE UNIVERSE surprised me: unapologetically silly, self-aware, and anchored by a cast that's clearly having fun — Nicholas Galitzine's earnest He-Man, Camila Mendes' scene-stealing Teela, and a gloriously committed Jared Leto as Skeletor. Travis Knight balances camp and epic fantasy better than expected, and Eternia genuinely feels like a real place. The catch? It's simply too long, and the comedy sometimes undercuts moments that deserved to breathe. Still, a solidly entertaining time at the movies."
727,Mortal Kombat II,Action,2026,CinemaSerf,6,2026-05-13,"Remember the start of ""Galaxy Quest"" (1999) when a group of actors are drafted in to help rescue the universe from a nasty megalomaniac bent on intergalactic domination? Well, this time it's poor old ""Johnny Cage"" (Karl Urban) who's the past his sell-by-date Thespian reluctantly recruited by ""Lord Raiden"" (Tadanobu Asano) to help save the Earth realm from certain doom. He is to join four other somewhat sceptical fighters, all with various skills, to combat the five soldiers of ""Shao Kahn"" (Martyn Ford) who has been hitherto indestructable as the princess ""Kitana"" (Adeline Rudolph) can attest having seen her father slain when her own kingdom fell. Now adopted and trained by this nemesis, and together with her formidable friend ""Jade"" (Tati Gabrielle), she looks certain to reduce ""Johnny"" and his cohort to dust. Things become even more doom-laden when an all-powerful amulet is accidentally delivered by Aussie rogue ""Kano"" (Josh Lawson) into the hands of the khan and getting this sorted o"
728,Mortal Kombat II,Action,2026,userloser,1,2026-05-20,"Unbearably, tooth-achingly bad.     Now, you can only do so much with a plot of a computer game from the early 90s that has been filmed umpteen times already, but this is a new low.     And a cleaned up, one-dimensional version of Butcher can't save it.     Just no."
729,Mortal Kombat II,Action,2026,mgaugy,6,2026-05-20,"On first watch of the trailer, I expected that Johnny Cage would be the centerpiece, capitalizing on Karl Urban's name. While the usual formulaic approach and a bit of convoluted and disjointed script, it did pay homage to the previous film (though not the video game). I did appreciate that they gave mostly equal balance to the different characters, though it lacked backstories to everyone but Cage.    We expect the acting to be fun and not deep (except for Cage), which we expected. The special effects were decent, though a few things could have been better. I like the choice of actors, though Urban is a bit too old for the role; instead of many being young and inexperienced, they went with an older, more seasoned cast which gave the characters more weight. Only the Johnny Cage gave notice to the advanced age. Liu Kang's fire special effects were really overdone, but the rest of the movie was not drowning in special effects. Overall, it was a decent film, with a thin plot, okay acting,"
730,Mortal Kombat II,Action,2026,Sejian,5,2026-05-23,"31 years later, Mortal Kombat (1995) is still the best movie in this franchise.    The internet led me to believe that this was a better movie than the 2021 reboot, and it is, in some aspects, but it's still trash. What the !@#$!    Why is the acting so bad?    Why is the choreography so bad?    Why is Shao Khan a !@#$%?! Am I really meant to believe this guy is a conqueror?! How? !@#$in' Cole Young whooped his arse! Liu Kang whooped his arse! Kitana whooped his arse! I assume plot armor is the only thing that saved him from Kitana's dad, since everyone else whoops his arse!    What the !@#$?!    The Punisher: One Last Kill was trash, this is trash, what's next?    What's releasing next?    What has the internet told me isn't trash that secretly is trash? Obsession?! Maybe Obsession is trash! I'll know soon enough!    I liked Kitana, Kano, and Baraka, but even they didn't escape the trash line delivery."
731,Mortal Kombat II,Action,2026,MovieGuys,2,2026-05-23,"Utter crap. Sorry, but I see no point in wasting too many words here. Lead actors who clearly have little to no actual martial arts experience, a disjointed mess of a story, plus, at times, excessive gore, that serves no discernible purpose. One to avoid."
732,Mortal Kombat II,Action,2026,mroogway__,7,2026-05-24,I am somewhat of a fan of the game and think that this level of violence isn't what the films need to show. I think if there was more violence this would have been perfection.
733,Mortal Kombat II,Action,2026,Sierbahnn,7,2026-06-16,"Not a flawless victory, but fun  By no means is this a perfect movie, but it is a fun movie, for sure. There have been a lot of bad Mortal Kombat movies, but this is actually not just a decent homage to the games, but an actual movie, with a beginning, middle, and end, along with characters, arcs, and a storyline. The casting is good, with Karl being the standout, obviously. It is very polished, and it is a fun watch."
734,Mortal Kombat II,Action,2026,JPV852,6,2026-07-27,Entertaining enough of a fantasy-horror-actioner that I liked a bit better than the first film from 2021 and is light-years better than Mortal Kombat: Annihilation. Karl Urban plays a fun Johnny Cage and the fight scenes were good as were the gory deaths. Nothing I'll probably remember years down the road but I liked this well enough. **3.0/5**
735,Mortal Kombat II,Action,2026,Manuel São Bento,5,2026-09-04,"Check out my full review @ https://www.manuelsbento.com/mortal-kombat-ii-2026-karl-urban-tries-his-best-in-an-otherwise-underwhelming-sequel/    Rating: C    Five years ago, I gave the MORTAL KOMBAT reboot a cautious pass, mostly on the strength of its action. The sequel finally delivers the tournament fans wanted, but the fix comes at a cost: an overstuffed plot, an underused villain, and visual effects that don't always match the craft on display. Karl Urban is a genuine standout as Johnny Cage, effortlessly outshining everyone around him, and Adeline Rudolph isn't far behind. Everything else, though, feels rushed and thinly built."
736,Mortal Kombat II,Action,2026,Steveb29,9,2026-09-18,"Action movie filled with martial arts, what a way to spend the better part of two hours. Even with all the blood and gore, this did it for me. Add the humor injected with many familiar faces, what could possibly go wrong. If I had to say anything negative it would be that some of the fight scenes were unbelievable, but this is supposed to be fantasy so I looked past that. If action and martial arts are your genre, you should enjoy this movie. ⭐⭐⭐⭐"
737,Obsession,Horror,2026,Chris Sawin,6,2026-05-10,"Curry Barker has crafted something mostly special for an almost non-existent budget. The story is compelling, the acting is solid, and Obsession feels like a breath of fresh air in comparison to similar horror films. However, it’s disappointing that one shrill character trait nearly ruins the entire film. It’s because of this that Obsession will have to settle for being a well-made, well-written film dominated by one aggressively irritating character, which will hinder future rewatches much like Frank Darabont’s The Mist.    https://bit.ly/1WishWillO"
738,Obsession,Horror,2026,CinemaSerf,7,2026-05-17,"""Bear"" (Michael Johnston) has a crush on his pal ""Nikki"" (Inde Navarrette) but it's a love that dare not speak it's name. He hasn't the courage to even ask her out! When she decides that she has had enough of their two-horse town and wants to move away, he decides to buy her a gift and alights on a ""make a wish"" toy. Make your wish and it will come true as surely as if it were rubbed out on that lamp of ""Aladdin"". Well he gives her a lift home, but their parting is a bit wobbly and so in a fit of pique he snaps the gift and makes his wish after she has gone. What he doesn't expect is that it will come true, but that's just the start as the consequences of his hastily considered prayer begin to take over just about everyone's lives - and not necessarily for the better, or the safer, either. Things don't improve much for him when he discovers that his options to reverse his heart's desire are limited in the extreme. It's a toss up between the pair at the top of the billing here, but I re"
739,Obsession,Horror,2026,James Berry,8,2026-05-20,"Full Review: aisleseatreviews.com    ""Waking up in the middle of the night with the eerie sense that you’re being watched, only to look down and see your kid standing pitch-black next to your bed staring at you. That is the exact level of visceral dread this movie locks you into.""    Obsession is one of those rare, deeply unsettling horror films that doesn't just want to jump-scare you—it actively wants to get under your skin and suffocate you. You get about 15 minutes of relative safety at the start, but the exact second that One Wish Willow snaps, the air is completely sucked out of the room. You could literally hear a collective wave of tension ripple through the theater.    Inde Navarrette is phenomenal. Her ability to instantly pivot from an obsessed, psychotic girlfriend back to a normal, completely terrified Nikki who realizes she's trapped, and then snap right back into the madness is chilling. The bedroom scene where she watches Bear sleep is going to stick with me for a long"
740,Obsession,Horror,2026,deepaksabat,9,2026-06-10,"Obsession is an supernatural phychological horror film directed by Curry Barker, a youtuber turned filmmaker and what a crazy film he had made on a budget 1 million dollars. The concept itself is so interesting but terrifying at the same time that will make you think that why and how would Curry had come with such an idea. The film is so layered and deep in it's narrative that after watching the film every time you think about it, you will come across a new perspective and shade of every character. Technically the film is solid, may it be the sound design or the costumes or the prosthetics work or the set design which despite the minimal budget didn't look cheap. Performances of both the lead actors Michael Johnston & Inde Navarrette were exceptional, they nailed their roles. Michael does a great job as an observer, a guy who is terrified with what is going on around him, a guy trying to figure out but a subtle shade of selfishness in his character all along. And on the other side, the"
741,Obsession,Horror,2026,Dean,10,2026-06-13,"Curry Barker’s feature debut is a flawless, deeply unsettling masterpiece that takes the classic ""be careful what you wish for"" trope and turns it into a relentless nightmare. The film centers on a music store employee who uses a supernatural trinket to force his longtime crush to love him, unleashing a wave of horrifying, unhinged consequences. Visually striking and meticulously paced, the movie keeps you completely locked in from the opening frame to its devastating conclusion.  What elevates this psychological horror film to absolute perfection are the phenomenal acting performances from Michael Johnston and Inde Navarrette. Johnston is brilliant as Bear, capturing a desperate, tragic vulnerability that makes his downward spiral incredibly painful to watch. Navarrette delivers a tour de force performance as Nikki, flawlessly shifting between heartbreaking torment and a chilling, vacant fixation that anchors the entire film. It is an intense, unforgettable ride that stands out as one"
742,Obsession,Horror,2026,Sierbahnn,8,2026-06-25,"Creepy and lovely.  There's a movie called Smile which shares some of its constituent elements to this movie in that the creepiness of it builds over time and then becomes unimaginably violent towards the end. This movie does that quite well and it is very effective at building its tension. So when the mind-numbing violence does happen, it Hogan impact and a significance. Smile sort of front loads all of that violence, which means that the tension doesn't have time to build and you have to rely on other things to make it scary. This movie is simply better at it. The main plot is just another learning opportunity when it comes to making wishes. Just don't. Having seen several movies on this theme, we ought to know this by now. The casting in this is great, the direction is amazing, and the scary elements are earned. It is a really good and scary movie."
743,Obsession,Horror,2026,bokbokwhoosh,6,2026-06-29,"A well-acted take on an age-old monkey paw trope. For a low-budget debut, Curry Baker has made quite a splash. However, any 'horror' here  was through cheap audio cues, and the narrative will require you to do advanced gymnastics with your willing suspension of disbelief. A poor narrative, with unimaginative cinematography and choppy audio, the stellar acting by the cast is the only thing keeping this movie alive."
744,Obsession,Horror,2026,druscilla_of_old,4,2026-07-05,"I know I'm supposed to say I love this movie and it's the best thing I've seen this year (cause, for some reason, it seems to be the current movie fad among White audiences) but I'm gonna be real: Obsession is a mess of a rag doll strewn up with overused clichés and age-old literary and movie tropes. Like, for instance, the use of wishes to weave a ""be careful what you wish for"" cautionary tale is a centuries old literary trope. So is the ""crazy woman"" trope.    Yet, even if one chooses to ignore this, the movie is haunted by numerous other problems that are impossible to igore: pacing issues, poor dialogue writing, poor audio quality, and choppy editing, to name a few. The only saving graces for the movie seem to be a couple of well-timed jump-scares and the relatively well-done ""boys night out"" scene.    Those aside, I've seen some people, bafflingly so, tout this movie as a ""feminist"" movie. Like, what?! In what world exactly is a movie made by a White man (Curry Barker), led by a W"
745,Obsession,Horror,2026,Manuel São Bento,7,2026-07-19,"Check out my full review @ https://www.manuelsbento.com/obsession-2026-inde-navarrette-gives-the-horror-performance-of-the-decade/    Rating: B+    There's a version of OBSESSION that lives up to its own hype, and the version that I watched. What bridges the gap is Inde Navarrette's lead performance, which is so dedicated, so physically all-in, that I genuinely believe it's the best horror breakout of the decade! Curry Barker's direction is patient and confident, favoring dread over noise. The story, though, plays it safer than it should, gesturing at real ideas without fully committing to them. A highly entertaining, satisfying horror flick that I wish (*wink wink*) was as great as I hoped it would be."
746,Obsession,Horror,2026,"The Fixate & Binge Podcast, w/ Joe Curdy",9,2026-07-29,"Writer/director Curry Barker’s leap from YouTube viral fame to the big screen is one of the best success stories in Hollywood, and Kane Parsons’ **BACKROOMS** for A24 later this month appears to be further proof that the road from YouTube to Hollywood — while still less traveled — can make all the difference.    The viral success of Barker's [**MILK & SERIAL** (2024)](https://letterboxd.com/fixateandbinge/film/milk-serial/) showcased enormous potential and a natural instinct for low-budget horror filmmaking, making his transition to the big screen feel like a well-earned graduation.    In **OBSESSION**, Barker has crafted a slow-burn psychological horror film that steadily builds careens towards its shocking conclusion.    While the deliberate pacing occasionally tested my patience, once Barker’s story fully unfolds, it seeps into the viewer’s psyche in ways few recent horror films have managed — provoking deeply uncomfortable questions about consent and free agency, while possibly mak"
747,Obsession,Horror,2026,Vinicius Monteiro,7,2026-07-31,"There’s a fine line between genuine affection and possession, and horror movies usually thrive when crossing it. I went into *Obsession* expecting a psychological deep dive into emotional dependency, but what we actually get is an experience that violently swings between brilliance and frustration. Directed by Curry Barker, the film swings big in its attempt to show toxic masculinity and the loss of free will. The first thirty minutes are genuinely suffocating, doing a great job of making you feel trapped. But while Barker takes huge risks for his debut feature, the movie stumbles trying to keep that momentum going.    The real trouble starts when the story needs to stretch past its initial premise. The second act drags hard, trapping the viewer in a repetitive loop of jealousy and chasing that goes nowhere. They could have easily chopped at least twenty minutes in the editing room. On top of that, the indie budget really shows; scenes meant to be psychologically oppressive are ruined"
748,Obsession,Horror,2026,Martin Oaks,7,2026-08-19,"**Emotional Hijacking**    Bear is a shy, introverted young man working in a music shop who is deeply and secretly in love with his friend and colleague, Nikki. Desperate over his unrequited romantic longing, Bear acquires a mysterious supernatural object called ""The Weeping Willow,"" which has the power to grant wishes. Blind to the consequences, he wishes for Nikki to fall in love with him ""more than anything else in this world."" The spell works instantly, but the idyllic dream swiftly morphs into a nightmare: Nikki’s implanted love mutates into an irrational, suffocating, and deeply disturbing behavior. Her morbid devotion erases the boundaries of her sanity, unleashing a downward spiral of violence and obsessive possessiveness that threatens to destroy both their lives and everyone around them.    In certain aspects, ""Obsession"" stands out as the great revelation of contemporary horror cinema. Operating on a shoestring budget of just $750,000, director Curry Barker achieves what man"
749,Obsession,Horror,2026,Yasmin J. Lee,7,2026-09-25,"### My little food critic 🗒️    Just because Current Joys finally got justice for their underrated music doesn’t mean anyone else in this flick did. Long story short: Bear is the true villain of this story. I appreciated Curry Baker’s rom-com subversion. There were moments when Bear seemed like a guy trying to navigate romance in the age of disengagement and misunderstandings. However, at every twist and turn, he failed to correct his mistake. Ultimately dragging the cast of characters to a Shakespearean tragic ending.    Despite Baker not giving us insight into Nikki’s headspace, I assume she’s in a “Get Out”-adjacent sunken place. As a result of Bear’s haphazard wish, Nikki has become a passive viewer of her relationship with Bear. Frozen at her doorstep, an [obsessive](https://youtu.be/GrNt7Vz68oY?si=x1CsxLA6K-vGQt6X) (take a shot) spirit takes control of her body. Rather than connecting the dots, Bear is blissfully ignorant of the effects of his one wish.    I haven’t watched the f"
750,Project Hail Mary,Science Fiction,2026,Brent Marchant,6,2026-03-14,"When times are tough and world-weary souls have looked for an avenue of escapism to retreat from their woes, worries and weltschmerz, they’ve often flocked to the movies to relieve that pent-up pressure. And, at a time when it feels like the world is going to you-know-where in a you-know-what (like now), that’s true more than ever. So it’s with that in mind that this much-anticipated sci-fi space adventure from directors Phil Lord and Christopher Miller enters the picture, a release promulgated with the hope of providing that much-needed and much-hoped-for entertainment remedy. Unfortunately, it comes up seriously short of the mark. When once-famous but now-discredited scientist Ryland Grace (Ryan Gosling) redeems himself by discovering the cause of a space-based catastrophe lying in wait with the potential to devastate the Earth, he’s “recruited” by an international panel of investigators (led by a regrettably miscast Sandra Hüller) to participate in a mission to resolve the issue. He"
751,Project Hail Mary,Science Fiction,2026,CinemaSerf,8,2026-03-15,"I think this might be my favourite sci-fi film since “Galaxy Quest” (1999) and like that, this is a solid and entertaining story led by an actor who is quite possibly getting better looking and more charismatic as he gets older. “Grace” (Ryan Gosling) is the kind of interactive science teacher that I’d have loved. Few text books, just gadgets, gizmos and beanbag factoids that appear to keep his teenage students interested and enthusiastic. When he leaves one afternoon he encounters the enigmatic ""Eva” (Sandra Hüller) who knows of his more rebellious past amongst the scientific community and who invites him to participate in a crucial and global project. The sun is dying, and rapidly, and they have identified what they think might be the cause. Quickly identifying what he calls the “astrophage”, he is soon aboard an aircraft carrier in the middle of the ocean working on an antidote that might be sourced from a star light years from earth. A scientist he wants to be - an astronaut, well"
752,Project Hail Mary,Science Fiction,2026,nick_012,10,2026-03-19,"Incredible movie. So heartwarming and funny. The cinematography is gorgeous, the story is so entertaining and you get so emotionally invested to the characters. Ryan Gosling will never disappoint me."
753,Project Hail Mary,Science Fiction,2026,Manuel São Bento,8,2026-03-21,"Full review: https://movieswetextedabout.com/project-hail-mary-movie-review-ryan-gosling-shines-in-a-visually-stunning-redemption-story-for-the-ages/    Rating: A-    ""Project Hail Mary stands as a triumph of narrative over technique, where the redemption of a man who believed himself a coward becomes the symbol of hope for an entire civilization. It’s a beautiful exploration of how genuine communication and personal sacrifice can tear down the most unthinkable barriers, uniting two beings from opposite worlds in a common purpose. Leaving the theater, my thoughts weren’t focused on orbital physics or alien chemistry, but on the profound lesson of altruism that Rocky and Grace leave to the real world. It asserts itself as one of the most immersive and emotionally rewarding sci-fi experiences in recent cinema, joining the technical grandeur of an IMAX production with the intimacy of one of the purest friendships ever seen on screen through a memorable performance by Ryan Gosling. It remi"
754,Project Hail Mary,Science Fiction,2026,JPV852,8,2026-03-22,"Never read (or heard of the book but not much of a book reader aside from crime-thrillers) so I don't know anything about it, but thought this was a lot of fun with heart and Ryan Gosling was great. Hampering my experience was a girl next to me trying to get every drop of her slushie and the last 30 minutes having a full bladder not to mention the really warm theater. I was in a D-BOX seat which was well utilized. I'll check it out again once it gets to 4K. Still, solid sci-fi drama. **4/5**"
755,Project Hail Mary,Science Fiction,2026,Chris Sawin,9,2026-03-22,"Project Hail Mary is a prime example of why cinemaphiles love going to the theater. If popcorn flicks are capable of being intellectually stimulating, incredibly emotional, and monumentally worthwhile, then Project Hail Mary is the ultimate popcorn flick.    https://www.giantfreakinrobot.com/ent/scifi/hail-mary-review.html"
756,Project Hail Mary,Science Fiction,2026,Mattfav,7,2026-03-24,"Project Hail Mary presents itself as a modern science fiction centered on the classic mission to save the world, or in this case, multiple worlds. During his journey, the protagonist is joined by the likable Rocky, a character used to further lighten the tone and distract from a plot that evolves through one contrivance after another. The convenient demise of the entire crew feels highly engineered, serving only to force an intimate dynamic between the two characters. A series of convenient coincidences allows the story to conclude in the most favorable way possible. Furthermore, what initially appeared to be a scientific focal point, the protagonist’s conviction regarding non carbon based life, is effectively validated by Rocky’s existence, yet the film fails to follow through leaving a significant thematic thread unresolved. Ultimately, it is an enjoyable, light, and occasionally humorous film; however it fails to leave a lasting impression. While the viewer is certainly entertained"
757,Project Hail Mary,Science Fiction,2026,HansBlix,10,2026-03-30,"The best movie I've seen in years, by a longshot. Highly recommend seeing this one in the theater too, the sound is incredible.     ⭐⭐⭐⭐⭐ (5/5)"
758,Project Hail Mary,Science Fiction,2026,BURG3R5,9,2026-03-30,"Great visuals and humor, but they took out many elements that made the book distinct from a generic ""hero saves the world"" story, and made Grace and Stratt palatable to an unnecessary extent."
759,Project Hail Mary,Science Fiction,2026,Zdeny007,8,2026-04-02,"Well, first half of the movie feels a bit stretched and not very engaging. But the second half was more interesting and has a great audio backing. The visuals like camera and VFX are excellent and a pleasure to watch.     I think its a great movie for everyone, who loves scifi or simply wants to see Ryan Gosling. He is doing a great job and with Rocky they are a perfect duo."
760,Project Hail Mary,Science Fiction,2026,Dean,9,2026-04-04,"The film adaptation of Project Hail Mary is a masterclass in how to translate a high-concept sci-fi premise into a deeply moving cinematic experience. While the technical aspects and the scale of the cosmic mission are undeniably impressive, the true strength of the film lies in its profound emotional core.    The narrative goes beyond the ""competence porn"" of solving physics problems and instead focuses on the vulnerability of being completely alone—and the transformative power of finding a connection in the most unlikely of places. The relationship at the center of the story is handled with a delicate, genuine warmth that makes the stakes feel intensely personal rather than just global. It is a rare film that manages to be intellectually stimulating while simultaneously making you feel a deep sense of companionship and hope.    The performances ground the more fantastical elements, ensuring that the humor and the moments of quiet reflection land with equal impact. It’s a beautiful re"
761,Project Hail Mary,Science Fiction,2026,databear,1,2026-04-16,"Boring, waist of time. poor excuse for sci fi. pixar joke movie for kids maybe. but thought provoking, intelligent sci fi it is not. From the first scene, the slap stick tone sets the scene for the whole movie. was the director too scared of space where no one hears you scream? The dual timeline didnt work. the main character seemed like two different characters. it didn't ring true on any level. This film is nowhere near the likes of Interstella, Arrival or Moon. Its lego movie is space.  such a shame. a real misfire.  Give it a miss. too long to be worth your time."
762,Project Hail Mary,Science Fiction,2026,Sierbahnn,8,2026-05-01,"This movie is not perfect, but is is tense, and abstract, and deeply funny. It is essentially a one-person narrative with some cgi to act with, and Ryan pulls it off well. The story is strange and intriguing, as is the companion protagonist, making the movie very enjoyable. It is just a fun sci-fi adventure/buddy-movie, and I can highly recommend it."
763,Project Hail Mary,Science Fiction,2026,tmdb70454011,3,2026-05-13,"3 out of ALL stars!    A very unpleasant movie. During marketing it was presented as 'sophisticated' science fiction evoking Interstellar. In execution it's like Jim Hanson's Interstellar, an episode of 80s Sesame Street with a money-press budget. Mistake? Confusion? Narcotics? Nefarious nihilism? You decide. A high-brow european actress known for dramatic roles was cherry-picked into a non-descript role, hired to maintain the 'sophisticated' science fiction impression. Scenes with melodrama, gravitas and pathos interchange with scenes of Muppet Show buffoonery like in a throughly shuffled deck of cards. The ship's computer is less competent than Robbie the Robot and serves as another buffoony puppet alongside Gossling - you read that right, ohoho. Gossling spends half of the movie doing a Will Ferrel level SNL impression of a kind drunk trucker in full kind-drunk-trucker getup. Nothing wrong with kind drunk truckers, especially when parked in rest-stops, they are the red blood cells o"
764,Project Hail Mary,Science Fiction,2026,userloser,3,2026-05-20,"3/10 roentgen, not great, not terrible. The premise is absurd and completely lacking credibility and that shows in the performances - the actors are there to read their lines and be done with it. The worst is, of course, the inconvincing and unrelatable replay by Gosling of what we've seen in another hundred of similar movies. Sci-fi is not his thing, really, neither is hugging. The plot is linear, predictable and truly boring. The brief socio-political excursion into earth politics is also trite, preachy and boring and without nuance. Not even good enough for a long-haul flight."
765,Project Hail Mary,Science Fiction,2026,mroogway__,9,2026-05-24,There is something about stories set in outer space that make me feel hopeful of the possibilities of this outer space film productions that science fiction directors often hint at. This was definitely an incredible experience that I would go as far to compare to the experience I had watching Interstellar. Gosling and Huller have incredible chemistry in this and look to be conternders for next years academy awards despite the films early release. Unfortunately I was not able to experience this on an IMAX screen (because it is not available in our country) nor was I able to see it on the biggest screen in our country but I still felt that same outer world experience you get from such productions.
766,Project Hail Mary,Science Fiction,2026,claristo,9,2026-06-01,missed a few key-ish moments from the book but thats totally understandable and it still works great. similar comment about Stratt's character but again not deal breaking. I'm gonna spend my entire life shouting about practial effects because I am convinced they make every movie better and make them feel so much more human and cared for and thought through - what they did for this was sooo cool and I love it sm
767,Project Hail Mary,Science Fiction,2026,Vinicius Monteiro,7,2026-06-09,"Waking up in the absolute void, with no memory, and carrying the weight of saving humanity on your shoulders. This setup had everything to be just another generic sci-fi flick we forget about a week later, right? But ""Project Hail Mary"" tries to pull the rug out from under us by mixing the coldness of space with an unlikely tale of friendship. The result is a ride that hits a few narrative potholes but definitely won't leave anyone indifferent. Let’s break down what actually works and what got lost in orbit in this blockbuster.    Doing a movie where the lead spends most of the time alone talking to thin air is a trial by fire for any actor, and Ryan Gosling passes with flying colors. He delivers a near-perfect mix of constant vulnerability, sharp wits, and his signature sarcastic humor. Watching this guy transition from a scared teacher to the reluctant savior of humanity really hooks you. Gosling uses that blank stare and little nervous tics to show the panic he’s trying to hide behi"
768,Project Hail Mary,Science Fiction,2026,MSSR,10,2026-06-10,"I am truly blown away by how beautiful and deeply connected this film felt. Every single moment shared between the main characters felt incredibly genuine and fresh, which is something I haven't experienced in a long time. It’s rare to find a story that hits those emotional notes so perfectly, making you feel everything right along with them. Thank you so much for creating such an amazing, heartwarming film; it was an absolute pleasure to watch and will definitely stay with me for a long time."
769,Project Hail Mary,Science Fiction,2026,badelf,9,2026-07-07,"Summary: 9/10: thrilling, funny, emotionally resonant sci-fi that uses its high concept to ask essential questions about cooperation, sacrifice, and whether we can save ourselves before it's too late.    I hadn't read Andy Weir's award-winning novel before seeing the film, so I wouldn't be disappointed by the adaptation. And I wasn't. The Lord-Miller team, Phil Lord and Christopher Miller, made this an exciting and rewarding sci-fi film that captures Weir's science-heavy problem-solving while never losing sight of its emotional core.    Ryan Gosling totally nailed the sardonic scientist, insisting on playing someone not good at being in space, someone who flips out and feels clumsy in zero gravity. His character arc, from isolated problem-solver to someone capable of profound emotional connection with Rocky, a sentient rock-shaped alien, is beautifully rendered. Gosling brings vulnerability and humor to a role that could have been purely cerebral, making Grace's transformation genuinel"
770,Project Hail Mary,Science Fiction,2026,MovieGuys,9,2026-07-16,"Like a warm hug from the universe. That's how I'd characterise ""Project Hail Mary"". This is not an easy film to make, and yet its talented screenwriters give it laid-back, airy lightness, married up to a tale that's deeply humanistic and moving, even when it's being otherworldly. Action elements are present, but it's the story of two unlikely friends that really binds this wonderful film together.    In summary, it's rare for me to say ""I loved a film"", but ""Project Hail Mary"" is a film I won't forget. It's a reminder that it can be ""good to be human"" and, well, ""not human,"" too! An instant classic."
771,Project Hail Mary,Science Fiction,2026,"The Fixate & Binge Podcast, w/ Joe Curdy",10,2026-07-29,"Take the intergalactic splendor of **INTERSTELLAR**, mix in the humor and existentialism of **THE MARTIAN**, and what you get is **PROJECT HAIL MARY**, a masterpiece of filmmaking from directors Phil Lord and Christoper Miller, adapted for the screen by Drew Goddard from Andy Weir's 2021 novel (the latter of which collaborated on Weir's previous novel **THE MARTIAN**).    Featuring a strong central performance from Ryan Gosling as Dr Ryland Grace, a brilliant astrophysicist whose banishment from his science colleagues results in a rewarding, but secondary career as an unsung Middle School science teacher.    But the Earth is imperiled by a mysterious phenomenon affecting the literal source of life in our Solar System resulting in the incremental cooling of our Sun by a scientifically baffling occurrence -- and suddenly Dr Grace is called upon to test the very theory that resulted in his ignominious discrediting from the scientific community.    Helping the global project is Dr Eva Stra"
772,Project Hail Mary,Science Fiction,2026,nggr,4,2026-08-21,"Many cliches of modern movies are unfortunately true for this movie. No character in this movie takes anything serious. Most of them are unlikable. People who should be professionals in real life behave like spoiled and impolite teenagers in this movie - this is probably the developmental level of the writers. I don't think you can enjoy the first two hours of this movies if you're above 16 and not suffer from arrested development. I didn't care about anything that happened because everything was treated as joke. During a funeral scene where the protagonist cried - I felt nothing because 20 seconds earlier who was roaming through the spaceship, breaking stuff while upbeat music was playing .  After 1:40 h I realized that I would have to endure one more hour of this overlong film. It gets better in the final hour, but never good.    If you're still hoping for some kind of sci-fi idea or concept , you will be mostly disappointed. You will get to see beautiful but soulless CGI. The alien"
773,Project Hail Mary,Science Fiction,2026,Mursal Hayat,10,2026-08-24,"**Project Hail Mary**    A masterpiece. This is the kind of sci-fi movie that reminds you why I love cinema. It has that rare **Interstellar-level sense of scale, wonder, emotion, and discovery**.    The story, the visuals, the science, and the feeling of being completely lost in the vastness of space all work beautifully together. But what really makes it special is the emotional connection at the heart of the story.    I went in expecting great science fiction and came out thinking I had just watched something unforgettable. **An interstellar-level experience.**"
774,Spider-Man: Brand New Day,Science Fiction,2026,Manuel São Bento,9,2026-07-28,"Check out my full review @ movieswetextedabout.com/spider-man-brand-new-day-movie-review-destin-daniel-cretton-delivers-peter-parkers-most-personal-story-yet    Rating: A    SPIDER-MAN: BRAND NEW DAY had every excuse to become a bloated victory lap for the MCU’s biggest names, and instead it turns out to be the most emotionally mature, personal Peter Parker story we’ve gotten yet — one that treats its sprawling cast as tools in service of a single, aching question about isolation, identity, and what it costs to keep pretending you don’t need anyone. Tom Holland has never been better, Sadie Sink announces herself as a genuine star, and Destin Daniel Cretton proves that even inside Marvel’s most crowded corner, a story can still belong entirely to one person. With some of the best Spidey action I’ve ever witnessed, a standout Michael Giacchino score, and terrific performances across the board, this is definitely top-tier MCU."
775,Spider-Man: Brand New Day,Science Fiction,2026,nkuk,5,2026-07-30,"The name ""Brand New Day"" is very much a misnomer, there is nothing new in this film, you've seen it all before.    The film REALLY drags, is boring and I zoned out multiple times, the film didn't hold my attention at all. It feels like its twice the length of its runtime it goes on, and on, and on, and on.    I think that Spiderman worked better when it was separate from the MCU shared universe goofiness, there is some really cringy MCU stuff shoehorned in.    Not a bad film, its a perfectly competent routine superhero film, the heroes are introduced, the villain is introduced, then the superhero wins, same plot as every superhero film. I was hoping for something Brand New - it did not deliver."
776,Spider-Man: Brand New Day,Science Fiction,2026,Sejian,7,2026-07-31,"I enjoyed this, but I have a few glaring issues.    SPOILERS AHEAD:    1. How many times are we gonna do this !@#$ where folks don't say what the !@#$ their problem is? We spent half of the movie with Jean terrorizing Peter simply because he got in her way. At no point does she think to reason with him and say, ""DEM MOFOS HAVE MY MOFO-ING SISTER, YOU MOFO-ING ARSEHOLE!"" Really? Really? We ""SSAAVVVEEE MMAAAAAARRRRRRTTTTHHHHAAAAA""-ing this up again?  2. Damage Control has been out of control since WandaVision and Ms. Marvel. How the flying !@#$ are they still operating without oversight? Furthermore, how the !@#$ is Metzger still on the loose? It's like Kingpin at the end of Daredevil Season 2: a whole bunch of philosophical bull!@#$, and no justice. No justice for Sara, no justice for Jean, no justice for Metzger's crimes.  3. I don't accept ""small potatoes"" excuses. Were the events of Daredevil Season 2 too small potatoes for Yelena to cameo? Also, where is Xavier? Is it too ""small pot"
777,Spider-Man: Brand New Day,Science Fiction,2026,Brent Marchant,6,2026-08-02,"When I watch a movie, I expect to be entertained, enlightened and/or informed (not necessarily in that order or all at once). But what I *don’t* want is to be treated like a marketing prospect. And that, unfortunately, is one of the problems with many of the releases in the Marvel Universe, including this latest installment in the Spider-Man franchise. Given the studio’s intricate web of properties (no pun intended) in this overlapping assortment of superhero franchises, there are considerable character and storyline cross-overs in virtually all of its film projects. Now, because of that, some cross-pollination of the narratives is bound to occur. But, when this practice becomes a key element in developing the plots of these offerings, it begins to feel more like marketing manipulation than bona fide storytelling, as is the case here. I don’t particularly appreciate using existing efforts to purposely promote upcoming productions. It tends to make these movies somewhat formulaic and co"
778,Spider-Man: Brand New Day,Science Fiction,2026,GenerationofSwine,7,2026-08-02,"Haven't seen a Marvel Movie in a long time, haven't really wanted to either.  Last one I saw was Spider-Man... which I think is the case with a lot of people.  Tom Holland is carrying what is left of a once great franchise now in it's death throws, lost in an attempt to court the nonexistent ""modern audience.""  But that's what happens when you sacrifice your fanbase on the altar of the woke gods, you end up making movies no one wants to see by trashing the franchises everyone loved.      And now Tom Holland is left carrying the weight of it.    So, what was the movie like?  Well, it was badly in need of an editor. This is one of those movies where the directors cut should make it shorter not longer.  The pacing sort of sucked, there were cameos in it that didn't need to be in it.    The side story of Spidey leveling up didn't need to be in it. The police captain didn't need to be in it.  If they cut some of the fat, the movie would have been a lot better.  It would have flowed a lot be"
779,Spider-Man: Brand New Day,Science Fiction,2026,JPV852,8,2026-08-02,"Well made and all around fun and entertaining entry in the Spider-Man franchise features fine performances all around and nice twist (thankfully I avoided spoilers). It's not amongst the best in the comic book genre or anything (though still ranks in my top 15 in that category), but I had a good time. Tom Holland is still perfect in the role and I liked his scenes with Zendaya. **4.25/5**"
780,Spider-Man: Brand New Day,Science Fiction,2026,Chris Sawin,9,2026-08-05,"Even with its minor flaws, *Spider-Man: Brand New Day* is the best Tom Holland Spider-Man film to date and easily the most exciting the MCU has been in years. Spectacular performances, sensational action choreography, an amazingly mesmerizing story, and some of the most astonishing web-slinging sequences of any Spider-Man film to date help solidify *Brand New Day* as one of the best Spider-Man films ever.    https://bit.ly/SpiderCant"
781,Spider-Man: Brand New Day,Science Fiction,2026,CinemaSerf,7,2026-08-06,"""Peter Parker"" (Tom Holland) is pining. After having to sacrifice everyone's memory of him to save the world in the last film, he now has to swing from building to building in his red and blue kevlar stopping crimes whilst the biggest of all - his loss of ""MJ"" (Zendaya) remains unsolvable. The poor fella is lonely and so is putting all his efforts into his work to the extent that his police pal ""DeWolff"" (Liza Colón-Zayes) is starting to worry about his wellbeing. Well it isn't long before he is too - his spidey-senses are all over the shop. What's occurring? Well a chat with the sauna-dwelling ""Black Widow"" (Florence Pugh) following an Azazel-like experience with an ostensibly malevolent creature that can jump from person to person to person - but that can't use him as a conduit - starts to really get him confused. On the personal level, he has learned that spiders have three stages to their lives, so perhaps this is just a natural readjustment? He reckons a chat with ""Banner"" (Mark R"
782,Spider-Man: Brand New Day,Science Fiction,2026,RetroWill,6,2026-08-07,"Not an absolute disaster, but 6.5/10 at best. It falls well short of the previous trilogy, and it baffles me how it’s breaking records and pulling top reviews. It felt like a tired, bloated movie riding purely on hype and pent-up demand for a Tom Holland outing.     My biggest issue was the core supporting cast. The emotional weight of No Way Home relied on Peter's sacrifice so they could live safe lives. Bringing them back when they don't even remember him felt like a total cop-out. They served zero narrative purpose and were clearly included out of obligation. Reverting on that sacrifice undercuts the last film, and the story would've been far tighter without them taking up screen time.     The pacing and stakes were just as frustrating. A weak central conflict left a 2.5-hour movie dragging with shockingly little happening. To mask the lack of momentum, shoehorned hero cameos were jammed in for fan service rather than Peter's arc, weighing the story down with broader MCU maintenance"
783,Spider-Man: Brand New Day,Science Fiction,2026,popcar2,5,2026-08-09,"Easily the worst Tom Holland Spiderman movie. The plot is unambitious and leaves so many plot points hanging it feels like barely anything was resolved, and they were scrambling to create a third act where Spiderman has to fight anything.    Why would they introduce Jean and then not resolve her plot line… At all? She starts the movie on the run, looks for her sister, realizes she’s dead, then goes back to being on the run. It didn’t really feel like we accomplished anything. It didn't feel like she had any character arc because we still don't know anything about her, other than she's mad at the people who kidnapped her sister.    Also, the twist of her not being the villain is CRAZY to me because she was insanely evil and spent most of the movie messing with Spiderman, threatening to kill his girlfriend, possessing multiple people and making them attempt suicide, and causing untold damage… only for the movie to end with “actually she’s a really nice person deep down inside?” What??? S"
784,Spider-Man: Brand New Day,Science Fiction,2026,ianrathbone,9,2026-08-14,#filmreviewhaiku    Manhattan rising / Genius inherited / Villains come in waves    #filmreviewhaiku        &nbsp;
785,Spider-Man: Brand New Day,Science Fiction,2026,desaikrishna29,5,2026-09-14,"*Spider-Man: Brand New Day* is, in my opinion, the best Spider-Man movie so far. The movie has everything I want from a Spider-Man story—an exciting plot, great action, emotional moments, and a strong connection to the character. The actors have done a really nice job, and their performances make the characters feel natural and enjoyable to watch. I especially loved the overall vibe and energy of the movie. Every scene kept me interested, and the story never felt boring. For me, this is the perfect Spider-Man experience and easily one of the most enjoyable superhero movies I have watched."
786,Spider-Man: Brand New Day,Science Fiction,2026,andrewtislercinephile,10,2026-09-14,"*Spider-Man: Brand New Day* is an example of why Tom Holland's Peter Parker / Spider-Man is my favorite incarnation of the character in live-action. The story is the most mature of the Sony/MCU Spider-Man films, showing how Peter navigates being a superhero in a world where people forgot his name. Because Dr. Strange had wiped people's memories with a spell at the end of the previous film, *No Way Home*, both Ned Leeds and MJ don't remember him, leading to a fractured relationship between the three of them, but at the same time, their dynamics are still in there somewhere, and the way they handle their reconciliation-ranging from MJ drawing Peter and Ned building Lego sets together to Peter and Ned recreating their handshake at the end-is poignant and poetically symbolic because it shows that their connections are still airtight, even if MJ and Ned don't know who Peter Parker currently is. Now regarding Jean Grey, I was a little bit skeptical at first of her being the antagonist, espec"
787,Spider-Man: Brand New Day,Science Fiction,2026,Sierbahnn,8,2026-09-19,"This is a very decent superhero movie. It does build on previous movies and builds the narrative for the next one in this shared universe, but it doesn't become overburdened with references or cameos. It only includes two other established heroes and the dynamic between Spider-Man and these two make for the rest of the movie. It is a good entry in the continuing Marvel saga and is a good example of how less is sometimes more."
788,Supergirl,Action,2026,Manuel São Bento,6,2026-06-24,"Check out my full review @ https://www.manuelsbento.com/supergirl-2026-a-fierce-gritty-cosmic-awakening-hampered-by-familiar-trimmings/    Rating: B-    SUPERGIRL is a beautifully gritty, visually striking cosmic adventure anchored by a powerhouse performance from Milly Alcock, who perfectly captures the raw vulnerability and fierce strength of Kara Zor-El. While the film shines brightest when diving into the somber depths of survivor's guilt and features a scene-stealing Jason Momoa as Lobo, it gets dragged down by a bland villain, an inconsistent emotional anchor in Eve Ridley's Ruthye, and incredibly frustrating, mood-ruining needle drops. Still, I found it a highly personal origin story inserted in a space western worth experiencing on the big screen."
789,Supergirl,Action,2026,Brent Marchant,3,2026-06-25,"When one watches a movie and leaves the theater wondering who the picture was supposed to be made for, it doesn’t bode well for the film. Unfortunately, that’s very much the case for one of this summer’s most anticipated blockbusters, the latest effort from director Craig Gillespie. So why the confusion over the target audience? It’s simple: this action-adventure superhero release is all over the map, an offering that decidedly feels like it was put together by committee (and probably a marketing/product development committee at that). The picture includes a little of this, a little of that, and, ultimately, a whole lot of nothing. “Supergirl” plays like yet another cookie-cutter release in this genre, except that it also can’t really decide what it wants to be. From what I could tell, this is supposed to be an introduction/origin story (told in flashbacks) about Kara Zor-El (better known as the film’s title character) (Milly Alcock), a refugee from the doomed planet Krypton. She makes"
790,Supergirl,Action,2026,RoyMcKenzie,1,2026-06-27,"A frustrating mess of a movie that never figures out what it wants to be or who it’s for. The story is paper‑thin and strangely unfocused, drifting from one generic fight scene to the next without any real emotional weight or clear narrative purpose. For a supposed origin film, it does a poor job making Kara Zor‑El feel compelling, coherent, or even particularly likable.    Milly Alcock’s take on Supergirl is part of the problem. Instead of giving us a hero with depth or charisma, the film leans into a moody, often inebriated drifter who spends more time sulking in space dive bars and cleaning up after her chaotic dog than actually growing as a character. The attempt to make her “edgy” ends up making her feel shallow and oddly off putting. It doesn’t help that Alcock has publicly gone out of her way to antagonize the very demographic most likely to show up for this movie 13 to 17 year old boys. It’s hard to get invested in a character when the actor seems to hold a visible contempt for"
791,Supergirl,Action,2026,UnkleBubbie,10,2026-06-28,The online manosphere was attacking this movie online well before it was ever released in theaters. Feels like there is probably significant crossover with the people who bemoaned Barbie & The Little Mermaid. It's an action packed movie with a lot of heart. If this same plot was a Superman movie the dude-bros would be praising it... Don't listen to the chatter. Embrace your individuality and check it out for yourself.
792,Supergirl,Action,2026,CinemaSerf,6,2026-06-30,"""Kara"" (Milly Alcock) is an unfulfilled soul who revels in a bottle and a battle in equal measure - despite the more restraining attempts at influence from her more famously caped cousin (David Corenswet). That explains why she isn't so very interested in getting involved with ""Ruthye"" (Eve Ridley) who is on a quest to avenge her murdered family at the hands of the mighty ""Krem"" (Matthias Schoenaerts). It seems, though, that try as she might she can't shake off this pesky brat and after an altercation of her own with this man as he pinches her spaceship and puts a dart into her beloved pooch ""Krypto"", she is soon embroiled in a series of escapades across the galaxy seeking the antidote that hangs in an amulet around his neck. All the while, ""Lobo"" (Jason Momoa) on an huge motor cycle that might ask some very personal questions about this bounty hunter's inadequacy complex is also seeking ""Krem"" and so works alongside, if not exactly in tandem, with the pair as they constantly manage to"
793,Supergirl,Action,2026,MovieGuys,7,2026-07-14,"I have to confess I came to ""Supergirl"" expecting not a lot. General reviews online and on YouTube have, for the most part, not been positive. Starting with the negatives, yes, there's a dash of woke nonsense. That said, it's not overdone, although I strongly feel any and all films are better off without it.     On the upside, this is quite an enjoyable romp. The main character of Supergirl is likeably dysfunctional and quirky, traits that follow through in the story and other characterisations. This isn't the ""saccharine superman"" franchise; it's the grunge, cyberpunk edition. Everyone's a little weird, and it works really, really well.     Pacing is on the mark too, with action that's colourful, at times gutterally violent, frenetic and oddly fun. On the subject of which, this film has a sense of humour. It's often rather trashy, but given how this film is presented, it complements it comfortably.     In summary, I liked ""Supergirl"". There, I've said it. It's fun, eccentric in a good"
794,Supergirl,Action,2026,Sierbahnn,6,2026-07-29,"This is a fun little movie with a decent enough introduction of Supergirl and I think they do a fine job of moving her around and getting her to engage in the plot and doing things without turning into God mode and just ending the plot immediately. The inclusion of the sidekick is good and adds a lot to the narrative flavor of the story and it is fun to see Lobo do Lobo things even though he doesn't get that much room in this movie. Considering the last Supergirl movie was a very very long time ago I think this updates the character and makes her a bit more approachable. I'm not sure that the direction is where we want the character to end up ultimately, but this isn't a bad setup at all."
795,Supergirl,Action,2026,Sejian,7,2026-08-01,"Dare I say, that by the end of Supergirl, I kinda enjoyed it more than Spider Man: Brand New Day, for one main reason:    **\[SPOILERS AHEAD FOR SUPERGIRL, SPIDER MAN: BRAND NEW DAY, AND DAREDEVIL: BORN AGAIN S02\]:**    After all the philosophical ""killing him won't bring your family back"" BS, Kara kills the villain. She left a bunch of the others alive, but she killed the main villain. Thank !@#$!    *Compared to Brand New Day allowing a child killer to get away so he can return in an X-Men sequel, where he'll probably kill some more kids and get away with it too.*    Real life is imitating dystopian fiction a little too much these days. I don't need my fictional escapes being as incompetent as real life. Either the villain wins the day, or they get !@#$ed. That's the bar. No more ""he's free but he has no power, and that's worse for him than being imprisoned"" philosophical BS.    That being said, I need to re-watch this to nitpick my issues with it, but one of them was certainly the"
796,Supergirl,Action,2026,Kwazie,2,2026-08-03,"Unfortunately this was not a good movie... The bad guys were all very one dimensional, the movie was full of inconsistencies and weird logic. I feel the movie was more focused on ""The Message"" then making a good movie :("
797,Supergirl,Action,2026,YouShouldKnow,4,2026-08-16,"Open head, take out brain, enjoy film.    Don't worry about the story, it's just good vs bad again. There is no real depth to the movie. It's just there to give an excuse to show you bright colors, amazing animation, and throw in standard accents to solidify the impression that certain people are good and others are bad. Certainly do not try and learn any lessons from this film - certainly not cultural and not about mental health.    Operate at a state of lower consciousness during consumption. Let the pretty pictures  and droning bass tickle your sensory inputs to distract you from the world around you.    Just a typical Marvel film."
798,Supergirl,Action,2026,krabat,4,2026-09-10,"I really wanted to like this movie, but the whole action was exaggerated, that it ended up silly.     They wanted Supergirl to be cool. She has the dog ""Krypto"" and seems all in pain - mostly emotionally, but it's not done in a convincing way. The whole movie feels very shallow and is just another action flick. Milly Alcock and Jason Momoa were good, but couldn't save the bad script.     *Little Spoiler ahead:*     On a final note, Supergirl says ""Ruthye"" shouldn't do revenge, but in the end Supergirl kills the the bad guy and fullfills the revenge part all by herself.    Rating: 4/10"
799,Supergirl,Action,2026,Dr Nostromo,8,2026-09-21,"77/100    While reluctantly helping a girl on a vengeance quest, Supergirl's dog, Krypto, is poisoned. The pair must hunt down the Brigands for an antidote and revenge. The moralistic elements are pretty cliche but they're simply there to provide a framework for an action adventure and in that, they delivered. Not on the same level as some other superhero films but there is still plenty here to like. The characters were colorful and full of personality, the action and spec fx were exciting, the make-up is awesome and the humor usually hits the mark. My wife and I loved it. - DrNostromo.com"
800,The Odyssey,Adventure,2026,MovieGuys,4,2026-07-14,"Monty Python couldn't improve on this. Suffice to say, someone doesn't know their classical Greek history/mythology too well. They have excavated remains from the site of Troy and undertaken facial recreations. Would it surprise anyone to know they look Greek? Would it surprise anyone, too, to know the main figures of Homer's work, are described clearly, as Greek?    Upsides include reasonable if at times miscast acting, great sets, okay action and top locations.    In summary, I wonder what actual Greeks make of this re imagining of their proud heritage? For me, what I can say the past is what it is, not what revisionists want it to be. Enough said."
801,The Odyssey,Adventure,2026,Manuel São Bento,10,2026-07-15,"Check out my full review @ https://www.manuelsbento.com/the-odyssey-2026-christopher-nolans-most-faithful-epic-is-also-his-most-ambitious-one/    Rating: A+ (updated after second viewing)    THE ODYSSEY is a maximalist, deeply faithful adaptation of Homer's poem that somehow ends on a quiet, contemplative note despite everything it throws at you along the way. Completely unafraid of its own scale and scope, it's ten years of war, myth, and horror (!) woven into the story so tightly that the whole thing paradoxically feels more grounded, not less. An astonishingly stacked ensemble led by a phenomenal Matt Damon, deceptively convincing practical effects, and filmmaking craft firing on every level. Ludwig Göransson's score alone is worth the ticket. Easily one of the best theatrical experiences of the year. This is Christopher Nolan at his most alive.    SECOND VIEWING:    Just rewatched THE ODYSSEY and somehow loved it even more the second time around. Knowing the whole story only made c"
802,The Odyssey,Adventure,2026,AlphaLucifer,1,2026-07-17,"The hype was massive, the crowd was packed, but the boredom in the theatre at the end credits said it all. A 172-minute film felt like it was a 6+ hour watch. This isn’t a respectful adaptation of Homer’s epic; it’s a bloated, self-important disaster that butchers the source material, erases Greek identity, and rams woke DEI nonsense down your throat while delivering some of the worst big-name acting I’ve seen in years. Right from the opener, it was clear Nolan had zero interest in Homer’s actual text. Instead of going back to the original Greek or a faithful classic translation, he based the whole thing on Emily Wilson’s modern, feminist-slanted version, that crappy, agenda-driven reinterpretation that twists the poem’s language, downplays traditional heroism, and injects contemporary gender politics. No wonder the soul is missing. **_The Odyssey_** is the foundational poem of Western civilisation, cunning, nostos, divine meddling, human endurance, told in sweeping oral poetry. Nolan"
803,The Odyssey,Adventure,2026,Brent Marchant,7,2026-07-19,"As one of the 2026 summer movie season’s most anticipated releases, writer-director Christopher Nolan’s screen adaptation of Homer’s literary epic, The Odyssey, has generated more than its share of reactions and for a variety of reasons. So I’ll come right to the point on my view of this release: I liked it, but I didn’t love it. This retelling of the diverse experiences of Greek warrior Odysseus (Matt Damon) on returning to his Grecian home of Ithaca after fighting in the Trojan War explores the many adventures and profound soul-searching of his 10-year journey, the second half of a 20-year-long absence. Waiting for him back home are his devoted wife, Penelope (Anne Hathaway), who has long been courted by a band of would-be suitors like Antinous (Robert Pattinson) who believe her husband is dead, and Telemachus (Tom Holland), the son who’s never met his father and stands to succeed him as King of Ithaca should he be officially declared deceased. This historic drama, a common reading s"
804,The Odyssey,Adventure,2026,Nick,10,2026-07-19,"Homer's epic has endured for thousands of years, and Nolan's adaptation reminds you exactly why. The dialogue is lean and purposeful, he trusts the audience completely, and every setpiece — Cyclops, Sirens, Ithaca's reckoning — builds to a stunning finish. Superb acting, cinematography, and seeing it in IMAX just adds to everything that makes it epic. The year's best film, full stop."
805,The Odyssey,Adventure,2026,CinemaSerf,7,2026-07-20,"With a production design worthy of Sir Ridley Scott, Christopher Nolan takes us into antiquity for his take on the second instalment of Homer's Trojan War stories. I have to say it's maybe not the most impressive of wooden horses that is left as a tribute for the maybe just a little too gullible Trojans, but now we know that this decade-long siege has all ended in a mighty conflagration and that Odysseus (Matt Damon) is keen on returning to Ithaca where his wife and son await him. On that island, though, strife is rife. Penelope (Anne Hathaway) is being besieged by an army of suitors like Antinous (Robert Pattinson) and the young Telemachus (Tom Holland) isn't really best equipped to step in and protect his mother from their machinations. Now flitting between the island's domestic issues and the legendary trials of the returning husband, Nolan tries to weave the two threads together in quite a compelling fashion. The snag for me throughout this epic drama is that we spent too much time"
806,The Odyssey,Adventure,2026,threestardave,9,2026-07-20,"An amazingly ambitious effort that mostly pays off. Solid acting, great production values, and an effective reuse by Nolan of plot elements and characters from Homer's epic to tell a story for the modern audience. I have no regrets having paid for theater tickets to have seen this.    A more detailed look here: https://hill-kleerup.org/blog/2026/07/19/movie-review-the-odyssey-2026.html"
807,The Odyssey,Adventure,2026,Perth Bogan,1,2026-07-21,"Laughably bad. The funniest part, albeit unintentional, was when travis scott did his black 'slam poetry' attempt. I heard several people in the audience start giggling. It was the part of the film that I'll always remember. I bet a thousand memes will live on in history thanks to this POS movie.    Acting was bad except for Pattinson. I truly don't understand why some of these people were cast, they have zero connection to Greece. Anyway, like I said several parts were laugh out loud funny, but I'm 100% sure the director didn't mean for ppl to laugh. Next time we won't be so quick to buy a ticket to a nolan movie, probably skip the next one and maybe see it at home."
808,The Odyssey,Adventure,2026,Arjun,1,2026-07-24,"Frustration on the ""bizarre"" and immersion-breaking casting choices—such as Elliot Page and Lupita Nyong'o—stating that Hollywood completely stripped away Odysseus's legendary tactical brilliance in favor of thin writing and modern ideological changes."
809,The Odyssey,Adventure,2026,IMAX-70MM,1,2026-07-25,"Super boring, mid acting, bland set-pieces, what a waste of money and talent and technology (imax). Terrible soundtrack, miscast actors (Zendaya and Tom Holland for sure), too long, bland color palate too."
810,The Odyssey,Adventure,2026,MonksFilms,6,2026-07-30,"So I went to see this one 2x because I had to confirm if I was tripping because my reaction just wasn't what most people felt when they saw The Odyssey according to the reviews here. The second viewing only confirmed my initial reaction, it's a good enough film but it not a mastepiece.    On a technical filmmaking level The Odyssey puts foot to ass and delivers some hard hitting moments like the cyclops encounter and the battle with the giant Laestrygonians. It's also immersive watching Odysseus and his crew on thier ship as they're traveling about the region, you feel like you're on the ship's deck. It's a film that excels at visual spectacle many times, combined with some inventive sound design and there are many moments that will stick with you.    So then there's that other half of the film and it's mostly were I felt the biggest disconnect from the material. Half of this film is spent with Penelope and Telemechus and how they navigate Odysseus' absence. These stretches are clunky"
811,The Odyssey,Adventure,2026,TkA,3,2026-07-30,"**The Odyssey is a three-hour insult to the audience**    This film refused to take the source material seriously. The casting was a DEI checklist, with the assembly so jarring that it was on par with the forced multiculturalism in 2008's ""10,000 BC"".  Costumes, sets, and dialog all shattered immersion and made it unbelievable. Pacing was slow, dragging viewers through poorly lit sets. Worst of all, every actor was simply playing themselves.    The film didn't succeed in convincing that it was set in the ancient Mediterranean, and poor effort was made to make it feel like bronze-age Greece. It was a massive step backwards in film, especially after Mel Gibson set the bar in 2006's Apocalypto.    This is Hollywood is failing: all hype, zero substance. Save your money."
812,The Odyssey,Adventure,2026,BubbanTexas,10,2026-08-01,Movie actually surprised me.    It was told in such a way that I was never bored.  It bounce between current and past events in such a way it felt like a memory.    The visuals were amazing.  Simple and not so CGI that you felt like you watching a cartoon or some garbage AI generation.  All the actors gave great performances.  You knew who to hate and who to love.    I recommend this one.
813,The Odyssey,Adventure,2026,ianrathbone,10,2026-08-04,"Epic pulls you in / Troy behind them, hope ahead / What men really are    #filmreviewhaiku    #moviereviewhaiku"
814,The Odyssey,Adventure,2026,arthurm99,10,2026-08-13,Incredibley Insane It was Amazing watching it in IMAX even though the sound was sometimes a problem but i loved every second of it!
815,The Odyssey,Adventure,2026,ℛ.,9,2026-08-13,"After watching this in IMAX, I’m not surprised why people are talking about this movie.     I’m not someone deeply versed in Greek mythology, but I can say that this film is an absolutely insane masterpiece. The way the storylines gradually converged kept me fully engaged, allowing me to watch this nearly three-hour film without ever feeling drowsy. Not to mention the visuals and cinematography—it felt like a real feast for the eyes. Although for the first dozen minutes or so I kept wondering, ""Where is Odysseus?"", my curiosity was ultimately satisfied once he appeared on screen.    I don't know about others, but I was thoroughly impressed by the performances of Matt Damon and Anne Hathaway.    I mean, Anne Hathaway—you are a true queen. Absolutely stunning. I loved how she conveyed all those ""suppressed"" emotions; she made me feel that same sense of stifled anguish, even though I wasn't the one playing Penelope.    And Matt Damon—his portrayal of Odysseus’s regret made it impossible n"
816,The Odyssey,Adventure,2026,karip,9,2026-08-22,"Many viewers seem to criticize this movie for not showing “how it really happened” — that is, as Homer wrote it. But why should it?    The movie is not for people who couldn’t be bothered to read the book but still want to know the story, nor is it trying to retell Homer’s story exactly. And it probably wouldn’t make a very good movie for a modern audience if it did, given how different our worldview and experiences are.    Like every work derived from Homer’s original (including translations, or even a modern reader’s reading of the original) this is **one interpretation**. And a very good one, in my opinion.    Technically, the movie is extremely well made, and I think it captures the desperation and fragmented nature of the original story, as well as the sense that much of what happens is, in some way, bogus. There were a few minor things that weren’t to my taste, as there are in all Nolan movies, but still: 9/10."
817,The Odyssey,Adventure,2026,luca1308,8,2026-08-22,"# A movie made for cinemas, with some typical Nolan choices     Great movie overall, just what you need to get people flocking to cinemas. Excellent cinematography, practical AND computer-generated effects. An immaculate immersive experience. Just the way you should put an epos on film. The approach is very different from what 300 did and a comparsion of those movies would be an innteresting topic from someone with more knowledge than me on movies. One is emphasizing legendary action at the cost of immersion, the other is emphasizing realism at the cost of memorable action scenes. I think that's intriguing, but now to the few ""bad"" things in my opinion:     Grade A acting from everyone except Tom Holand, who could've been switched out for a piece of wood that is making a concerned face. For the screentime he got, he earned no emotions. Jon Bernthal did more in his few minutes. The ""controversial"" casting choices would've stood out without the overblown controversy. As mentioned before,"
818,The Odyssey,Adventure,2026,Kingson S,9,2026-08-23,"The movie is visually spectacular and good story telling. Unlike the earlier epics like Gladiator(old movie) I was not able to feel the weight of the main character (Odysseus) and his actions. Another let down of the movie is casting of Helen. But, I guess it's a depiction of an existing work, so not much to complain. The scale is also not very grand compared to movies like 300, Gladiatory, or Bahuballi - The epic."
819,The Odyssey,Adventure,2026,SeemlessRigid,10,2026-09-13,"The movie, watching in IMAX, brought back the magic of watching movies in the theatre for me. Loved it so much that went to watch it twice. Highly recommended."
820,The Odyssey,Adventure,2026,flashgraatch,1,2026-09-18,"Homer would not recognize his great epic poem from the garbage they turned it into. Why even bother attributing any of it to him as its not what the poem was meant to portray. The only resemblance to the poem is the name, after that its just made up, woke leaning, virtue signaling. Don't waste your money and wait for it to be released on a streaming service if you absolutely must see it. It won't be in theaters long and unless they fake the earnings it will be a huge money loser. Girls playing at being boys playing at being men .... yadda yadda"
821,The Odyssey,Adventure,2026,misubisu,2,2026-09-21,"**Score: 2/10    An Epic That Lost Its Way Home**    What did I miss? That's the question I kept asking myself throughout Christopher Nolan's *The Odyssey*. I was expecting so much more. The pedigree was undeniable: Nolan behind the camera, a staggering ensemble cast, a legendary source material that has endured for nearly three millennia. And yet, what unfolded on screen was, to put it bluntly, like watching a kids' movie.    **The Tone Problem: A Myth for Children**    Homer's *Odyssey* is not a children's story. It is a brutal, bloody, morally complex epic about a man who survives a decade of war only to spend another decade fighting monsters, gods, and his own flaws to get home. It deals with temptation, infidelity, vengeance, and the sheer, grinding cost of survival. Nolan's film, however, feels sanitised. The violence is bloodless. The monsters are cartoonish. The gods are reduced to plot devices. The moral ambiguities that make Odysseus a fascinating, flawed hero are sanded down"
822,The Super Mario Galaxy Movie,Family,2026,Manuel São Bento,7,2026-03-31,"Full review: https://fandomwire.com/the-super-mario-galaxy-movie-review/    Rating: B+    ""The Super Mario Galaxy Movie is a sequel that, while losing some of the narrative cohesion of its predecessor, gains massively in spectacle, ambition, and heart. Through animation that redefines the studio's standards and a Brian Tyler score that masterfully honors Nintendo's legacy, the film offers a memorable experience anchored by inspired vocal performances. For those who grew up with these characters, it's impossible to remain indifferent to the magic emanating from every animated frame or the way this space odyssey manages to transform nostalgia into something vibrant and new. It's a visually emotional feast that reaffirms the power of pure entertainment as a tool capable of transporting us back to the happiest moments of our personal history, proving that cinema is still the place where we can all become children again."""
823,The Super Mario Galaxy Movie,Family,2026,Suhaixy,5,2026-04-01,"**A film that could have had great potential**    As a huge Nintendo fan, I have to say that I found this film strange and hollow, with a lot of wasted potential.    It isn't like the first one, which at least had a basic structure to the main plot and some character development (I ended up liking the film). But this one doesn't even have a solid plot or character development. I have felt like I was watching fragmented scenes, which had disappointed me a lot; it could have a great story and be more enjoyable    I hope the next film will be better than this one, as one of my biggest fears is watching adaptations made solely to exploit our nostalgia."
824,The Super Mario Galaxy Movie,Family,2026,Chandler Danier,8,2026-04-03,This movie is stupid trash. You should know that before going in. You should know that without me telling you. There are rules for stupid trash:  1. Keep it short.  2. Have some cool shit in there.    This stupid trash is both short AND has cool shit.    Rosalina is so hot. I want to be a star baby sucking on her teat. Fox McCloud?!!! ARE YOU FUCKING KIDDING ME?!!!!! AHHHHHHHHHHHHHHHHHHHHHHHHHHHHHH!!!!!!!!! HOLY SHIIIIIIIT!!     I watched this in Spanish because I wanted to see what 3D tech was like these days. It's good. They use it well and it makes watching this trash more fun. I love how stupidly they treat the plot. None of it matters. Don't worry about it. Enjoy the colours. The smoke. The wind. The references. It's fine. Relax.    FOX MCCLOUD!!!! AHHHHHHHHHHHH!!!!!!!!!!!!!!!!!
825,The Super Mario Galaxy Movie,Family,2026,certifiedcritic,9,2026-04-07,"It was engaging from start to finish.    My minor gripe is that they introduced a scene that was deemed controversial by fans and removed it from the games yet they decided to add it to the movie, ok lol.     Other than that, every scene had the right amount of comedy, action, suspense, and dramatic shot transitioned perfectly.    The characters seemed much more themselves here than in the previous installment"
826,The Super Mario Galaxy Movie,Family,2026,CinemaSerf,5,2026-04-15,"Now I know that I'm not really the demographic for this, but I didn't mind the last one from 2023 so had an open mind as it started. Princess 'Peach' is kidnapped by the menacing baby 'Bowser' who is none too pleased that his dad has been locked up. He is determined to use her as leverage to free him, but that is exactly what intrepid and ingenious 'Mario' and 'Luigi' intend to thwart. What now ensues is the thinnest of stories stretched across a messy collection of interstellar scenarios as they bounce from world to world trying to rescue the royal damsel in distress. I always reckoned that the amiable mushroom people belonged more in an Arabian Nights tale than a sci-fi cartoon, but even their innocent cheeriness can't really enliven this rapidly and colourfully edited together sequence of pinball-machine style scenes. There is surprisingly little effort made to characterise either the goodies or the baddies and the frenetic nature of the animation barely leaves us time to draw breat"
827,The Super Mario Galaxy Movie,Family,2026,Yohan Yukiya Sese Cuneta 사요한,10,2026-04-24,Enjoyable! Not much nostalgia for me because I barely played Super Mario Galaxy but I like the lore I didn't know before. I can't wait for the sequel!    Thank you BlastTV Philippines!
828,The Super Mario Galaxy Movie,Family,2026,datafables13,7,2026-04-27,"You know how, sometimes, you get a burger that's so thin, overcooked, and leathery that it stops being a ""burger"" and starts being ""a vehicle for condiments""? That, to me, is Super Mario Galaxy: The story/writing is simply there to deliver Nintendo-brand nostalgia. As someone with deep love and fond memories of Nintendo, I'm okay with this---but I'm not going to pretend that the story is the narrative equivalent of Wagyu beef.     Contrary to what some of the less charitable critics say, the movie does have a cogent story: Bowser Jr. aims to rescue his father from his imprisonment and bring the dreams they shared when Jr. was young to fruition. To do that, he kidnaps Princess Rosalina, the mother of the stars, to siphon her magic. The gang sets off to rescue the Princess.    A simple enough premise; certainly serviceable. It isn't winning any awards for novelty but not everything needs to be ""high art"" to be enjoyable. But it fails on even this modest ambition. The execution is riddled"
829,The Super Mario Galaxy Movie,Family,2026,CoolMovieGuy,8,2026-05-03,"The Super Mario Galaxy Movie is an amazing movie with great voice acting and nostalgia from other Mario games. I personally think nothing is wrong with this movie, unless you are someone who's only played the games on the NES or the new games. If you are, you may not get some of the references like(spoiler alert) Star Fox, Ukiki, Rosalina, Luma's, and some other stuff.  I would recomend watching if you've seen the first and if you've played Mario Galaxy."
830,The Super Mario Galaxy Movie,Family,2026,popcar2,4,2026-05-26,"**It's the thing! It's the thing from the game! Point at the screen and clap!**    I know this is a kids movie, and I feel like if you have a kid that's under 12 years old they'd probably love it... But as an adult, this was a slog. The first movie wasn't a masterpiece but it at least had some heart and some semblance of a story, this one was an incredibly superficial advertisement for anything Nintendo.    Look, it's Yoshi! Look, it's Pikmin! Look, it's Birdo! It's the bee from Mario Galaxy! It's R.O.B.! It's pilot guy! Please clap.    And everything has zero substance. To quote another review: ""This movie was like watching youtube shorts about jingling keys stitched together"". The voice acting was also so mediocre, I can't get over this Hollywood thing of hiring popular actors instead of anyone talented. Jack Black as Bowser is **abysmal**, he's not even trying anymore. It just sounds like Jack Black.     The ending... Wow. The movie just _ends._ Nothing is really resolved and everyt"
